scenario,frames,seconds,warmup_s,context,raw_frame_max_including_boundary,wall_median,wall_p95,wall_p99,wall_max,wall_mean,frame_median,frame_p95,frame_p99,frame_max,frame_mean,main_median,main_p95,main_p99,main_max,main_mean,playerloop_median,playerloop_p95,playerloop_p99,playerloop_max,playerloop_mean,behaviour_median,behaviour_p95,behaviour_p99,behaviour_max,behaviour_mean,gpu_median,gpu_p95,gpu_p99,gpu_max,gpu_mean,canvas_median,canvas_p95,canvas_p99,canvas_max,canvas_mean,gc_alloc_median,gc_alloc_p95,gc_alloc_p99,gc_alloc_max,gc_alloc_mean,gc_used_median,gc_used_p95,gc_used_p99,gc_used_max,gc_used_mean,memory_median,memory_p95,memory_p99,memory_max,memory_mean,drawcalls_median,drawcalls_p95,drawcalls_p99,drawcalls_max,drawcalls_mean,batches_median,batches_p95,batches_p99,batches_max,batches_mean,actual_seconds,sample_span_s,sampled_frames_per_s,gc_alloc_bytes_per_s,tastes_per_s,throughput_source,objects_before,objects_after,objects_delta,gameObjects_before,gameObjects_after,gameObjects_delta,mono_before,mono_after,mono_delta,allocated_before,allocated_after,allocated_delta,reserved_before,reserved_after,reserved_delta,gc0_before,gc0_after,gc0_delta,gc1_before,gc1_after,gc1_delta,gc2_before,gc2_after,gc2_delta,fps,vsync,width,height,map,CraftingMasteryLevel,CauldronEvaLevel,cards,resources,quests,histories,timeScale_start,timeScale_end,inRun_start,inRun_end,forgeAuto_start,forgeAuto_end,IsTasting_start,IsTasting_end,setup_action_ms,throughput_seconds,tasks_per_s,kills_per_s,distanceStart,distanceEnd,echoesStart,crafts_per_s,craft_observation_seconds,craft_warning
asset-catalog,173,2.0,1.0,Editor,42.06599295139313,10.60700000016368,16.225619999386254,18.146755999696325,19.42369999960647,11.411227167627658,10.731703601777554,16.873659193515785,18.578968197107315,19.385501742362976,11.471213288389878,10.691099999999999,16.148100000000003,18.1668,26.981399999999997,11.451286127167629,3.2464,6.111880000000001,8.200036,8.5377,3.6998664739884393,0.26239999999999997,2.6438600000000005,3.015776,3.0997,0.5422745664739884,0.447488,0.6633472,2.6266009599999998,2.6777599999999997,0.4674767109826589,0.0,0.0,0.0,0.0,0.0,16438.0,33345.6,38781.240000000005,183489.0,20810.352601156068,369364992.0,369434624.0,369442816.0,369442816.0,369371739.7456647,3040537363.0,3040931011.0,3040960060.6,3040965635.0,3040576828.988439,319.0,319.0,319.0,319.0,319.0,3.0,3.0,3.0,3.0,3.0,2.0290891000004194,1.9547185999999783,87.99220511842569,1831148.8146676882,99.55206008447743,not observed; save counters deliberately omitted,87251,87251,0,14220,14220,0,369324032,371073024,1748992,1727324121,1727665413,341292,3569065984,3569065984,0,1399,1399,0,1399,1399,0,1399,1399,0,-1,1,3840,2160,River,480,732,79,69,97,50,1.0,1.0,False,False,False,False,True,True,198.3899,,,,,,,,,
autosave-coalesced-burst,462,5.0,0.0,Editor,61.455193907022476,10.31645000057324,14.055484999153123,16.140460000260646,17.20729999942705,10.788214502166369,10.329450014978647,14.075184753164649,16.24241160228848,17.21159927546978,10.792002364089996,10.315249999999999,14.089439999999998,16.040087999999997,17.1857,10.784586363636363,3.07385,6.152255,7.328867999999998,7.685499999999999,3.448241558441558,0.24664999999999998,3.09278,3.665996999999999,3.7573999999999996,0.5628971861471861,0.25088,0.26111999999999996,0.26356736,0.272384,0.2346466277056277,0.0,0.0,0.0,0.0,0.0,16399.0,33309.0,35574.63,35624.0,18680.10173160173,579885056.0,581955379.2,582130810.88,582176768.0,579876305.4545455,11399764057.0,11402200782.95,11402338396.36,11402383069.0,11399790557.982683,319.0,319.0,319.0,319.0,318.7943722943723,3.0,3.0,3.0,3.0,3.0,5.040579399999842,4.972907100000157,92.70231490951952,1731688.6732648045,0.0,not observed; save counters deliberately omitted,102689,102689,0,17916,17916,0,577482752,584110080,6627328,4946897497,4947564609,667112,8946950144,8946950144,0,1699,1699,0,1699,1699,0,1699,1699,0,-1,1,3840,2160,Farmlands,480,732,79,69,97,50,1.0,1.0,False,False,False,False,False,False,3.2592000000000003,,,,,,,,,
autosave-coordinator-private-root,7272,75.0,5.0,Editor,86.14060282707214,9.78080000004411,13.21865999889269,14.811317000239796,89.74209999905725,10.310796658415853,9.768597315996885,13.24311294592917,14.906907500699162,86.14060282707214,10.310684202435633,9.803799999999999,13.20796,14.814960999999998,89.6805,10.306936234873486,2.9705999999999997,5.947935,6.695876999999999,80.6075,3.3418435231023103,0.2357,3.0316049999999994,3.443545,5.7528999999999995,0.5367561468646864,0.247808,0.264192,0.27136,0.308224,0.23197345798377114,0.0,0.0,0.0,0.0,0.0,16399.0,33309.0,34861.0,1687691.0,19414.029152915293,547848192.0,568980070.4,575053291.52,576577536.0,549704479.8239824,11366524403.5,11390788159.05,11397463347.2,11398914922.0,11368453840.735424,319.0,319.0,319.0,319.0,318.91584158415844,3.0,3.0,3.0,3.0,3.0,75.03164619999916,74.97052770000118,96.98477819304298,1882865.3112287598,0.0,not observed; save counters deliberately omitted,102689,102689,0,17916,17916,0,558264320,561909760,3645440,4945367787,4946892705,1524918,8946950144,8946950144,0,1697,1699,2,1697,1699,2,1697,1699,2,-1,1,3840,2160,Farmlands,480,732,79,69,97,50,1.0,1.0,False,False,False,False,False,False,170.3783,,,,,,,,,
collections-tooltip,1268,20.0,5.0,Editor,107.37069696187973,12.2461499995552,34.22949999976481,36.94294099917895,115.2751999998145,15.75111869085138,12.271449901163578,34.3173887580633,37.12854836136103,107.37069696187973,15.74928113935098,12.23365,34.18432499999999,36.990813999999986,115.2333,15.747413801261828,4.4296999999999995,26.271804999999997,28.068020999999995,106.0208,8.491582570977918,0.8792,3.9712799999999993,4.406060999999999,4.6922999999999995,1.3512673501577286,0.433152,1.0703359999999993,2.998272,3.211264,0.5945684629337539,0.0,0.0263,0.03323299999999999,0.2996,0.011284384858044163,17411.0,35149.0,38415.6799999999,48692.0,21757.799684542588,565551104.0,567715020.8,596855439.36,597090304.0,567023302.6624606,11372706731.0,11376877528.2,11425794116.39,11427912176.0,11374726052.888802,839.0,839.0,839.0,839.0,838.9085173501577,3.0,3.0,3.0,3.0,3.0,20.031595300000845,19.96166699999958,63.471652943615716,1381003.5103939986,99.84227267210792,live GameplayStatTracker; one-frame boundary uncertainty,101682,101682,0,17612,17612,0,596221952,569757696,-26464256,4960802945,4939743313,-21059632,8946950144,8946950144,0,1603,1604,1,1603,1604,1,1603,1604,1,-1,1,3840,2160,Farmlands,480,732,79,69,97,50,1.0,1.0,False,False,False,False,True,True,180.61610000000002,19.99222700000064,0.0,0.0,0.0,0.0,0,0.0,19.989784999999756,
cpu-alterEchoes,162,3.0,2.0,Editor,68.54619830846786,17.771900000298047,24.328264999621748,26.79716899934645,28.285299998970004,18.2020833333382,17.83084962517023,24.45595450699329,26.446029152721145,28.275199234485626,18.256592000892134,17.6526,24.102315,26.83458999999998,28.289299999999997,18.177124691358024,7.415,11.578999999999995,13.780652999999981,17.3738,7.877111728395062,2.18565,5.483229999999999,6.993778999999989,7.7212,2.719398148148148,0.591872,1.0436598499999994,1.4014259199999997,1.466368,0.5531812283950617,0.0271,0.040685,0.09494299999999858,0.1593,0.030358024691358024,115163.5,133703.0,145142.23,146681.0,120111.42592592593,496234496.0,503781171.2,504554741.76,504745984.0,496667205.5308642,5184097388.0,5670675544.8,5726705274.69,5732320272.0,5174737984.283951,343.0,343.0,343.39,344.0,342.7654320987654,3.0,3.0,3.0,3.0,3.0,3.0307006999992154,2.9232014999997773,55.07660009069244,6615328.97204505,99.6469232346428,live GameplayStatTracker; one-frame boundary uncertainty,87568,87572,4,14220,14220,0,490000384,506384384,16384000,1971379590,1984871634,13492044,3569065984,3569065984,0,1408,1408,0,1408,1408,0,1408,1408,0,-1,1,3840,2160,River,480,732,79,69,97,50,1.0,1.0,False,False,False,False,True,True,169.746,2.985226099999636,0.0,0.0,0.0,0.0,0,,,
cpu-cauldron,160,3.0,2.0,Editor,64.04399871826172,14.737499999682768,35.780434999287536,53.00123899947718,63.68599999950675,18.358024374992965,14.690600335597992,35.78055985271931,52.769292704761,64.04399871826172,18.375855014892295,14.69735,35.717375,52.93709799999997,63.5518,18.335953749999998,6.33695,26.123369999999998,39.827378999999965,47.8353,9.4615675,0.8464499999999999,3.6079349999999986,4.3384769999999975,5.218,1.348720625,0.358912,1.2597759999999998,3.7676748799999986,4.074496,0.6331968,0.0213,0.03191499999999999,0.03971499999999999,0.048799999999999996,0.012865624999999999,16872.5,35285.0,43656.42,51064.0,22506.75625,456984576.0,457367552.0,457397903.36,457420800.0,457016140.8,3844437610.0,4009994868.45,4019613132.7,4057438810.0,3842320542.84375,757.0,757.05,758.0,758.0,756.99375,3.0,3.0,3.0,3.0,3.0,3.033314700000119,2.9191126999994594,54.468606162423754,1225911.6421749194,100.22039585935084,live GameplayStatTracker; one-frame boundary uncertainty,87349,87353,4,14220,14220,0,456642560,459051008,2408448,1911769914,1963537510,51767596,3569065984,3569065984,0,1407,1407,0,1407,1407,0,1407,1407,0,-1,1,3840,2160,River,480,732,79,69,97,50,1.0,1.0,False,False,False,False,True,True,224.96040000000002,2.9880130000001373,0.0,0.0,0.0,0.0,0,,,
cpu-cleanup,142,2.0,0.0,Editor,184.0561032295227,13.50319999983185,17.558459999690964,18.561383000505884,24.31600000090839,13.828123239440636,13.457749038934708,17.567873094230887,18.49565375596285,24.34600330889225,13.838476789984066,13.4649,17.479544999999998,18.537288,24.273,13.824002112676055,5.853,9.284745,10.087435,10.2976,6.274601408450704,1.8485999999999998,4.5976599999999985,4.789339,4.8521,2.1807408450704227,0.36863999999999997,1.5193087999999992,5.999104000000001,6.342656,0.7077354295774647,0.0236,0.027594999999999998,0.029454,0.036,0.02417112676056338,114389.0,140558.69999999998,146105.92,150559.0,118708.64788732394,404666368.0,409707110.4,410153820.16,410263552.0,404671935.09859157,9705115946.0,9709510690.4,9709968569.76,9710080332.0,9705339639.28169,343.0,343.0,343.0,343.0,343.0,3.0,3.0,3.0,3.0,3.0,2.0252734999994573,1.9392774999996618,72.7074902895664,8631007.863555161,105.17098061079507,live GameplayStatTracker; one-frame boundary uncertainty,87687,87686,-1,14220,14220,0,398905344,411901952,12996608,3754788538,3754730203,-58335,6790881280,6790881280,0,1448,1448,0,1448,1448,0,1448,1448,0,-1,1,3840,2160,River,480,732,79,69,97,50,1.0,1.0,False,False,False,False,True,True,1080.3854000000001,1.986924299999373,0.0,0.0,0.0,0.0,0,0.0,1.9845980999998574,
cpu-closed,257,3.0,2.0,Editor,53.75140160322189,10.699899999963236,16.11348000005819,18.558467999610002,20.073199999387725,11.575088715958744,10.718898847699165,15.928998589515686,18.768319711089134,19.72639560699463,11.592446685069266,10.6832,16.07282,18.507123999999997,20.0307,11.554474708171206,3.1108,5.813139999999998,7.399655999999999,8.5176,3.644001167315175,0.2433,2.7875199999999998,3.235544,4.1297,0.5450389105058365,0.354304,0.38932479999999997,0.39264256,0.395264,0.3202211361867704,0.0,0.0,0.0,0.0,0.0,16479.0,34941.0,39007.84,46975.0,20086.618677042803,458620928.0,460107776.0,460248842.24,460275712.0,458612975.06614786,3382746861.0,3388705769.8,3389246161.16,3389370229.0,3382732041.151751,319.0,320.0,320.0,320.0,319.0661478599222,3.0,3.0,3.0,3.0,3.0,3.0322950999998284,2.9611154000012903,86.45390855077396,1736566.6941993267,99.26474504411429,live GameplayStatTracker; one-frame boundary uncertainty,87263,87263,0,14220,14220,0,456855552,461905920,5050368,1871391314,1881478979,10087665,3569065984,3569065984,0,1406,1406,0,1406,1406,0,1406,1406,0,-1,1,3840,2160,River,480,732,79,69,97,50,1.0,1.0,False,False,False,False,True,True,145.3737,2.9977812000015547,0.0,0.0,0.0,0.0,0,,,
death-return,458,5.0,0.0,Editor,82.19669759273529,10.218250000434637,14.145629999711671,15.80165500039584,22.673800000120536,10.750904366813497,10.20939601585269,14.150772476568818,16.140526812523607,22.690406069159508,10.77387882518586,10.2235,14.136325,15.814695,22.4119,10.747003056768559,3.2361999999999997,6.54061,7.685843000000001,10.270999999999999,3.665291703056768,0.42474999999999996,3.3079349999999996,3.53601,4.136699999999999,0.7398936681222708,0.37273599999999996,0.7762431999999998,1.38681344,5.864447999999999,0.39742379039301307,0.0,0.0,0.0,0.0,0.0,16438.0,33552.39999999997,43539.31,49731.0,19891.945414847163,527804416.0,528760832.0,528842752.0,528863232.0,527814512.90829694,11369102044.0,11370442074.65,11370559422.4,11370584552.0,11369164849.921398,486.0,486.0,486.0,486.0,486.0,3.0,3.0,3.0,3.0,3.0,5.028699799999231,4.912947500000882,93.0195162883214,1850339.140522776,99.23042135067922,live GameplayStatTracker; one-frame boundary uncertainty,102810,104121,1311,17942,18203,261,525766656,530829312,5062656,4959766408,4957867324,-1899084,8946950144,8946950144,0,1661,1661,0,1661,1661,0,1661,1661,0,-1,1,3840,2160,Farmlands,480,741,79,69,97,50,1.0,1.0,True,False,False,False,True,True,4.423900000000001,4.991596699999718,0.0,0.0,0.0,0.0,0,0.0,4.989220100000239,
equipment-events-closed,1079,15.0,5.0,Editor,92.54200011491776,11.684499999319087,27.104660000259162,30.516337999943065,109.81720000017958,13.86499128822903,12.103996239602566,25.603993609547615,28.928287997841842,92.54200011491776,13.880196389111244,11.663699999999999,25.577879999999997,28.059344,100.00479999999999,13.869504170528266,3.5568999999999997,7.0265699999999995,7.946986000000001,87.28739999999999,4.083896848934198,0.2535,3.2888099999999993,3.6651580000000004,4.9418999999999995,0.6648183503243744,0.28159999999999996,0.323584,0.3365478400000001,0.354304,0.24137643373493975,0.0,0.0,0.0,0.0,0.0,20664.0,166784.19999999995,177626.38,277564.0,55327.51621872104,529412096.0,551470284.8,553261465.6,553893888.0,534205437.15291935,11346630186.0,11381929900.8,11383583385.44,11384230064.0,11357059503.82113,319.0,319.0,319.0,319.0,318.7924003707136,3.0,3.0,3.0,3.0,3.0,15.034013300000879,14.945573999999397,72.12837727075879,3990683.963277937,100.30588439082409,not observed; save counters deliberately omitted,102686,102686,0,17916,17916,0,540688384,532496384,-8192000,4956744296,4944664910,-12079386,8946950144,8946950144,0,1696,1697,1,1696,1697,1,1696,1697,1,-1,1,3840,2160,Farmlands,480,732,79,69,97,50,1.0,1.0,False,False,False,False,True,True,431.7907,,,,,,,,,
equipment-events-forge,675,15.0,5.0,Editor,96.99780493974686,12.440799999239971,64.37874999974154,67.1131540006536,145.09309999994002,22.090137925923855,12.388399802148342,66.77280589938164,69.51277017593384,96.99780493974686,22.112538792468882,12.478399999999999,64.30104999999998,67.02701599999999,145.0073,22.09871674074074,3.7033,55.372449999999986,57.49340999999999,136.1157,11.757935111111111,0.36,3.622799999999999,4.05035,4.4033999999999995,0.8393961481481481,0.384,0.4600831999999999,3.06051072,3.3607679999999998,0.3793062874074074,0.0,0.03763,0.05480199999999997,0.0896,0.007252592592592593,19983.0,355130.8,367003.89999999997,380320.0,107538.55555555556,502370304.0,516408524.8,518541885.44,519348224.0,505067256.03555554,11327543359.0,11351619547.0,11354742511.68,11355785403.0,11331276263.826666,384.0,384.0,384.0,384.0,384.0,3.0,3.0,3.0,3.0,3.0,15.033357899999828,14.89741629999844,45.24274454222445,4865339.397439812,3226.1588078070404,not observed; save counters deliberately omitted,102689,102689,0,17916,17916,0,500379648,504815616,4435968,4949917492,4952113628,2196136,8946950144,8946950144,0,1693,1694,1,1693,1694,1,1693,1694,1,-1,1,3840,2160,Farmlands,480,737,79,69,97,50,1.0,1.0,False,False,False,False,True,True,342.06170000000003,,,,,,,,,
equipment-events-inventory,1027,15.0,5.0,Editor,97.02010452747345,12.25720000002184,26.339069999630738,28.864280000088915,103.70469999907073,14.57346932813943,12.708999216556549,24.754326976835728,27.42730386555195,97.02010452747345,14.5795291195376,12.2159,28.1698,31.099833999999998,103.76849999999999,14.578606913339824,3.7304,7.547329999999996,8.651756,94.4821,4.323653359298929,0.4537,3.58655,4.026274,4.247599999999999,0.8933368062317429,0.333824,0.37785599999999997,0.39397376,1.9845119999999998,0.2871507380720545,0.0,0.0,0.0,0.0,0.0,22492.0,178836.9,188230.2,199719.0,60233.53261927945,524730368.0,547854336.0,550266634.24,551018496.0,527148136.6932814,11344484125.0,11368828393.8,11371404575.24,11372146277.0,11346801674.148005,335.0,335.0,335.0,335.0,335.0,3.0,3.0,3.0,3.0,3.0,15.04044950000025,14.946015199999238,68.64705985312074,4134854.9188805767,100.12998614170242,not observed; save counters deliberately omitted,102706,102706,0,17916,17916,0,512946176,515026944,2080768,4945446226,4944323707,-1122519,8946950144,8946950144,0,1695,1696,1,1695,1696,1,1695,1696,1,-1,1,3840,2160,Farmlands,480,732,79,69,97,50,1.0,1.0,False,False,False,False,True,True,367.3324,,,,,,,,,
event-cleanup,161,2.0,1.0,Editor,60.62530353665352,12.057199999617296,16.943000000537722,19.120280000424835,42.72630000014033,12.178690683223909,12.005803175270557,17.32969842851162,20.659841969609275,39.4056960940361,12.241296892441948,12.0648,17.0262,19.112060000000007,42.6956,12.174888819875775,3.6679999999999997,6.7055,8.491880000000013,32.4417,4.051218633540373,0.2698,3.0431,3.2348600000000003,3.3857999999999997,0.5847012422360248,0.23347199999999999,0.384,0.3864576,0.392192,0.27223771428571425,0.0,0.0,0.0,0.0,0.0,16399.0,34861.0,34876.6,37763.0,18944.416149068322,398061568.0,398061568.0,416538624.0,416555008.0,398405988.17391306,3070182131.0,3070288883.0,3091277904.4,3091297106.0,3070582504.1801243,319.0,319.0,319.0,319.0,319.0,3.0,3.0,3.0,3.0,3.0,2.038812800001324,1.942094799998813,82.38526770170941,1560740.7958935807,0.0,live GameplayStatTracker; one-frame boundary uncertainty,87251,87251,0,14220,14220,0,416219136,399691776,-16527360,1731068987,1728572641,-2496346,3569065984,3569065984,0,1402,1403,1,1402,1403,1,1402,1403,1,-1,1,3840,2160,River,480,732,79,69,97,50,1.0,1.0,False,False,False,False,False,False,148.4813,1.9993645000013203,0.0,0.0,0.0,0.0,0,,,
event-taste-100-closed,2072,20.0,5.0,Editor,170.85109651088715,9.279150000111258,12.586304998603731,14.198352999756024,170.4373000011401,9.64512881274076,9.28640179336071,12.535307463258503,14.199944110587237,170.85109651088715,9.644494066779002,9.28005,12.527064999999997,14.219364999999998,174.4546,9.641663706563707,2.8221499999999997,5.308539999999996,6.092345999999999,29.6774,3.176086631274131,0.22114999999999999,2.572349999999999,2.9590629999999996,3.3401,0.45948079150579146,0.463872,1.224704,1.36704,1.7305599999999999,0.49260577075289574,0.0,0.0,0.0,0.0,0.0,16399.0,35568.0,43304.12999999999,17322163.0,28712.820463320462,378669056.0,380882944.0,381052067.84,391938048.0,378421050.3166023,3051754768.0,3053957805.2,3054270697.04,3066190914.0,3050852419.334942,319.0,319.0,319.0,319.0,319.0,3.0,3.0,3.0,3.0,3.0,20.026520600000367,19.976090000000113,103.673942197897,2976771.28905288,99.96744017530251,live GameplayStatTracker; one-frame boundary uncertainty,87251,87251,0,14220,14220,0,375308288,382709760,7401472,1727546270,1729603644,2057374,3569065984,3569065984,0,1400,1401,1,1400,1401,1,1400,1401,1,-1,1,3840,2160,River,480,732,79,69,97,50,1.0,1.0,False,False,False,False,True,True,141.0769,7.671239799999967,0.0,0.0,0.0,0.0,0,,,
event-taste-100-open,1174,20.0,5.0,Editor,81.41399919986725,13.627450000058161,35.048885000196606,38.61203899901738,62.45570000100997,16.97983253833111,13.655700720846653,35.22264566272497,39.00865815579891,46.507298946380615,17.004209200913497,13.63375,35.023935,38.729347999999995,62.5074,16.97560178875639,4.68355,26.255354999999987,28.842908999999995,54.0554,8.817978364565587,0.8625999999999999,3.6777049999999996,4.138958,4.7543,1.3005280238500851,0.496128,1.2217855999999991,2.035271679999991,3.761152,0.5820584991482112,0.0,0.02666999999999998,0.03328099999999999,0.3533,0.011467461669505963,17377.0,39331.0,44878.41999999999,57647.0,23566.279386712096,389126144.0,392555315.2,392906915.84,403550208.0,389790843.8568995,3065560469.5,3071985482.35,3074313870.28,3080033289.0,3066248186.028109,757.0,757.0,757.0,757.0,756.7717206132879,3.0,3.0,3.0,3.0,3.0,20.02845239999988,19.911441500000365,58.91085283805186,1388309.6168910114,99.80801112721082,live GameplayStatTracker; one-frame boundary uncertainty,87341,87341,0,14220,14220,0,403423232,394588160,-8835072,1732811200,1733269243,458043,3569065984,3569065984,0,1401,1402,1,1401,1402,1,1401,1402,1,-1,1,3840,2160,River,480,732,79,69,97,50,1.0,1.0,False,False,False,False,True,True,171.0963,19.991632900000695,0.0,0.0,0.0,0.0,0,,,
final-retained-town,1971,20.0,5.0,Editor,48.22099581360817,9.800899999390822,13.257999999950698,14.635239999552141,17.7877999994962,10.139732876712584,9.778904728591442,13.389300089329481,14.859749749302864,17.793303355574608,10.139278223136094,9.8255,13.22285,14.641299999999998,17.7694,10.135667021816337,2.9672,5.8881,6.580209999999999,7.8129,3.281617757483511,0.23429999999999998,2.99465,3.4315299999999995,3.5389999999999997,0.533455098934551,0.41881599999999997,0.9855999999999999,1.634304,2.092032,0.446416202435312,0.0,0.0,0.0,0.0,0.0,16399.0,33309.0,34001.0,48979.0,18554.018772196854,506707968.0,512139264.0,512745062.4,512892928.0,507214209.49365807,11346642345.0,11353350153.0,11354064808.2,11354248649.0,11347144731.701674,319.0,319.0,319.0,319.0,318.8787417554541,3.0,3.0,3.0,3.0,3.0,20.036844599999313,19.973138900000777,98.63246883042122,1830028.6782277564,0.0,live GameplayStatTracker; one-frame boundary uncertainty,102686,102686,0,17916,17916,0,503562240,514826240,11264000,4954675566,4957504573,2829007,8946950144,8946950144,0,1664,1664,0,1664,1664,0,1664,1664,0,-1,1,3840,2160,Farmlands,480,732,79,69,97,50,1.0,1.0,False,False,False,False,False,False,519.0260000000001,19.998412899998584,0.0,0.0,0.0,0.0,0,0.0,19.995896400001584,
forced-death-transition,346,8.0,0.0,Editor,67.86439567804337,22.449049999522686,26.380575000075623,26.70587499960675,27.121799999804352,22.986685260117167,22.438797168433666,26.33157279342413,26.844602916389707,27.066100388765335,22.994501150153965,22.398049999999998,26.327149999999996,26.663605,27.1981,22.982307514450866,3.88365,5.445175,5.86632,6.0424,4.108585838150288,0.6995,0.96295,1.07564,1.5008,0.7183566473988439,0.587776,1.618688,2.3515648000000007,2.438144,0.6990546098265896,0.008199999999999999,0.031549999999999995,0.048775,0.1803,0.011178034682080925,22499.5,45938.75,63827.0,80737.0,26476.36416184971,517632000.0,518025216.0,518089318.4,518098944.0,517709516.2080925,11361299442.0,11363427065.0,11364359833.4,11364736821.0,11361463027.641619,105.0,105.0,105.0,105.0,105.0,7.0,7.0,7.0,7.0,7.0,8.036758799999006,7.926650600000357,43.52405794194895,1152358.8078724875,99.54261660809068,live GameplayStatTracker; one-frame boundary uncertainty,102813,102813,0,17942,17942,0,517591040,520040448,2449408,4959307311,4960165391,858080,8946950144,8946950144,0,1661,1661,0,1661,1661,0,1661,1661,0,-1,1,3840,2160,Farmlands,480,741,79,69,97,50,1.0,1.0,True,True,False,False,True,True,0.2054,7.984330499999487,0.0,0.0,4647.982,4647.982,0,0.0,7.981700100001035,
forge-auto-config-100-r1,1561,20.0,5.0,Editor,43.50090026855469,10.797499999171123,23.555499999929452,26.52936000049522,59.05640000128187,12.779191672005354,10.821102187037468,23.898504674434662,26.84336379170418,43.11079904437065,12.785896983458246,10.777099999999999,23.9102,26.576960000000003,51.2693,12.775287059577193,3.4354999999999998,8.8581,9.9807,43.1856,4.334794939141576,0.3374,2.896,3.21516,4.1154,0.6617970531710442,0.44339199999999995,0.920576,1.551974400000003,3.4068479999999997,0.4374841268417681,0.0,0.026099999999999998,0.034440000000000005,0.36419999999999997,0.00851454196028187,17883.0,160041.0,165129.0,177151.0,43393.35938500961,390721536.0,399904768.0,401394892.8,401805312.0,390120192.8199872,5625104264.0,5633832261.0,5635304724.6,5638583649.0,5623765359.648943,394.0,398.0,398.0,398.0,394.72517616912234,3.0,3.0,3.0,3.0,3.0,20.023641800000405,19.9328600000008,78.2627279778184,3396082.68159272,100.23151732568246,live GameplayStatTracker; one-frame boundary uncertainty,87292,87292,0,14220,14220,0,387837952,399888384,12050432,1986751219,1988128793,1377574,4106002432,4106002432,0,1425,1426,1,1425,1426,1,1425,1426,1,-1,1,3840,2160,River,480,732,79,69,97,50,1.0,1.0,False,False,True,True,True,True,348.86170000000004,19.99107550000008,0.0,0.0,0.0,0.0,0,94.5521615909853,19.988966599999912,
forge-auto-config-100-r2,1590,20.0,5.0,Editor,53.66140231490135,10.650250000253436,23.93892499940193,26.24848500037842,55.40360000122746,12.56911962264099,10.650602634996176,24.25670577213168,26.56480269506573,40.925100445747375,12.56551025786771,10.658,23.484009999999998,25.968808999999993,48.0395,12.564880754716981,3.3638999999999997,8.908034999999998,9.852285999999998,40.137299999999996,4.268968679245283,0.33349999999999996,2.8439049999999995,3.1615949999999993,3.5033,0.6509277987421384,0.543744,1.1393535999999997,1.6502169599999985,3.536896,0.5084404547169811,0.0,0.0254,0.03042199999999998,0.2827,0.007869622641509434,17215.0,157943.0,165129.0,179985.0,43006.395597484276,406286336.0,417933516.8,419467714.56,419889152.0,405652568.8754717,5640230154.0,5652599137.8,5654065228.24,5655674165.0,5639377654.922012,394.0,398.0,398.0,398.0,394.5622641509434,3.0,3.0,3.0,3.0,3.0,20.04113470000084,19.96059190000051,79.60685775054394,3423604.01669255,100.2937223908742,live GameplayStatTracker; one-frame boundary uncertainty,87292,87292,0,14220,14220,0,410652672,419741696,9089024,1986864185,1988710940,1846755,4106002432,4106002432,0,1427,1428,1,1427,1428,1,1427,1428,1,-1,1,3840,2160,River,480,732,79,69,97,50,1.0,1.0,False,False,True,True,True,True,381.43690000000004,19.99840960000074,0.0,0.0,0.0,0.0,0,94.51858377134862,19.996067699999912,
forge-auto-config-100-r3,1572,20.0,5.0,Editor,58.06630477309227,10.601700000734127,23.729860000366898,26.253815000691244,49.63000000134343,12.71029338422476,10.60079736635089,23.80502726882696,26.477966476231796,50.33930018544197,12.711202672448094,10.5916,24.567045,28.203656999999993,49.627199999999995,12.70617385496183,3.4335999999999998,8.483699999999997,9.694659999999997,41.533,4.298590776081425,0.3458,2.88489,3.2590039999999996,3.727,0.6576842875318066,0.44851199999999997,0.8270847999999988,1.5365939199999998,3.154944,0.43890904770992367,0.0,0.025699999999999997,0.03258699999999999,0.30169999999999997,0.005083524173027989,19418.0,160058.0,178503.0,199159.0,43189.583333333336,421939200.0,433467392.0,434827509.76,435408896.0,421056256.6513995,5655796954.0,5667731551.95,5669939872.08,5672614641.0,5654687320.675572,394.0,394.0,394.0,394.0,393.647582697201,3.0,3.0,3.0,3.0,3.0,20.034768299999996,19.955678000000262,78.72446127863856,3400076.6807655334,100.02611310458731,live GameplayStatTracker; one-frame boundary uncertainty,87292,87292,0,14220,14220,0,426274816,437039104,10764288,1986951813,1988875048,1923235,4106002432,4106002432,0,1429,1430,1,1429,1430,1,1429,1430,1,-1,1,3840,2160,River,480,732,79,69,97,50,1.0,1.0,False,False,True,True,True,True,392.15810000000005,19.99896770000123,0.0,0.0,0.0,0.0,0,94.01627139609744,19.99653859999853,
forge-auto-config-1000-r1,1447,20.0,5.0,Editor,46.647995710372925,11.120799999844166,26.643619999049406,29.65641399998276,63.57600000046659,13.796468624741433,11.082900688052177,26.852721720933914,29.91889216005802,46.647995710372925,13.796637657290916,11.0969,27.61407,31.453068,55.8668,13.792253006219765,3.481,10.68005,11.726819999999998,48.0034,4.811148583275743,0.3563,2.98665,3.412345999999999,3.7014,0.700119004837595,0.5591039999999999,1.3713408000000002,1.6239206399999995,2.7985919999999997,0.5407929965445749,0.0,0.027170000000000003,0.03411599999999999,0.3656,0.005436834830684174,17159.0,178520.0,188084.1,196299.0,46523.10297166552,438726656.0,454166118.4,455768227.84,456257536.0,438447397.68348306,5672732005.0,5688314473.0,5689981869.46,5692844228.0,5672038227.780235,394.0,394.0,394.0,394.0,394.0,3.0,3.0,3.0,3.0,3.0,20.022452400000475,19.94500980000157,72.49933765386699,3372894.151048401,99.63814422652605,live GameplayStatTracker; one-frame boundary uncertainty,87292,87292,0,14220,14220,0,442712064,447623168,4911104,1987011383,1988327766,1316383,4106002432,4106002432,0,1431,1432,1,1431,1432,1,1431,1432,1,-1,1,3840,2160,River,480,732,79,69,97,50,1.0,1.0,False,False,True,True,True,True,421.8648,19.97779460000129,0.0,0.0,0.0,0.0,0,916.1064091935638,19.975845400000253,
forge-auto-config-1000-r2,1502,20.0,5.0,Editor,100.25439411401749,10.783000000628817,26.353890000154934,29.233900999352045,100.14500000033877,13.296534154461126,10.772299952805042,26.413485687226057,29.77282997220755,100.25439411401749,13.29496537909388,10.80655,26.190545,29.757112000000003,110.9583,13.292236218375498,3.4240999999999997,10.6349,11.821150999999999,52.825399999999995,4.669189880159787,0.34454999999999997,2.9578249999999997,3.290974,3.6921,0.6727163115845539,0.44851199999999997,0.9817088000000003,1.53394176,3.32288,0.44578836085219703,0.0,0.0269,0.035195,0.2337,0.005152463382157124,17159.0,176405.0,184366.65,10145249.0,52433.569906790945,455127040.0,474762649.6,477273948.16,478191616.0,456306420.7509987,5688781557.0,5709191412.4,5712082699.84,5714993299.0,5690062501.589214,394.0,394.0,394.0,394.0,393.7416777629827,3.0,3.0,3.0,3.0,3.0,20.03633869999976,19.962404500000048,75.19134280642376,3942550.5294261025,99.71881739052574,live GameplayStatTracker; one-frame boundary uncertainty,87292,87292,0,14220,14220,0,452128768,462704640,10575872,1987334515,1988298051,963536,4106002432,4106002432,0,1433,1434,1,1433,1434,1,1433,1434,1,-1,1,3840,2160,River,480,732,79,69,97,50,1.0,1.0,False,False,True,True,True,True,287.3035,19.997344299999895,0.0,0.0,0.0,0.0,0,930.2167544570007,19.99533970000084,
forge-auto-config-1000-r3,1443,20.0,5.0,Editor,139.0324980020523,10.501500000827946,27.152629999727647,32.63896199943701,139.45869999952265,13.849516216216665,10.518006049096584,27.29605585336685,32.78828106820583,139.0324980020523,13.841946031033414,10.496599999999999,28.940959999999993,33.611079999999966,146.506,13.840867567567567,3.4547,11.003989999999998,12.92089599999999,56.7266,4.921092792792793,0.3389,3.0880499999999995,3.482197999999998,4.085999999999999,0.7014810810810811,0.45055999999999996,0.838656,1.4585036799999995,3.422208,0.43228410256410255,0.0,0.026699999999999998,0.042499999999999996,0.3507,0.005875814275814276,17159.0,185062.3,192510.63999999998,15663836.0,57517.36867636868,383078400.0,396087296.0,397982023.68,398381056.0,384139774.9355509,5616531179.0,5630633955.4,5632643663.88,5635668640.0,5617725611.0997925,394.0,394.0,394.0,394.0,393.9057519057519,3.0,3.0,3.0,3.0,3.0,20.039998100000957,19.9552005000005,72.26186477053757,4156312.317248907,99.80040866370663,live GameplayStatTracker; one-frame boundary uncertainty,87292,87292,0,14220,14220,0,377036800,377827328,790528,1986713656,1986342314,-371342,4106002432,4106002432,0,1435,1437,2,1435,1437,2,1435,1437,2,-1,1,3840,2160,River,480,732,79,69,97,50,1.0,1.0,False,False,True,True,True,True,323.2137,19.99038180000025,0.0,0.0,0.0,0.0,0,915.5555407910396,19.987864400000035,
forge-auto-config-20-r1,1594,20.0,5.0,Editor,60.98190322518349,10.534099998949387,24.615494998943166,26.493798999563293,53.7834999995539,12.535151380176682,10.535700246691704,24.76679794490337,26.901599690318108,60.98190322518349,12.535043550980099,10.53565,24.19904499999999,26.46790199999999,63.3084,12.530879171894604,3.3085999999999998,9.0697,9.939154999999998,39.5984,4.2218955457967375,0.33404999999999996,2.8400899999999996,3.2033899999999993,3.8329,0.6485959849435382,0.54272,1.1061247999999988,1.6928870399999998,4.435968,0.5207592195734002,0.0,0.0246,0.028934999999999968,0.3317,0.005080112923462986,17159.0,158004.95,168675.0,2771474.0,44453.83375156838,432082944.0,448079462.4,450651545.6,451309568.0,432562109.18946046,5663553290.0,5680531814.8,5683462041.01,5685045525.0,5663847432.417817,394.0,394.0,394.0,394.0,393.8469259723965,3.0,3.0,3.0,3.0,3.0,20.02836060000118,19.958297200000743,79.8164284275685,3548146.2399630863,99.9083269950653,live GameplayStatTracker; one-frame boundary uncertainty,87285,87285,0,14220,14220,0,439607296,452939776,13332480,1984537109,1986583892,2046783,4106002432,4106002432,0,1419,1420,1,1419,1420,1,1419,1420,1,-1,1,3840,2160,River,480,732,79,69,97,50,1.0,1.0,False,False,True,True,True,True,362.2668,19.9960947999989,0.0,0.0,0.0,0.0,0,,,
forge-auto-config-20-r2,1584,20.0,5.0,Editor,50.81470310688019,10.527600000386883,23.555670000405364,27.69479600015984,44.853200000943616,12.601163068181606,10.53354935720563,23.702029883861538,28.196300920099027,50.81470310688019,12.603710290289136,10.489449999999998,23.260904999999998,27.475103,44.8047,12.597359848484848,3.30535,8.917919999999997,10.366768000000004,36.547,4.274573042929292,0.33635,2.850735,3.3025710000000004,3.5688,0.655997159090909,0.566272,1.1329535999999996,1.787904,2.069503,0.5411206407828283,0.020499999999999997,0.02598499999999999,0.036521000000000095,0.3619,0.014122411616161616,17803.0,160041.0,165129.0,209246.0,43133.89646464647,450992128.0,465788108.8,467429826.56,467996672.0,450321537.2929293,5683901631.0,5698372138.1,5699454523.72,5702737453.0,5682723003.383839,398.0,398.0,398.0,398.0,396.04040404040404,3.0,3.0,3.0,3.0,3.0,20.029760900000838,19.949952299999495,79.348560647939,3422612.5996069214,100.25082226517821,live GameplayStatTracker; one-frame boundary uncertainty,87285,87292,7,14220,14220,0,454270976,459141120,4870144,1984753485,1986219163,1465678,4106002432,4106002432,0,1421,1422,1,1421,1422,1,1421,1422,1,-1,1,3840,2160,River,480,732,79,69,97,50,1.0,1.0,False,False,True,True,True,True,399.1986,19.99566550000054,0.0,0.0,0.0,0.0,0,,,
forge-auto-config-20-r3,1489,20.0,5.0,Editor,73.38500022888184,10.888099999647238,25.717900001109225,30.105291999425383,73.33199999993667,13.415046541303132,10.88730152696371,25.898779928684235,30.314557403326024,73.38500022888184,13.421346546670508,10.869399999999999,26.498759999999997,31.154219999999984,87.6832,13.416391336467427,3.4680999999999997,9.298659999999996,11.384939999999999,39.8465,4.54022518468771,0.34359999999999996,3.0798799999999997,3.3957999999999946,4.186599999999999,0.6972005372733378,0.48128,0.8941567999999998,1.6914841599999992,3.666944,0.46025394291470784,0.0,0.0258,0.040799999999999996,0.18539999999999998,0.0051836131631967765,17159.0,167961.2,178925.83999999988,4486080.0,47475.02484889187,474226688.0,496630169.59999996,499300761.6,500314112.0,443859926.04969776,5705931219.0,5729724283.4,5733427939.4,5735435044.0,5676210688.505709,394.0,394.0,394.0,394.0,393.8865010073875,3.0,3.0,3.0,3.0,3.0,20.03179949999867,19.958243000000948,74.55566103689235,3539531.860352024,99.79133427329546,live GameplayStatTracker; one-frame boundary uncertainty,87292,87292,0,14220,14220,0,463765504,373202944,-90562560,1984926987,1986995691,2068704,4106002432,4106002432,0,1423,1424,1,1423,1424,1,1423,1424,1,-1,1,3840,2160,River,480,732,79,69,97,50,1.0,1.0,False,False,True,True,True,True,291.7167,19.99735160000091,0.0,0.0,0.0,0.0,0,18.76314618582299,17.054709100000764,partial capture; exclude rate comparison
forge-behind-cauldron,1369,30.0,5.0,Editor,124.25659596920013,17.75889999953506,41.52132000017442,46.62919999907898,123.65799999861338,21.865552227903084,17.720095813274384,41.6393019258976,46.656484752893434,124.25659596920013,21.860907818928872,18.197,48.51072,54.217667999999996,131.7128,21.867855880204527,8.8207,29.755819999999996,31.56926799999999,73.0576,11.620602775748722,1.0395999999999999,3.9163599999999996,4.227759999999998,5.6875,1.5741658144631117,0.731136,1.1239423999999998,1.5541043199999984,3.4273279999999997,0.7149434565376187,0.0218,0.0259,0.031327999999999974,0.27249999999999996,0.016700511322132943,35829.0,185465.0,192821.08,11100356.0,76911.47479912345,410415104.0,426330521.6,428841861.12,429703168.0,411022837.9021183,5648041066.0,5664623953.0,5668007218.16,5670186062.0,5648709595.417823,833.0,833.0,833.0,833.0,832.9145361577794,3.0,3.0,3.0,3.0,3.0,30.033861800000523,29.91169439999976,45.73462077093202,3517517.1328710057,100.22021210738698,live GameplayStatTracker; one-frame boundary uncertainty,87382,87382,0,14220,14220,0,396177408,431333376,35155968,1990261019,1993004038,2743019,4106002432,4106002432,0,1440,1441,1,1440,1441,1,1440,1441,1,-1,1,3840,2160,River,480,732,79,69,97,50,1.0,1.0,False,False,True,True,True,True,301.3446,29.96943189999911,0.0,0.0,0.0,0.0,0,917.672585707117,29.96711510000023,
forge-close-stops-auto,1303,15.0,5.0,Editor,256.49189949035645,9.501000000454951,20.07066999922244,22.975996000423038,256.0083999997005,11.472487260168725,9.46780014783144,20.143838413059697,23.24409071356058,256.49189949035645,11.475807751999941,9.503499999999999,23.909439999999996,26.947972,263.4354,11.469007290867228,2.9926999999999997,6.277959999999999,7.063806,40.4006,3.6804256331542593,0.2098,2.6396899999999994,3.0169799999999998,4.9348,0.48801404451266306,0.42803199999999997,0.7218175999999984,1.4917427200000002,2.9655039999999997,0.42070601381427475,0.0,0.0,0.0,0.0,0.0,16479.0,175001.0,182911.0,10273276.0,48470.13584036838,393318400.0,407683481.6,409132974.08,409690112.0,393931401.13584036,5627223569.0,5642759188.2,5644309806.76,5644896329.0,5627881355.805065,319.0,319.0,319.0,319.0,319.0,3.0,3.0,3.0,3.0,3.0,15.033599700000195,14.935106400000222,87.17714927025767,4225488.267305461,99.64346729279885,live GameplayStatTracker; one-frame boundary uncertainty,87288,87288,0,14220,14220,0,404520960,385617920,-18903040,1986872967,1987448259,575292,4106002432,4106002432,0,1437,1439,2,1437,1439,2,1437,1439,2,-1,1,3840,2160,River,480,732,79,69,97,50,1.0,1.0,False,False,True,True,True,True,288.8589,14.984356400000252,0.0,0.0,0.0,0.0,0,927.7619205393362,14.982291999998779,
forge-manual-developed-Dlog,1576,20.0,5.0,Editor,55.854301899671555,10.696399998778361,24.833249999574036,28.347200000098383,57.66310000035446,12.66029168781698,10.927250143140554,22.963872645050287,26.641099248081446,47.64910042285919,12.660385796748253,10.68475,21.578699999999998,24.225724999999997,50.053999999999995,12.656794923857868,3.4048,7.138475,8.572624999999999,42.1089,4.164761675126903,0.33555,2.87965,3.269825,3.5429,0.6563954314720812,0.560128,1.111296,1.6783359999999998,1.93024,0.5408454695431472,0.0,0.0248,0.029375,0.1634,0.004648667512690355,19981.0,193277.0,202395.25,432404.0,59117.799492385784,397576192.0,416664576.0,419625984.0,420421632.0,399589667.0862944,5625999110.5,5646177529.0,5649133881.0,5652481164.0,5628158890.875634,394.0,394.0,395.0,395.0,394.0431472081218,3.0,3.0,3.0,3.0,3.0,20.028418500000043,19.934476300000824,79.00884760137566,4670829.210622592,99.90803817086186,live GameplayStatTracker; one-frame boundary uncertainty,87285,87285,0,14220,14220,0,408686592,408010752,-675840,1982679411,1982868258,188847,4106002432,4106002432,0,1414,1416,2,1414,1416,2,1414,1416,2,-1,1,3840,2160,River,480,732,79,69,97,50,1.0,1.0,False,False,False,False,True,True,338.0632,19.97597510000014,0.0,0.0,0.0,0.0,0,,,
forge-manual-developed-Eznorb,1585,20.0,5.0,Editor,54.338399320840836,10.642000001098495,24.48274000053061,27.551347999979047,46.67690000133007,12.594069337539295,10.8387041836977,22.76015616953373,25.8048775792122,54.338399320840836,12.601715573682583,10.651299999999999,21.121139999999993,23.872112,55.4246,12.594482523659305,3.3649,7.2438199999999995,7.869224000000001,35.96,4.121975078864353,0.33649999999999997,2.82734,3.143032,3.7213,0.6477006940063091,0.574464,1.2316671999999997,1.7922867200000006,2.24768,0.5686643438485804,0.0,0.024999999999999998,0.02786400000000003,0.26839999999999997,0.004620567823343849,18694.0,194771.0,209885.64,313865.0,58678.38738170347,388993024.0,403464192.0,406713794.56,407719936.0,390309935.8082019,5617637394.0,5632942417.2,5636255415.76,5638749316.0,5618789466.788644,394.0,394.0,394.0,394.0,393.97602523659305,3.0,3.0,3.0,3.0,3.0,20.02444370000012,19.94826920000014,79.40538520504771,4659379.953255175,100.2774424140426,live GameplayStatTracker; one-frame boundary uncertainty,87285,87285,0,14220,14220,0,385503232,384131072,-1372160,1982027283,1981639676,-387607,4106002432,4106002432,0,1412,1414,2,1412,1414,2,1412,1414,2,-1,1,3840,2160,River,480,732,79,69,97,50,1.0,1.0,False,False,False,False,True,True,255.32000000000002,19.992886800000633,0.0,0.0,0.0,0.0,0,,,
forge-manual-developed-Vastium,1607,20.0,5.0,Editor,46.17089778184891,10.39140000102634,25.29746000072919,28.629805999771637,48.35060000004887,12.42572545115101,10.73150523006916,23.55692032724619,26.788655482232578,46.17089778184891,12.434371245193905,10.3729,22.333249999999992,24.062718,48.311699999999995,12.426065650280025,3.296,7.359729999999999,8.759228,39.9858,4.031142252644679,0.3201,2.7151699999999996,3.056674,3.2958,0.6242009334163037,0.550912,1.1443199999999991,1.6604364800000004,2.101248,0.5267342433105164,0.0,0.0252,0.029494000000000003,0.0831,0.004388176726820162,17866.0,211162.09999999998,218335.2800000001,388710.0,58420.85687616677,415600640.0,432573644.8,435658260.48,436576256.0,417099131.141257,5645253293.0,5662689679.0,5665915106.3,5668639878.0,5646577852.064095,390.0,391.0,391.0,391.0,390.0068450528936,3.0,3.0,3.0,3.0,3.0,20.027712400000382,19.95452850000038,80.48298410057494,4701884.895106494,100.01142217320645,live GameplayStatTracker; one-frame boundary uncertainty,87284,87284,0,14220,14220,0,409808896,438206464,28397568,1982911468,1984203405,1291937,4106002432,4106002432,0,1417,1418,1,1417,1418,1,1417,1418,1,-1,1,3840,2160,River,480,732,79,69,97,50,1.0,1.0,False,False,False,False,True,True,367.27520000000004,19.996834199999284,0.0,0.0,0.0,0.0,0,,,
forge-manual-early,1759,20.0,5.0,Editor,198.62990081310272,9.482399998887558,22.669550000682648,26.0093199997209,161.85630000109086,11.352409323478922,9.840702638030052,21.0810849443078,24.15578208863737,198.62990081310272,11.357339511764717,9.514999999999999,19.724899999999995,22.426854000000002,202.9186,11.35232467310972,3.0345,6.44729,7.27981,37.4137,3.6293778851620235,0.2998,2.34034,2.668098,3.1033999999999997,0.5385023877202956,0.516096,1.2530687999999983,1.6992256000000014,2.245632,0.520437606594656,0.0,0.0225,0.026384000000000015,0.0776,0.00368214894826606,17100.0,172337.0,186868.0,15142748.0,59980.55088118249,373309440.0,390295961.6,392550072.32,393580544.0,375961349.67595226,5596022250.0,5613512907.3,5616171679.54,5618779998.0,5598672805.67311,260.0,260.0,260.0,260.0,259.66685616827743,3.0,3.0,3.0,3.0,3.0,20.025889700000334,19.956616899999062,88.09108321361235,5283751.698872556,0.0,live GameplayStatTracker; one-frame boundary uncertainty,78684,78690,6,12168,12168,0,367321088,376041472,8720384,1976160328,1976390813,230485,4106002432,4106002432,0,1409,1411,2,1409,1411,2,1409,1411,2,-1,1,3840,2160,River,0,1,0,69,2,0,1.0,1.0,False,False,False,False,False,False,284.6421,19.995364000000336,0.0,0.0,0.0,0.0,0,,,
forge-manual-observed-r1,1613,20.0,5.0,Editor,69.31240111589432,10.194599999522325,25.437260001126557,28.673404001601714,71.74510000004375,12.378252200867806,10.5786994099617,23.69579970836639,26.62134349346161,69.31240111589432,12.386768265302257,10.178799999999999,22.35364,24.755599999999998,71.71929999999999,12.379696094234346,3.3272999999999997,7.259979999999999,8.017555999999999,63.6412,4.1178777433353995,0.37129999999999996,3.0923,3.567295999999998,3.9101,0.7194474891506509,0.472064,0.8357887999999981,1.4630502399999996,3.375104,0.46989535647861125,0.0,0.0276,0.03222799999999992,0.0953,0.004904153750774953,19355.0,192925.0,202416.75999999983,213803.0,57894.242405455676,527937536.0,542481612.8,545274429.44,546496512.0,527289420.81587106,9930473011.0,9945687672.8,9948551817.76,9949777259.0,9929779969.205828,423.0,423.0,423.0,423.0,423.0,3.0,3.0,3.0,3.0,3.0,20.032158199999685,19.952109500000006,80.79346196451054,4677476.271749336,99.83946712242076,live GameplayStatTracker; one-frame boundary uncertainty,100916,100916,0,17459,17459,0,526544896,545173504,18628608,3843002488,3844150395,1147907,6790881280,6790881280,0,1568,1569,1,1568,1569,1,1568,1569,1,-1,1,3840,2160,Haloween,480,732,79,69,97,50,1.0,1.0,False,False,False,False,True,True,456.92830000000004,19.99526429999969,0.0,0.0,0.0,0.0,0,9.503315992049279,19.993021399999634,
forge-manual-observed-r2,1557,20.0,5.0,Editor,189.20530378818512,10.327500000130385,27.76429999939864,31.789455999896745,263.88740000038524,12.824659601798897,10.615596547722816,26.245979964733113,29.853773713111888,189.20530378818512,12.83296356581788,10.325,22.88629999999999,25.365371999999997,191.3782,12.825989210019268,3.3447999999999998,9.086179999999993,10.716724,13.555399999999999,4.1508789338471415,0.37729999999999997,3.22118,3.5830200000000003,3.9640999999999997,0.7367259473346178,0.564224,0.9009151999999927,1.53645056,3.198976,0.519184434810533,0.0,0.0277,0.03068800000000001,0.2737,0.005052729608220938,18687.0,204012.0,213248.64,16998727.0,69658.88953114965,546648064.0,566712729.6,570555760.64,571551744.0,548726853.7135518,9949344999.0,9970627898.8,9974842310.48,9977142927.0,9951618321.727682,423.0,423.0,423.0,423.0,423.0,3.0,3.0,3.0,3.0,3.0,20.033322999999655,19.950279200000296,77.99389594507414,5432968.1817419,99.68391165060507,live GameplayStatTracker; one-frame boundary uncertainty,100916,100916,0,17459,17459,0,537968640,558497792,20529152,3843059888,3843812296,752408,6790881280,6790881280,0,1570,1571,1,1570,1571,1,1570,1571,1,-1,1,3840,2160,Haloween,480,732,79,69,97,50,1.0,1.0,False,False,False,False,True,True,354.5853,19.99649810000119,0.0,0.0,0.0,0.0,0,9.40268926315564,19.994279800001095,
forge-manual-observed-r3,1604,20.0,5.0,Editor,67.82620400190353,10.41464999980235,25.27528499986147,28.263106999456795,69.49920000079146,12.448948129676502,10.52469527348876,23.627251293510195,26.46479381248355,67.82620400190353,12.454868519581167,10.3646,22.36054,24.904636000000004,69.4854,12.45002481296758,3.38065,6.867074999999999,7.6440150000000004,61.6753,4.117636034912718,0.37024999999999997,3.149985,3.559282,3.7853999999999997,0.7236717581047382,0.55296,1.2364799999999991,1.51542784,3.1129599999999997,0.5244846172069825,0.0,0.0272,0.0306,0.1616,0.004838840399002494,19966.0,189692.14999999997,195355.01,206854.0,58114.10037406484,481722368.0,503044915.2,505884549.12,506654720.0,484929957.34663343,9884920172.0,9907673732.4,9910376846.52,9912486990.0,9888114600.355362,423.0,423.0,423.0,423.0,422.8466334164589,3.0,3.0,3.0,3.0,3.0,20.034223100001327,19.954454599999735,80.3329397938053,4668476.526520909,99.87909139336017,live GameplayStatTracker; one-frame boundary uncertainty,100916,100916,0,17459,17459,0,478732288,490115072,11382784,3843514691,3844083653,568962,6790881280,6790881280,0,1575,1576,1,1575,1576,1,1575,1576,1,-1,1,3840,2160,Haloween,480,732,79,69,97,50,1.0,1.0,False,False,False,False,True,True,357.2445,19.995661400000245,0.0,0.0,0.0,0.0,0,9.503139742339464,19.993392200000017,
forge-native-cap144-r1,1680,20.0,5.0,Editor,69.83939558267593,9.250849999261845,23.43425999961255,25.041044000754486,69.35929999963264,11.881892619047514,9.257947094738483,23.63485237583518,25.150539409369234,69.83939558267593,11.889711896046286,9.2548,26.248685,27.224639,69.2058,11.883349166666665,3.0757999999999996,8.341745,8.90391,10.0537,4.03468255952381,0.38999999999999996,3.225805,3.3562469999999998,3.6353,0.7186561904761904,0.580608,1.0231807999999998,1.5313100800000001,3.539968,0.5666590339285714,0.0,0.0283,0.0312,0.0429,0.0047273809523809525,17159.0,175681.0,183591.0,195641.0,41448.86964285714,520830976.0,541327564.8,543130460.16,543596544.0,523289629.25714284,11322891865.0,11343639008.45,11345582143.43,11346415164.0,11325114858.117857,467.0,467.0,467.0,467.0,466.9017857142857,3.0,3.0,3.0,3.0,3.0,20.026867099999436,19.94523560000016,84.18050474169313,3489186.767508356,99.91577764053052,live GameplayStatTracker; one-frame boundary uncertainty,101595,101595,0,17612,17612,0,534351872,532774912,-1576960,4935662637,4936941133,1278496,8946950144,8946950144,0,1598,1599,1,1598,1599,1,1598,1599,1,144,0,3840,2160,Farmlands,480,732,79,69,97,50,1.0,1.0,False,False,True,True,True,True,316.6388,19.991621700000906,0.0,0.0,0.0,0.0,0,18.91011946678034,19.989297300000544,
forge-native-cap144-r2,1692,20.0,5.0,Editor,87.48000115156174,9.678299999904993,22.191905000727274,23.553461999581483,87.01119999932416,11.797718026004459,9.619299322366714,22.233538702130318,23.648524582386013,87.48000115156174,11.801079488040145,9.7068,23.11349,24.394511999999995,78.3016,11.794297044917258,3.1712999999999996,7.254044999999998,7.774842999999999,69.9644,4.033749231678486,0.38789999999999997,3.102145,3.2144889999999995,3.5343,0.70678463356974,0.603136,1.4147583999999984,1.536,2.993152,0.5995017606382979,0.0,0.0276,0.0308079999999999,0.0842,0.00470579196217494,19966.0,157219.0,165146.0,184970.0,41434.67139479906,549660672.0,573705625.6,576477716.48,577138688.0,551502015.2434988,11352520719.5,11378196084.2,11380977697.65,11381606315.0,11354309708.903072,467.0,467.0,467.0,467.0,466.7033096926714,3.0,3.0,3.0,3.0,3.0,20.028786400000172,19.948674200000823,84.76753808530945,3512315.0855109114,99.70649045415867,live GameplayStatTracker; one-frame boundary uncertainty,101595,101595,0,17612,17612,0,534212608,535928832,1716224,4935130512,4934395079,-735433,8946950144,8946950144,0,1600,1601,1,1600,1601,1,1600,1601,1,144,0,3840,2160,Farmlands,480,732,79,69,97,50,1.0,1.0,False,False,True,True,True,True,318.6076,19.994018699999287,0.0,0.0,0.0,0.0,0,19.107850842675656,19.99178260000008,
forge-native-cap144-r3,1631,20.0,5.0,Editor,76.61549746990204,9.688999998616055,24.11460000075749,27.217240000391033,76.16819999930158,12.241593439607637,9.662400931119919,24.2549991235137,27.416048943996433,76.61549746990204,12.245602271354578,9.7134,24.11885,26.866979999999998,85.6968,12.238044206008583,3.2270999999999996,8.53615,11.33464,13.868699999999999,4.161315757204169,0.40109999999999996,3.1927,3.50063,4.24,0.7414454322501532,0.534528,1.022464,1.5579136,3.6515839999999997,0.5315338350705089,0.0,0.0283,0.03326000000000003,0.089,0.007634702636419374,17159.0,160043.0,175681.0,183591.0,42182.187614960145,549748736.0,577619968.0,579674931.2,580202496.0,556117777.4224402,11351874372.0,11380594972.5,11383109264.5,11384194852.0,11357981551.767628,467.0,471.0,471.0,471.0,467.43654199877375,3.0,3.0,3.0,3.0,3.0,20.035852299999533,19.95535430000018,81.68233825845854,3445539.7172469352,99.82105927183575,live GameplayStatTracker; one-frame boundary uncertainty,101595,101595,0,17612,17612,0,561123328,552964096,-8159232,4935389396,4936184513,795117,8946950144,8946950144,0,1601,1602,1,1601,1602,1,1601,1602,1,144,0,3840,2160,Farmlands,480,732,79,69,97,50,1.0,1.0,False,False,True,True,True,True,318.3995,19.99831219999942,0.0,0.0,0.0,0.0,0,18.90372497900792,19.99605899999915,
forge-native-cap30-r1,591,20.0,5.0,Editor,327.0869851112366,29.507100000046194,53.56309999933728,56.29421000030561,352.5493999986793,33.82589221658277,33.656902611255646,39.84555043280125,42.89598874747753,327.0869851112366,33.8053490711272,33.547399999999996,39.90415,43.21239,274.7527,33.65823705583756,4.0401,12.38315,13.402099999999999,72.1681,6.224019458544839,0.4427,3.5174499999999997,3.694660000000001,4.0828,1.2509839255499153,1.964032,4.95616,6.785843200000005,8.239103,2.357540798646362,0.0,0.0318,0.03947000000000004,0.3082,0.012553299492385787,96686.0,244611.0,257837.90000000002,15291666.0,151639.63113367173,496144384.0,513847296.0,515854336.0,516182016.0,499053736.0676819,9899816105.0,9919621548.0,9921691204.0,9922044043.0,9903027079.80203,423.0,423.0,423.0,423.0,423.0,3.0,3.0,3.0,3.0,3.0,20.051251999999295,19.95189449999998,29.571126691753538,4484154.743744581,100.1433725933957,live GameplayStatTracker; one-frame boundary uncertainty,100916,100916,0,17459,17459,0,489676800,499904512,10227712,3843803244,3844775225,971981,6790881280,6790881280,0,1577,1578,1,1577,1578,1,1577,1578,1,30,0,3840,2160,Haloween,480,732,79,69,97,50,1.0,1.0,False,False,True,True,True,True,314.5344,19.965845400000035,0.0,0.0,0.0,0.0,0,16.001356194944126,19.99830490000022,
forge-native-cap30-r2,598,20.0,5.0,Editor,84.66390520334244,30.09820000079344,52.34358999941833,55.68136500032779,103.61620000003313,33.36467775919797,33.5688516497612,38.026479445397854,40.75177256017923,84.66390520334244,33.39456056671398,33.50625,37.969294999999995,40.581084999999995,43.4897,33.27406337792642,3.70345,11.915349999999998,12.389782999999996,14.139,5.852421237458194,0.46565,3.2478149999999997,3.4373569999999996,4.042,1.2430033444816053,2.561536,5.144678399999999,6.926264319999999,7.992319999999999,2.6134329180602007,0.0,0.0311,0.03638399999999992,0.0664,0.011595652173913043,99202.0,248651.9,256525.78999999998,262012.0,131926.0568561873,563408896.0,593803673.6,597427691.52,598306816.0,566277828.9230769,11372981326.0,11404726278.8,11408551895.44,11409470818.0,11375366833.566889,467.0,467.0,467.0,467.0,467.0,3.0,3.0,3.0,3.0,3.0,20.031682900000305,19.932358199999726,29.951297985403865,3951356.640938998,99.69207330053979,live GameplayStatTracker; one-frame boundary uncertainty,101595,101595,0,17612,17612,0,554622976,556150784,1527808,4942239895,4942221514,-18381,8946950144,8946950144,0,1590,1591,1,1590,1591,1,1590,1591,1,30,0,3840,2160,Farmlands,480,732,79,69,97,50,1.0,1.0,False,False,True,True,True,True,324.9696,19.971427600001334,0.0,0.0,0.0,0.0,0,16.20516782802039,19.99362199999996,
forge-native-cap30-r3,598,20.0,5.0,Editor,99.16429966688156,29.996150000442867,52.249354999094066,55.117673998629456,101.00419999980659,33.37479849498145,33.6184985935688,37.90798485279083,39.27944589406251,99.16429966688156,33.3777488003731,33.5847,37.89091,39.137601999999994,44.5975,33.19988327759197,3.7262,11.681169999999998,12.174740999999997,13.3583,5.789716889632107,0.5423,3.1919049999999998,3.3661819999999993,3.6841999999999997,1.233904347826087,2.016256,5.474969599999998,7.24341759999999,8.524799999999999,2.325829339464883,0.0,0.0315,0.04020599999999999,0.08009999999999999,0.011523745819397992,99602.0,241990.8,251929.81999999998,264541.0,130317.41638795986,574236672.0,602750771.2,605796884.48,606380032.0,577575939.4247491,11383994441.5,11413716543.65,11416259629.05,11416887309.0,11387187384.76087,467.0,467.0,467.0,467.0,467.0,3.0,3.0,3.0,3.0,3.0,20.03737490000094,19.949050299999726,29.926236638944573,3899909.8410019604,99.7635673323608,live GameplayStatTracker; one-frame boundary uncertainty,101595,101595,0,17612,17612,0,599293952,604540928,5246976,4944081854,4945704517,1622663,8946950144,8946950144,0,1591,1592,1,1591,1592,1,1591,1592,1,30,0,3840,2160,Farmlands,480,732,79,69,97,50,1.0,1.0,False,False,True,True,True,True,315.159,19.937245999999504,0.0,0.0,0.0,0.0,0,16.00206410624955,19.997420199999397,
forge-native-cap60-r1,1107,20.0,5.0,Editor,72.26129621267319,15.089900000020862,36.64161000051536,37.39333199937391,90.46439999838185,18.032534236676046,16.111798584461212,26.770204864442352,28.66144560277462,72.26129621267319,18.021366836599057,18.9104,24.066339999999997,25.411634000000014,28.833099999999998,18.778054381210477,3.4472,11.480889999999999,11.974362,13.975,4.709483830171635,0.44699999999999995,3.19131,3.3183560000000005,3.6816999999999998,0.8887901535682023,0.61952,2.1781504000000003,2.933678080000001,5.080064,0.7278891635049684,0.0,0.029570000000000003,0.03648800000000001,0.09,0.007514092140921409,59698.0,160767.0,165813.70000000004,173527.0,85701.89882565492,493498368.0,509427712.0,510938644.48,511356928.0,496324411.8952123,11294957223.0,11312410307.0,11314077619.08,11314553283.0,11297847555.563686,467.0,467.0,467.0,467.0,466.7795844625113,3.0,3.0,3.0,3.0,3.0,20.038077199998952,19.953080499999487,55.430037482183685,4750459.464200366,100.35893064630498,live GameplayStatTracker; one-frame boundary uncertainty,101595,101595,0,17612,17612,0,491708416,496181248,4472832,4934795535,4935644289,848754,8946950144,8946950144,0,1593,1594,1,1593,1594,1,1593,1594,1,60,0,3840,2160,Farmlands,480,732,79,69,97,50,1.0,1.0,False,False,True,True,True,True,318.0213,19.974148100000093,0.0,0.0,0.0,0.0,0,18.51528622030362,19.983487999999852,
forge-native-cap60-r2,1106,20.0,5.0,Editor,75.14210045337677,15.03084999967541,36.587250000593485,37.81394500038005,94.15469999839843,18.056233634720403,15.88745042681694,26.738447602838278,28.772809449583296,75.14210045337677,18.072317090815112,18.9968,24.1165,25.601,27.2034,18.939027757685352,3.4286499999999998,11.458725,12.226985,13.7654,4.728733725135624,0.44489999999999996,3.177975,3.28516,4.1716999999999995,0.8993294755877034,0.385536,1.9957752499999997,2.955827200000004,5.111808,0.6572376274864375,0.0,0.0298,0.03718500000000011,0.079,0.009914014466546111,57077.0,164969.0,169949.80000000005,177903.0,86744.46473779385,503025664.0,520595456.0,522310860.8,522756096.0,505641993.2585895,11304609826.0,11324021274.0,11325903909.45,11326383722.0,11307407878.462025,467.0,471.0,471.0,471.0,467.49367088607596,3.0,3.0,3.0,3.0,3.0,20.037321300000258,19.954785300000367,55.37518862705978,4803491.09720867,100.0133685534091,live GameplayStatTracker; one-frame boundary uncertainty,101595,101595,0,17612,17612,0,499376128,499957760,581632,4934799834,4935253974,454140,8946950144,8946950144,0,1595,1596,1,1595,1596,1,1595,1596,1,60,0,3840,2160,Farmlands,480,732,79,69,97,50,1.0,1.0,False,False,True,True,True,True,314.41,19.98513230000026,0.0,0.0,0.0,0.0,0,18.497054251624846,20.003185100000337,
forge-native-cap60-r3,1107,20.0,5.0,Editor,79.30880039930344,15.325800000937306,36.37760000056005,37.33531199999561,97.83059999972465,18.04818943089396,16.062302514910698,26.778339967131615,29.415485635399833,79.30880039930344,18.033431786555855,18.8297,24.231299999999997,26.068199999999997,27.6309,18.707608039747065,3.5532,11.38004,11.965404,12.946399999999999,4.742522854561879,0.4769,3.06126,3.2183420000000003,3.5812,0.9150256549232159,0.6277119999999999,2.0426749,3.0537113600000048,4.642816,0.7313404155374886,0.0,0.028670000000000005,0.035364000000000034,0.0736,0.006965672990063234,56811.0,177721.3,185602.98,194869.0,86191.26377597109,513126400.0,531697254.40000004,533535784.96,534028288.0,515677956.3938573,11315200526.0,11335596165.9,11337579852.36,11338113688.0,11317811177.942186,467.0,467.0,467.0,467.0,467.0,3.0,3.0,3.0,3.0,3.0,20.028746400001182,19.942084800000885,55.46060058875845,4780219.254519458,100.1061154780951,live GameplayStatTracker; one-frame boundary uncertainty,101595,101595,0,17612,17612,0,507863040,507969536,106496,4934498495,4935050935,552440,8946950144,8946950144,0,1597,1598,1,1597,1598,1,1597,1598,1,60,0,3840,2160,Farmlands,480,732,79,69,97,50,1.0,1.0,False,False,True,True,True,True,316.2429,19.966423399999258,0.0,0.0,0.0,0.0,0,18.523605185796015,19.974513400000433,
forge-restore-config,155,2.0,1.0,Editor,43.59310492873192,12.282899999263464,17.851350000091763,20.27685400120391,24.782000000413973,12.763772258063733,12.289399281144142,17.833781801164147,20.432068780064593,24.833297356963158,12.764118707949116,12.2616,17.428789999999992,20.15903000000001,28.908299999999997,12.757392258064515,3.7826,7.183009999999991,8.29641,9.078299999999999,4.184347096774194,0.2731,3.1525799999999995,3.711398000000002,3.8731999999999998,0.635456129032258,0.212992,0.35328,0.36399104,0.364544,0.23436387096774192,0.0,0.0,0.0,0.0,0.0,16451.0,35109.499999999985,106777.26000000109,187035.0,22372.141935483873,415768576.0,416102809.6,416128040.96,416141312.0,415765748.4387097,5649699769.0,5650172194.6,5650207978.28,5650222361.0,5649703792.832258,319.0,319.0,319.0,319.0,319.0,3.0,3.0,3.0,3.0,3.0,2.0280373000005056,1.966354300000603,78.3175239578914,1752130.762021605,102.06912861018306,live GameplayStatTracker; one-frame boundary uncertainty,87288,87288,0,14220,14220,0,415301632,417771520,2469888,1987762231,1988071267,309036,4106002432,4106002432,0,1442,1442,0,1442,1442,0,1442,1442,0,-1,1,3840,2160,River,480,732,79,69,97,50,1.0,1.0,False,False,False,False,True,True,197.5285,1.9936357000005955,0.0,0.0,0.0,0.0,0,0.0,1.991598900000099,
inventory-sort-select,1483,20.0,5.0,Editor,83.816297352314,10.951800000839285,27.596330000596918,34.613829998597836,91.6244000000006,13.459847201619027,11.307405307888985,22.974416613578796,25.81819497048855,83.816297352314,13.462026972155352,10.941099999999999,27.45880999999998,34.57385400000005,91.3898,13.45615765340526,3.4858,6.77476,8.027334000000005,81.72099999999999,4.067135266351989,0.5028,3.383949999999999,3.85139,6.3778,0.8849594740391099,0.569344,0.9939967999999996,1.566781440000001,3.632128,0.5716550640593392,0.0,0.024499999999999997,0.02623600000000001,0.0356,0.0031405259608900875,19869.0,151323.3,167505.32000000007,178855.0,34880.682400539445,554246144.0,580529356.8,582073221.12,582615040.0,557276427.220499,11362774466.0,11398693827.6,11400772532.44,11401589986.0,11366289547.345245,414.0,414.0,414.0,414.0,413.3277140930546,3.0,3.0,3.0,3.0,3.0,20.027045499999076,19.949593400000595,74.28722833017518,2591189.2178011965,100.21448246073504,live GameplayStatTracker; one-frame boundary uncertainty,101611,101612,1,17612,17612,0,578105344,563777536,-14327808,4950651404,4946329728,-4321676,8946950144,8946950144,0,1602,1603,1,1602,1603,1,1602,1603,1,-1,1,3840,2160,Farmlands,480,732,79,69,97,50,1.0,1.0,False,False,False,False,True,True,189.29250000000002,19.991157700000258,0.0,0.0,0.0,0.0,0,0.0,19.98885109999901,
late-run-farmlands-minute1,2147,60.0,0.0,Editor,158.4583967924118,28.693199999906938,39.59546000005502,55.235845999813996,160.98600000077568,27.930715975780252,28.68100255727768,39.751134440302835,54.986711069941485,158.4583967924118,27.929763592914977,29.6904,40.02868999999999,55.536133999999976,164.4197,27.926761574289706,6.1918999999999995,11.60361999999994,24.459103999999954,86.85799999999999,7.215457382394038,1.4877,2.9912499999999977,4.898153999999995,13.7111,1.7233152305542616,0.57344,0.7932927999999998,2.473799679999997,7.4444799999999995,0.4546769836981835,0.037899999999999996,0.05926999999999998,0.08993199999999997,0.36329999999999996,0.03812575687005123,195216.0,341813.0999999999,464131.65999999986,1292156.0,193610.4266418258,559087616.0,588082790.4,592767467.52,594612224.0,561553783.8323241,11400495569.0,11430653505.4,11435018179.52,11437231746.0,11403166468.007917,126.0,142.0,148.53999999999996,164.0,126.33861201676758,6.0,8.0,9.0,9.0,6.0982766651141125,60.03671539999959,59.95139030000064,35.795666943856965,6930414.348928847,100.00547098551031,live GameplayStatTracker; one-frame boundary uncertainty,102367,102502,135,17827,17863,36,542515200,590811136,48295936,4955658152,4958662351,3004199,8946950144,8946950144,0,1639,1643,4,1639,1643,4,1639,1643,4,-1,1,3840,2160,Farmlands,480,733,79,69,97,50,4.0,4.0,True,True,False,False,True,True,0.1358,59.99039820000144,7.9346031078684955,1.5835867547216536,109.413773,1154.73254,3,0.0,59.987722900001245,
late-run-farmlands-minute2,1902,60.0,0.0,Editor,120.14800310134888,32.43824999935896,42.524459999549435,64.31354800020934,122.37869999989925,31.528713459516673,32.454900443553925,42.6097359508276,63.85713808238511,120.14800310134888,31.523110008123798,33.16655,43.241999999999976,61.32442400000002,119.00609999999999,31.519744111461616,6.552,13.186414999999991,26.214664,97.3761,7.695686172450052,1.544,3.0921049999999988,4.9070810000000025,14.960899999999999,1.8306482124079915,0.7080960000000001,0.939008,1.86156032,3.4170879999999997,0.5583066556256572,0.0383,0.06199499999999998,0.08368900000000001,0.3384,0.03910115667718191,204977.5,361481.1499999996,493092.27,1258944.0,202138.80126182965,567586816.0,598526976.0,605744332.8,610779136.0,570629439.7981073,11409315657.5,11440859069.6,11448590973.06,11453583451.0,11412600157.511566,127.0,142.0,148.99,152.0,127.30651945320714,5.0,9.0,11.0,11.0,5.802313354363828,60.05942349999896,59.945569600000454,31.712101706345045,6410246.22441381,100.01761005914591,live GameplayStatTracker; one-frame boundary uncertainty,102502,102543,41,17863,17874,11,598253568,564822016,-33431552,4958729987,4958000667,-729320,8946950144,8946950144,0,1643,1648,5,1643,1648,5,1643,1648,5,-1,1,3840,2160,Farmlands,480,734,79,69,97,50,4.0,4.0,True,True,False,False,True,True,0.0009000000000000001,59.995735700000296,7.617208034336977,1.5334423176345773,1158.37122,2175.917,5,0.0,59.99325820000013,
late-run-farmlands-minute3,1800,60.0,0.0,Editor,112.79989778995514,34.525699999903736,43.89679000014439,73.83770100121177,121.56390000018291,33.305538888888705,34.54824909567833,43.91742665320635,74.14459057152266,112.79989778995514,33.30644893770417,35.1949,44.007529999999996,78.21823499999998,120.9161,33.30096427777777,6.5146999999999995,14.142294999999997,48.589246999999986,87.9614,7.725954555555555,1.5063499999999999,2.9726049999999993,4.4829269999999966,13.768699999999999,1.7673338888888888,0.731136,1.4194175999999998,2.0815359999999994,5.307392,0.5909543772222222,0.0405,0.058804999999999996,0.07861999999999998,0.3689,0.038647666666666664,197264.0,315684.09999999986,511262.68999999994,1210346.0,191749.88055555554,509001728.0,601634816.0,613249638.4,616071168.0,522464636.0177778,11350931680.0,11443874376.55,11455936111.28,11458293689.0,11364543564.16,125.0,143.04999999999995,150.01,156.0,126.10333333333334,7.0,9.0,10.0,10.0,6.668333333333333,60.04884959999981,59.913709200000085,30.026516869364475,5757581.023200012,100.03522199033134,live GameplayStatTracker; one-frame boundary uncertainty,102543,102585,42,17874,17885,11,569643008,523415552,-46227456,4957800971,4959325432,1524461,8946950144,8946950144,0,1648,1652,4,1648,1652,4,1648,1652,4,-1,1,3840,2160,Farmlands,480,736,79,69,97,50,4.0,4.0,True,True,False,False,True,True,0.0012000000000000001,59.989439900000434,6.901214625276023,1.4502552473406136,2178.303,3114.857,7,0.0,59.98699639999904,
late-run-farmlands-minute4,1638,60.0,0.0,Editor,118.41990053653717,37.15474999989965,46.96085999939896,63.5647589998914,124.11489999976766,36.58491617826703,37.194402888417244,47.16742336750029,63.99331793189023,118.41990053653717,36.59148772402925,38.1055,47.828954999999944,63.33848699999995,123.68119999999999,36.58683583638584,6.7459,12.979769999999975,30.83772299999972,86.208,7.882174175824176,1.5671499999999998,3.1551399999999994,5.278377999999966,14.204099999999999,1.8757874847374847,0.70912,1.5136255999999997,2.4616243199999985,3.336192,0.6065224438339438,0.043,0.0622,0.08856299999999999,0.3399,0.041255250305250304,199848.0,337147.3999999998,457893.3899999998,1199475.0,203202.89194139195,506710016.0,531147161.6,535699496.96,538755072.0,509972182.4273504,11349087104.0,11374065213.95,11379085142.84,11381650418.0,11352080202.94933,127.0,142.14999999999986,150.62999999999988,157.0,126.98412698412699,6.0,10.0,10.0,10.0,6.417582417582418,60.04384800000116,59.88525440000012,27.335610684155274,5554675.144004364,100.0269003412287,live GameplayStatTracker; one-frame boundary uncertainty,102585,102774,189,17885,17936,51,529481728,511352832,-18128896,4959330412,4958797633,-532779,8946950144,8946950144,0,1652,1657,5,1652,1657,5,1652,1657,5,-1,1,3840,2160,Farmlands,480,737,79,69,97,50,4.0,4.0,True,True,False,False,True,True,0.0011,59.98338569999942,6.335087550751636,1.3003600762069147,3115.26416,3958.44116,6,0.0,59.980893100000685,
late-run-farmlands-minute5,1762,60.0,0.0,Editor,115.27299135923386,33.53310000056808,47.32849500151132,59.65820000001258,116.71940000087488,34.02594608399461,33.563701435923576,47.186480648815625,59.25791278481482,115.27299135923386,34.02815616682223,36.6691,47.425194999999995,60.047413999999876,116.9827,34.021497332576615,6.09315,10.391334999999998,24.290280999999958,79.9313,6.992279568671964,1.36655,2.952029999999999,4.276304999999993,60.6823,1.584322758229285,0.731648,1.784012799999997,2.567516159999999,3.1733759999999998,0.6962055113507377,0.0283,0.0574,0.09323999999999923,0.33299999999999996,0.03281628830874007,180315.0,307984.2,412815.4299999992,1135224.0,152563.1963677639,517683200.0,542474035.2,543431802.88,544157696.0,520703941.88422245,11361015110.5,11386563839.55,11387521994.37,11390045377.0,11364223176.320658,122.0,138.0,144.0,152.0,120.5817253121453,6.0,8.0,8.0,8.0,6.303632236095346,60.050209499999255,59.93231190000006,29.383148157847025,4482787.002308716,99.94969293154713,live GameplayStatTracker; one-frame boundary uncertainty,102774,102813,39,17936,17942,6,516292608,513576960,-2715648,4958804025,4959293855,489830,8946950144,8946950144,0,1657,1661,4,1657,1661,4,1657,1661,4,-1,1,3840,2160,Farmlands,480,739,79,69,97,50,4.0,1.0,True,True,False,False,True,True,0.0008,59.99890419999974,4.966757376212236,1.0833531189724674,3961.78442,4647.982,8,0.0,59.99655530000018,
late-run-farmlands-start,504,10.0,0.0,Editor,110.07700860500336,17.607199999474688,33.082084998750354,43.760306999774876,102.62370000054943,19.59637619047715,17.581600695848465,33.532407321035855,46.11516911536448,100.14840215444565,19.66297462774766,14.178249999999998,34.05774499999999,44.900590999999935,106.9961,19.584209325396824,4.331099999999999,8.451369999999999,18.16902899999994,43.626799999999996,5.2292178571428565,0.91475,1.8547749999999992,2.783020999999998,3.0987,1.032700992063492,0.5038079999999999,0.7489535999999999,2.564382719999999,2.813952,0.44023872023809524,0.0126,0.040485,0.04749099999999999,0.1813,0.018535119047619047,41159.0,247092.0,286371.93999999994,1212794.0,95597.62301587302,551385088.0,563544473.6,566680166.4,567410688.0,552809870.2222222,11391444985.0,11404609923.4,11407183645.46,11407996771.0,11392597566.295635,106.0,119.0,122.0,123.0,104.27182539682539,6.0,8.0,8.0,8.0,6.2103174603174605,10.03643529999863,9.857277000000977,51.02829107875838,4878183.33369138,100.33442849974209,live GameplayStatTracker; one-frame boundary uncertainty,102320,102367,47,17816,17827,11,540069888,538267648,-1802240,4954091528,4955657277,1565749,8946950144,8946950144,0,1638,1639,1,1638,1639,1,1638,1639,1,-1,1,3840,2160,Farmlands,480,732,79,69,97,50,1.0,4.0,True,True,False,False,True,True,177.97990000000001,9.985320699999647,4.106027360743801,1.001470087986293,0.0,106.307411,0,0.0,9.983008599998357,
layout-probe-cauldron,176,2.0,1.0,Editor,49.287598580121994,10.701850000259583,14.388149999831512,16.748625001127948,21.941599999991013,11.19910738636711,10.689246468245983,14.271072810515761,16.431249678134918,21.98910154402256,11.201999991581859,10.719,14.2471,15.386775,26.3679,11.195432386363636,3.8720999999999997,7.060475,7.331949999999999,7.970599999999999,4.217473295454545,0.8598999999999999,3.8813999999999997,3.9893499999999995,4.269699999999999,1.1690426136363636,0.415232,0.594176,0.9103359999999999,0.912384,0.4482967102272727,0.0,0.024524999999999998,0.027299999999999998,0.0373,0.00581590909090909,16687.0,35873.0,67562.5,181430.0,20666.335227272728,593633280.0,594794496.0,594889728.0,594923520.0,593691694.5454545,11402134653.0,11405311032.0,11405710144.0,11405797376.0,11402390769.738636,832.0,832.0,832.0,832.0,832.0,3.0,3.0,3.0,3.0,3.0,2.0312962000007246,1.959479299999657,89.309440523322,1845698.836815148,0.0,live GameplayStatTracker; one-frame boundary uncertainty,101682,101682,0,17612,17612,0,592343040,596840448,4497408,4940305982,4940538762,232780,8946950144,8946950144,0,1604,1604,0,1604,1604,0,1604,1604,0,-1,1,3840,2160,Farmlands,480,732,79,69,97,50,1.0,1.0,False,False,False,False,False,False,409.4972,1.992669700000988,0.0,0.0,0.0,0.0,0,0.0,1.990129199999501,
layout-probe-forge,165,2.0,1.0,Editor,83.48560333251953,10.779300000649528,15.389600000708013,24.628136000464814,89.25499999895692,11.947435151512654,10.792098939418793,15.274976007640362,24.754270613193306,83.48560333251953,11.975193407499429,10.7968,15.392579999999999,24.826443999999782,89.3574,11.943390303030302,3.4972,6.985439999999999,10.386332,79.7426,4.518609090909091,0.4075,3.74136,3.980739999999997,4.408399999999999,0.7973842424242424,0.5683199999999999,1.3297664,1.4187315199999997,1.558528,0.5870002303030303,0.0,0.023559999999999998,0.024379999999999992,0.0264,0.0017448484848484847,17079.0,36265.0,81770.15999999817,181822.0,21316.98181818182,581746688.0,626788761.6,627104153.6,627134464.0,585305838.9333333,11385090513.0,11433182631.2,11433508268.64,11433559112.0,11389004078.733334,463.0,463.0,463.0,463.0,463.0,3.0,3.0,3.0,3.0,3.0,2.036954399998649,1.9569558000002871,83.80363010752514,1786440.4592997478,0.0,live GameplayStatTracker; one-frame boundary uncertainty,101595,101595,0,17612,17612,0,626667520,583663616,-43003904,4938605032,4935637845,-2967187,8946950144,8946950144,0,1604,1605,1,1604,1605,1,1604,1605,1,-1,1,3840,2160,Farmlands,480,732,79,69,97,50,1.0,1.0,False,False,False,False,False,False,228.6364,1.9948636999997689,0.0,0.0,0.0,0.0,0,0.0,1.99240699999973,
map-Farmlands-developed-creation,532,8.0,0.0,Editor,118.91619861125946,13.376749999224558,20.925209999586514,37.01506699992,88.93059999900288,14.636305827066384,13.3732995018363,21.522276941686865,39.362135753035446,118.04240196943283,14.830582132703043,13.347199999999999,21.876054999999997,39.01887299999991,88.3232,14.644561278195487,3.61965,5.65666,18.572715999999865,67.8597,4.338066353383458,0.7118,0.94339,1.0691229999999996,1.1722,0.7388857142857143,0.418304,1.0482687999999998,1.4238207999999997,3.492864,0.4602514116541353,0.0,0.022945,0.030775999999999974,0.0365,0.004864661654135338,18168.0,49499.39999999998,190130.80999999968,2478528.0,35881.21240601504,441475072.0,441831424.0,441883402.24,441896960.0,441450827.06766915,9844174503.0,9845198548.4,9847909412.5,9848521007.0,9843893152.18797,72.0,74.44999999999999,75.0,75.0,71.33834586466165,7.0,7.0,7.0,7.0,6.907894736842105,8.032198700000663,7.73249609999948,68.67122765183622,2464006.905557349,100.47062207262545,live GameplayStatTracker; one-frame boundary uncertainty,95832,96592,760,16286,16465,179,453050368,443715584,-9334784,3835000518,3839253641,4253123,6790881280,6790881280,0,1508,1509,1,1508,1509,1,1508,1509,1,-1,1,3840,2160,Farmlands,480,732,79,69,97,50,1.0,1.0,True,True,False,False,True,True,162.8446,7.988077100000737,0.500746293497797,0.0,0.0,19.82463,0,0.0,7.98567550000007,
map-Farmlands-developed-early,1137,15.0,0.0,Editor,60.66789850592613,12.354100001175539,16.740879998906166,23.648215999564915,62.07250000079512,13.169725681618953,12.348604388535023,16.749054193496704,23.83578978478911,59.16549637913704,13.172483722873444,12.3406,16.3796,28.741304000000014,62.0488,13.16575743183817,3.5116,5.113880000000001,6.332976000000004,51.8398,3.801398065083553,0.6738999999999999,0.9943400000000001,1.1459160000000017,3.4678,0.7177371152154793,0.29081599999999996,0.765952,1.5704064000000015,3.093504,0.4155512102022867,0.0065,0.02304000000000001,0.029699999999999997,0.2865,0.0072334212840809145,18176.0,41175.0,162751.32000000007,248679.0,25119.399296394018,450322432.0,454022758.4,454479216.64,454606848.0,450044995.54617417,9854863580.0,9859623973.6,9860114564.28,9863273519.0,9854560156.690413,79.0,82.0,82.0,82.0,78.9868073878628,7.0,7.0,7.0,7.0,7.0,15.038929300000746,14.960301299999628,75.93429953179006,1907423.99023102,99.7411431410829,live GameplayStatTracker; one-frame boundary uncertainty,96592,96592,0,16465,16465,0,447873024,443097088,-4775936,3839261445,3838557855,-703590,6790881280,6790881280,0,1509,1510,1,1509,1510,1,1509,1510,1,-1,1,3840,2160,Farmlands,480,732,79,69,97,50,1.0,1.0,True,True,False,False,True,True,0.001,14.997077899999567,0.40007793784949086,0.06667965630824847,19.82463,31.3282,0,0.0,14.994233599998552,
map-Farmlands-developed-later,1068,15.0,0.0,Editor,51.97789892554283,13.528600000427105,17.255425000257674,24.03625899947654,27.021600000807666,14.018049812734324,13.514303136616945,17.205657344311476,23.73979523777956,27.074603363871574,14.017213215311982,13.4908,16.71023,28.82465,34.8228,14.013819101123595,3.7976,5.3222949999999996,5.845862999999998,6.612699999999999,3.9881001872659176,0.7334499999999999,1.03134,1.2372079999999988,2.2016,0.772840543071161,0.280576,0.7789056,1.5892377599999996,3.349504,0.38975373501872657,0.0075,0.024029999999999996,0.03695799999999981,0.0639,0.009148689138576778,18723.0,41665.25,168162.52,181815.0,26118.545880149813,448090112.0,450521702.4,450813952.0,450871296.0,448317808.1797753,9851799304.0,9855300715.0,9855724964.66,9856829255.0,9852037671.225655,85.0,88.0,89.0,89.0,85.01029962546816,7.0,7.0,7.0,7.0,7.0,15.026403899999423,14.959373499999856,71.32651644803242,1862944.8923191952,99.42498617384146,live GameplayStatTracker; one-frame boundary uncertainty,96592,96592,0,16465,16465,0,446881792,452689920,5808128,3838565639,3840744845,2179206,6790881280,6790881280,0,1510,1510,0,1510,1510,0,1510,1510,0,-1,1,3840,2160,Farmlands,480,733,79,69,97,50,1.0,1.0,True,True,False,False,True,True,0.0011,14.98739310000019,1.0008411669671766,0.0,31.3282,42.2580223,0,0.0,14.985095399999409,
map-Farmlands-developed-loadout-creation,394,8.0,0.0,Editor,118.46470087766647,18.110900000465335,31.57594999893262,43.96962899971186,92.32610000071872,19.912040355331076,18.18235218524933,31.89120814204216,44.121819548308835,92.75950491428375,20.07006954515192,14.6021,32.45584499999999,39.27077599999999,91.7918,19.922169035532995,4.55395,8.190324999999998,26.22888199999998,72.496,5.4954713197969545,0.9601999999999999,1.7170099999999997,2.8644979999999998,3.3221,1.0595365482233503,0.55552,0.7940607999999997,2.5951334399999997,2.884608,0.4645945152284264,0.01285,0.0388,0.04446099999999999,0.0538,0.01860736040609137,77072.0,243199.4,296108.91,1267548.0,108289.66751269036,514007040.0,524326092.8,526838128.64,542965760.0,514183594.23350257,9927090547.5,9937852934.8,9940077877.36,9952438042.0,9926597337.941624,97.0,106.0,109.0,110.0,96.6243654822335,3.0,4.0,4.0,4.0,3.3553299492385786,8.045810599998731,7.822224999999889,50.241459431300626,5440630.937167866,100.67351075852167,live GameplayStatTracker; one-frame boundary uncertainty,97600,97807,207,16706,16759,53,535306240,528977920,-6328320,3844197288,3846828171,2630883,6790881280,6790881280,0,1519,1520,1,1519,1520,1,1519,1520,1,-1,1,3840,2160,Farmlands,480,732,79,69,97,50,1.0,4.0,True,True,False,False,True,True,155.30870000000002,7.991950100000395,7.132176663615202,0.8758813446544985,0.0,80.4147949,0,0.0,7.989694099998815,
map-Farmlands-developed-loadout-early,585,15.0,0.0,Editor,97.12369740009308,27.191799999854993,35.486140001012245,46.04861600018916,96.66049999941606,25.58155094017051,27.19230391085148,35.58899909257889,46.05544015765185,97.12369740009308,25.573369566128296,28.031499999999998,35.57739999999999,46.98545999999999,97.0225,25.571650769230768,5.709099999999999,10.794879999999992,22.98520799999995,78.1501,6.757828034188034,1.3855,2.9232799999999997,4.504323999999997,13.6005,1.6412210256410256,0.55808,0.7012352,0.8891187199999753,3.0126079999999997,0.42187398974358975,0.0288,0.054659999999999986,0.07027999999999983,0.3265,0.03293572649572649,191374.0,363921.6,530168.0399999999,1336998.0,185922.62564102563,537026560.0,559737241.6,562700943.36,563900416.0,536418881.64102566,9951627974.0,9976931631.6,9979262463.6,9980519138.0,9952287479.42906,126.0,137.0,143.0,145.0,123.94871794871794,6.0,8.0,8.0,8.0,5.794871794871795,15.056161799999245,14.948304300000018,39.06797642592807,7263620.75559024,100.62325446051436,live GameplayStatTracker; one-frame boundary uncertainty,97807,98212,405,16759,16855,96,535093248,563462144,28368896,3846796871,3851073090,4276219,6790881280,6790881280,0,1520,1521,1,1520,1521,1,1520,1521,1,-1,1,3840,2160,Farmlands,480,732,79,69,97,50,4.0,4.0,True,True,False,False,True,True,0.001,14.995987799999057,15.470804797534884,1.8004815928165598,80.4147949,377.148163,2,0.0,14.993869100000666,
map-Farmlands-developed-loadout-later,533,15.0,0.0,Editor,88.10389786958694,27.80010000060429,40.170260000013506,73.71678399889714,87.6525000003312,28.06779305815863,27.827700600028038,39.9504192173481,67.57301330566382,88.10389786958694,28.05976271908905,28.4533,39.762859999999996,73.89385199999934,90.118,28.048757973733583,6.1095,15.313819999999994,53.16362399999908,68.9915,7.600701125703564,1.4601,2.91408,4.351527999999989,12.568399999999999,1.7359542213883676,0.6553599999999999,0.8626176,2.860113919999988,3.5706879999999996,0.49121260600375233,0.0301,0.055299999999999995,0.07407199999999972,0.18489999999999998,0.03531857410881801,197456.0,310208.0,446073.59999999736,1263362.0,200552.42026266418,533606400.0,570412236.8,572258222.08,572903424.0,537035827.8724203,9953180506.0,9991144927.6,9993448879.04,9994265120.0,9957073854.917448,128.0,138.0,141.0,142.0,127.51594746716698,5.0,7.0,7.0,7.0,5.439024390243903,15.05231780000031,14.943010999999387,35.60192788454896,7140052.803263125,100.38321141478748,live GameplayStatTracker; one-frame boundary uncertainty,98212,98609,397,16855,16961,106,570290176,524132352,-46157824,3851042545,3853671772,2629227,6790881280,6790881280,0,1521,1523,2,1521,1523,2,1521,1523,2,-1,1,3840,2160,Farmlands,480,733,79,69,97,50,4.0,4.0,True,True,False,False,True,True,0.0008,14.997164700000212,10.135249098117717,1.9336988410882485,377.382263,674.531738,7,0.0,14.994695099998353,
map-Farmlands-developed-loadout-return,471,5.0,0.0,Editor,73.31999391317368,10.176900001169997,13.894100000470644,15.576409999630423,20.501299999523326,10.472870276005937,10.195103473961353,13.922902289777994,16.18850100785494,21.02159895002842,10.496034397646753,10.162899999999999,13.843599999999999,14.561500000000004,29.4549,10.469266029723991,3.2491999999999996,6.398,7.226540000000001,8.088,3.614408280254777,0.3549,3.2718,3.49119,3.8287,0.6665611464968153,0.412672,0.9210879999999999,1.2403712,4.683776,0.42392511677282374,0.0,0.0,0.0,0.0,0.0,16399.0,33309.0,38927.70000000003,173449.0,20311.4076433121,531120128.0,532070400.0,532161740.8,532189184.0,531132476.8747346,9950346508.0,9951693401.5,9951815738.4,9951852476.0,9950415752.768578,442.0,442.0,442.0,442.0,442.0,3.0,3.0,3.0,3.0,3.0,5.031598499999745,4.922859500000413,95.47296647405041,1939190.3409707074,99.96823077199531,live GameplayStatTracker; one-frame boundary uncertainty,98604,99533,929,16960,17145,185,529125376,534065152,4939776,3852895991,3850393762,-2502229,6790881280,6790881280,0,1523,1523,0,1523,1523,0,1523,1523,0,-1,1,3840,2160,Farmlands,480,733,79,69,97,50,1.0,1.0,True,False,False,False,True,True,4.7292000000000005,4.996415399999023,0.0,0.0,0.0,0.0,0,0.0,4.994208500000241,
map-Farmlands-developed-return,433,5.0,0.0,Editor,77.69669592380524,11.065599999710685,14.63584000011906,16.53401200026565,25.603699999919627,11.421799538104567,11.063499376177788,14.72277957946062,16.797824874520302,25.654103606939316,11.432182663238626,11.0464,14.65536,16.310488,28.747899999999998,11.417267898383372,3.3590999999999998,6.50542,7.10296,10.2152,3.7670397228637413,0.28909999999999997,3.1938599999999995,3.572208,3.9107,0.6128614318706698,0.366592,0.45301759999999996,1.25812736,1.314816,0.36280816628175516,0.0,0.0,0.0,0.0,0.0,16399.0,34861.0,42765.56,163774.0,20350.27482678984,461504512.0,463328870.4,463506145.28,463548416.0,461631119.07621247,9863736077.0,9865940043.4,9866156453.96,9866203813.0,9863872971.117783,338.0,338.0,338.0,338.0,338.0,3.0,3.0,3.0,3.0,3.0,5.033803099999204,4.9347115000000485,87.54311168950723,1781526.38207383,99.12982094990542,live GameplayStatTracker; one-frame boundary uncertainty,96587,96606,19,16464,16467,3,459997184,465367040,5369856,3840109493,3838534253,-1575240,6790881280,6790881280,0,1510,1510,0,1510,1510,0,1510,1510,0,-1,1,3840,2160,Farmlands,480,733,79,69,97,50,1.0,1.0,True,False,False,False,True,True,3.9404000000000003,4.988101700000698,0.0,0.0,0.0,0.0,0,0.0,4.985598300001584,
map-Farmlands-fresh-creation,665,8.0,0.0,Editor,109.01379585266113,10.922599998593796,15.263179999601547,31.83715199978907,62.76099999922735,11.901073233082544,10.92289574444294,15.259244665503488,32.396167814731605,62.68399953842163,11.932660931987423,10.9229,15.354079999999982,33.10637600000001,62.7365,11.910485563909774,3.0403,4.671859999999999,17.938696000000007,52.8531,3.5755150375939846,0.5354,0.7262799999999999,0.8344720000000002,1.0713,0.5561575939849623,0.41984,0.7016447999999996,1.4945075200000013,2.79552,0.4325240902255639,0.0,0.013099999999999999,0.015444000000000005,0.06799999999999999,0.001707218045112782,17397.0,31567.6,204849.84,1173986.0,27361.39248120301,409939968.0,424683110.4,425609134.08,426885120.0,411334018.5022556,9739340773.0,9744843481.6,9751907553.16,9758808053.0,9740155965.159399,60.0,62.0,62.0,62.0,59.88721804511278,6.0,6.0,6.0,6.0,5.944360902255639,8.028269800000999,7.8995028999997885,84.05592205048976,2299887.0735928565,0.0,live GameplayStatTracker; one-frame boundary uncertainty,74158,71772,-2386,11182,10683,-499,424038400,411582464,-12455936,3752545770,3769280730,16734960,6790881280,6790881280,0,1486,1487,1,1486,1487,1,1486,1487,1,-1,1,3840,2160,Farmlands,0,1,0,0,2,0,1.0,1.0,True,True,False,False,False,False,98.0466,7.998515400000542,0.0,0.0,0.0,16.126215,0,0.0,7.996911400001409,
map-Farmlands-fresh-early,1270,15.0,0.0,Editor,41.0492978990078,11.187400000380876,15.758685000309924,21.941913999544305,25.507500000458094,11.78905503937016,11.19324704632163,15.77355610206723,21.985128745436636,25.503698736429214,11.791315579449567,11.1571,14.342134999999997,23.921407999999982,27.054199999999998,11.785409921259841,3.20045,3.9472549999999993,4.5954409999999974,6.186599999999999,3.286814251968504,0.5452,0.7910699999999999,0.9696639999999997,2.5913999999999997,0.5834832283464567,0.283648,0.6428159999999997,1.4247014399999998,2.9317119999999997,0.37232150708661416,0.0058,0.009,0.013830999999999994,0.0562,0.00392007874015748,17481.0,31870.749999999996,162485.11999999997,208759.0,24337.462992125984,416806912.0,421585715.2,422563553.28,422703104.0,417174536.06299216,9747232169.0,9752823921.45,9753895773.32,9754058477.0,9747614340.659056,61.0,66.0,66.0,68.0,61.90866141732283,6.0,6.0,6.0,6.0,6.0,15.019145000000208,14.958711400000539,84.83351045865851,2064632.421279734,0.0,live GameplayStatTracker; one-frame boundary uncertainty,71772,71624,-148,10683,10651,-32,414470144,424022016,9551872,3769280250,3771044687,1764437,6790881280,6790881280,0,1487,1487,0,1487,1487,0,1487,1487,0,-1,1,3840,2160,Farmlands,0,1,0,0,2,0,1.0,1.0,True,True,False,False,False,False,0.1003,14.991131499999028,0.26682442215921187,0.06670610553980297,16.126215,23.5334148,0,0.0,14.989692600000126,
map-Farmlands-fresh-later,1288,15.0,0.0,Editor,62.02000379562378,11.179549999724259,14.288655000200379,18.84660699990488,57.50560000160476,11.616341614906062,11.168597731739283,14.274777704849836,18.787218797951926,55.41519820690155,11.613233006987373,11.16675,13.936159999999997,21.265268999999968,57.4743,11.606010403726707,3.2409999999999997,4.12279,4.843943999999999,47.9431,3.3889457298136643,0.5570499999999999,0.7951199999999998,0.8974279999999993,5.8629999999999995,0.5874358695652173,0.453632,0.882687999999986,1.4240665599999984,2.689024,0.46424562422360244,0.007899999999999999,0.0183,0.02241299999999999,0.1759,0.0087777950310559,17393.0,31310.0,157539.75999999998,411863.0,21355.7049689441,411277312.0,412772966.4,412983828.48,430813184.0,411513188.17391306,9742743010.0,9743812496.8,9745165216.48,9762164377.0,9742386272.126553,63.0,65.0,65.12999999999988,66.0,62.93633540372671,6.0,6.0,6.0,6.0,6.0,15.039755499999956,14.946772799999962,86.10554380006387,1838844.589584658,0.0,live GameplayStatTracker; one-frame boundary uncertainty,71624,71728,104,10651,10673,22,430624768,414359552,-16265216,3771046191,3770387352,-658839,6790881280,6790881280,0,1487,1488,1,1487,1488,1,1487,1488,1,-1,1,3840,2160,Farmlands,0,1,0,0,2,0,1.0,1.0,True,True,False,False,False,False,0.1269,14.992656800000987,0.26679727638397865,0.0,23.5334148,32.1920357,0,0.0,14.990847799999756,
map-Farmlands-fresh-return,594,5.0,0.0,Editor,61.435699462890625,8.112200000141456,10.147514999971463,11.001571000815604,12.304799998673843,8.331801010101625,8.112850598990917,10.078262444585562,11.07290362007919,15.134998597204685,8.344520875080317,8.103200000000001,10.094330000000001,10.86951900000001,12.269499999999999,8.328106565656565,2.6441999999999997,4.37414,4.872810000000001,5.5481,2.8240171717171716,0.2095,1.8628900000000002,2.0577530000000004,2.3152,0.36333350168350165,0.386048,0.515072,1.138411520000002,1.563648,0.3862341784511784,0.0,0.0,0.0,0.0,0.0,16301.0,29140.0,29831.190000000002,32982.0,17590.88888888889,419426304.0,421336473.6,421527552.0,421576704.0,419565485.25252527,9747945647.0,9750240160.6,9750465456.28,9750524111.0,9748086945.462963,211.0,211.0,211.0,211.0,211.0,3.0,3.0,3.0,3.0,3.0,5.022011099999872,4.936870700001236,120.11657506036192,2112957.325600709,0.0,live GameplayStatTracker; one-frame boundary uncertainty,71723,71777,54,10672,10682,10,418021376,422903808,4882432,3769840352,3768640207,-1200145,6790881280,6790881280,0,1488,1488,0,1488,1488,0,1488,1488,0,-1,1,3840,2160,Farmlands,0,1,0,5,2,1,1.0,1.0,True,False,False,False,False,False,4.0702,4.997029000000111,0.0,0.0,0.0,0.0,0,0.0,4.995628499998929,
map-Farmlands-mid-proxy-creation,612,8.0,0.0,Editor,173.21529984474182,11.591200000111712,17.134619999796996,32.26691099993331,110.72899999999208,12.70972941176677,11.592152062803507,17.657241597771637,32.37165492027997,111.14820092916489,12.784294441671056,11.570599999999999,16.151139999999998,32.404832999999996,115.0343,12.715600653594771,3.2159999999999997,4.6177899999999905,14.822170999999985,47.5092,3.661765359477124,0.5902,0.8285649999999998,0.9368269999999995,1.0956,0.6242312091503268,0.263168,0.7551487999999998,2.57297408,3.057664,0.395327477124183,0.0,0.009044999999999992,0.021389,0.0299,0.00318578431372549,17558.0,51058.29999999996,198168.59,12592425.0,49644.35784313725,428636160.0,429531136.0,429624893.44,429649920.0,428606751.7908497,9818538019.0,9819821666.6,9821119113.96,9821991270.0,9818218842.370914,77.0,79.0,79.0,79.0,76.1781045751634,6.0,6.0,6.0,6.0,5.949346405228758,8.039013399999021,7.760359400001107,78.73346690617355,3908672.4053208837,100.38545277211483,live GameplayStatTracker; one-frame boundary uncertainty,87785,94722,6937,14390,16017,1627,434421760,431435776,-2985984,3820643324,3828113559,7470235,6790881280,6790881280,0,1497,1498,1,1497,1498,1,1497,1498,1,-1,1,3840,2160,Farmlands,25,25,17,69,97,50,1.0,1.0,True,True,False,False,True,True,249.74550000000002,7.99942209999972,0.0,0.0,0.0,15.1952,0,0.0,7.997331900000063,
map-Farmlands-mid-proxy-early,1198,15.0,0.0,Editor,53.74229699373245,12.002550000033807,14.77142499925321,20.11697699981596,55.32669999956852,12.499283305509188,12.000103015452623,14.804629422724242,20.091254357248545,53.74229699373245,12.497896081355956,12.0076,14.629089999999998,17.387559,55.2904,12.495626043405675,3.3627,4.1633949999999995,6.196411999999999,44.942099999999996,3.487697412353923,0.6154999999999999,0.8875149999999999,1.0001499999999999,1.3516,0.6532943238731218,0.273408,0.6258175999999999,1.7619660799999834,3.003392,0.39217316110183637,0.0063,0.009514999999999985,0.02286599999999994,0.060399999999999995,0.00505575959933222,18164.0,41388.449999999975,57719.58999999997,185114.0,23147.581803005007,437301248.0,442259251.2,442818682.88,442966016.0,432724255.1986644,9827680103.0,9833541525.8,9834190998.28,9835646800.0,9823151121.901503,78.0,81.0,81.0,81.0,77.98998330550918,6.0,6.0,6.0,6.0,6.0,15.026941300000544,14.962105100001281,80.00211146758336,1851855.4196090107,99.95380763215903,live GameplayStatTracker; one-frame boundary uncertainty,94722,94722,0,16017,16017,0,436928512,426713088,-10215424,3828115039,3827977392,-137647,6790881280,6790881280,0,1498,1499,1,1498,1499,1,1498,1499,1,-1,1,3840,2160,Farmlands,25,27,77,69,97,50,1.0,1.0,True,True,False,False,True,True,0.0011,14.988843000000998,0.2668651609733809,0.0,15.1952,23.04404,0,0.0,14.986657000001287,
map-Farmlands-mid-proxy-later,1096,15.0,0.0,Editor,52.462104707956314,13.150299999324488,15.890349999153841,23.073729999577992,29.50550000059593,13.658649543795434,13.157202862203121,15.888325404375792,23.121270071715045,29.9570020288229,13.661717986654027,13.14205,15.68905,29.11521499999999,33.492799999999995,13.65421003649635,3.6030499999999996,4.469074999999999,5.001544999999998,5.5447999999999995,3.699613229927007,0.66405,0.9187249999999999,1.0717899999999998,1.8551,0.6985738138686131,0.44851199999999997,1.195776,1.4996479999999996,4.2055679999999995,0.48305795985401456,0.0075,0.020975,0.03255999999999994,0.1538,0.006801368613138686,17547.0,50796.75,161516.79999999993,195760.0,25202.270072992702,434427904.0,441866240.0,442881228.8,443092992.0,435293916.49635035,9825686830.0,9833867143.0,9834909125.4,9838231986.0,9826498479.509125,80.0,84.0,86.0,86.0,79.97992700729927,6.0,6.0,6.0,6.0,6.0,15.027137000000948,14.95632730000034,73.21316109470105,1845137.858806178,99.48668199404223,live GameplayStatTracker; one-frame boundary uncertainty,94722,94722,0,16017,16017,0,430628864,444878848,14249984,3827980408,3829753472,1773064,6790881280,6790881280,0,1499,1499,0,1499,1499,0,1499,1499,0,-1,1,3840,2160,Farmlands,25,32,77,69,97,50,1.0,1.0,True,True,False,False,True,True,0.0008,14.989737400001104,0.3335615472489619,0.06671230944979238,23.04404,31.4216461,0,0.0,14.987394800000402,
map-Farmlands-mid-proxy-return,472,5.0,0.0,Editor,80.4499015212059,9.914449999996577,13.722179999331274,16.259501000185995,62.35640000159037,10.462630932201815,9.930800180882215,13.809720799326897,16.782496906816974,57.17550218105316,10.476469914665667,9.94005,13.612775,16.275636000000002,62.194599999999994,10.458348516949153,3.0105999999999997,6.324075,7.1678679999999995,53.0205,3.5129381355932203,0.27005,2.9334599999999997,3.088355,5.044099999999999,0.5490485169491525,0.275456,0.5784575999999999,1.5630336000000011,4.655104,0.29491416949152544,0.0,0.0,0.0,0.0,0.0,16399.0,46329.049999999996,58053.61000000001,156522.0,20280.002118644068,427032576.0,427175936.0,454166323.2,454242304.0,427631477.15254235,9814135236.0,9814561448.05,9843553179.2,9843634960.0,9814770234.436441,334.0,334.0,334.0,334.0,334.0,3.0,3.0,3.0,3.0,3.0,5.032702500000596,4.92189259999941,95.69489590245355,1940692.6916451815,99.54890041681197,live GameplayStatTracker; one-frame boundary uncertainty,94717,94701,-16,16016,16012,-4,453709824,428986368,-24723456,3829343581,3825192158,-4151423,6790881280,6790881280,0,1499,1500,1,1499,1500,1,1499,1500,1,-1,1,3840,2160,Farmlands,25,36,77,69,97,50,1.0,1.0,True,False,False,False,True,True,3.5499,4.992730600000868,0.0,0.0,0.0,0.0,0,0.0,4.99018629999955,
map-Haloween-developed-creation,473,8.0,0.0,Editor,117.77790635824203,14.62569999966945,28.91872000036528,35.30253199976869,79.33779999984836,16.622304016912725,14.611706137657166,28.88506092131138,35.724169611930805,73.03500175476074,16.72906256684478,14.4948,30.424039999999998,36.27145199999999,70.8338,16.6341399577167,4.1133999999999995,7.857519999999996,9.782707999999992,59.131699999999995,4.701044608879492,0.8705999999999999,1.2144599999999997,1.701139999999984,3.0334999999999996,0.906468287526427,0.293888,0.9674751999999969,1.50790144,3.1733759999999998,0.38078724947145876,0.0050999999999999995,0.028399999999999998,0.03575599999999999,0.213,0.007420507399577166,22909.0,176467.0,215392.28,1174410.0,48309.97885835095,510939136.0,517554995.2,517839585.28,518213632.0,508401746.2663848,9920005039.0,9927279613.6,9927720909.44,9929909511.0,9917211492.556025,48.0,66.0,71.0,71.0,50.64270613107822,1.0,1.0,1.0,1.0,1.0,8.035021699999561,7.838503400000263,60.21557635606615,2909013.220704973,100.93314371509965,live GameplayStatTracker; one-frame boundary uncertainty,97565,97571,6,16699,16699,0,501174272,489758720,-11415552,3841994777,3843058156,1063379,6790881280,6790881280,0,1517,1518,1,1517,1518,1,1517,1518,1,-1,1,3840,2160,Haloween,480,732,79,69,97,50,1.0,1.0,True,True,False,False,True,True,158.6841,7.995193200000358,0.0,0.6253757570235796,0.0,44.13449,0,0.0,7.992652999999336,
map-Haloween-developed-early,1002,15.0,0.0,Editor,56.08129873871803,12.669100000493927,27.51148500037743,32.92481199910981,42.5688999985141,14.914485628743748,12.635749764740467,27.510371990501877,32.8051421046257,42.603105306625366,14.927509588425506,12.599899999999998,29.92168499999999,33.36819,45.4355,14.918083133732534,3.7104999999999997,6.0415499999999955,8.122900000000001,25.9302,4.060011576846307,0.7645,1.1298149999999991,2.710687000000002,20.0601,0.8541842315369261,0.44032,0.7285759999999992,1.4486118400000003,2.655232,0.42082004690618763,0.004399999999999999,0.02749499999999999,0.033297,0.2878,0.007078043912175648,22292.5,180985.1,212561.03,1036696.0,45789.01197604791,505618432.0,516606976.0,518090752.0,518189056.0,506504324.85429144,9914180878.5,9928299810.4,9929413165.5,9930829705.0,9915487768.402195,54.0,69.0,71.99000000000001,74.0,56.150698602794414,1.0,1.0,1.0,1.0,1.0,15.026451600000655,14.92740700000104,67.05786209218589,3070513.2504272684,100.02361435749306,live GameplayStatTracker; one-frame boundary uncertainty,97571,97594,23,16699,16703,4,493928448,520024064,26095616,3843063380,3846831962,3768582,6790881280,6790881280,0,1518,1518,0,1518,1518,0,1518,1518,0,-1,1,3840,2160,Haloween,480,732,79,69,97,50,1.0,1.0,True,True,False,False,True,True,0.0012000000000000001,14.990741100000378,0.0,1.3341568549936131,44.8707237,146.661148,1,0.0,14.988566199999696,
map-Haloween-developed-later,1033,15.0,0.0,Editor,68.95370036363602,12.722999999823514,26.404439999532762,31.72826399953918,84.38440000099945,14.478852565343166,12.749702669680119,26.422794535756108,32.175451070070245,68.95370036363602,14.485246470308027,12.5878,28.192719999999998,32.221399999999974,75.91879999999999,14.475228654404646,3.7211,5.982059999999998,8.198243999999992,64.2085,4.094674346563408,0.7505,1.0926999999999998,2.4925679999999977,17.4479,0.828581413359148,0.388096,0.7055359999999999,2.5426329599999997,3.158016,0.4047595198451113,0.0,0.02464,0.03463599999999999,0.2696,0.004974733785091965,20572.0,172691.59999999998,209461.55999999994,1036760.0,42001.48693126815,494362624.0,533116518.4,534456238.08,534700032.0,499474673.87415296,9905218963.0,9944932778.0,9946205209.6,9948402701.0,9909999225.7212,57.0,64.0,66.0,70.0,57.70764762826718,1.0,1.0,1.0,1.0,1.0,15.029997200001162,14.942861800000173,69.06307598990095,2900751.883623004,99.8669514056785,live GameplayStatTracker; one-frame boundary uncertainty,97594,97606,12,16703,16706,3,528556032,503951360,-24604672,3846828197,3846457987,-370210,6790881280,6790881280,0,1518,1519,1,1518,1519,1,1518,1519,1,-1,1,3840,2160,Haloween,480,733,79,69,97,50,1.0,1.0,True,True,False,False,True,True,0.001,14.993660799998906,0.0,1.3338970560145964,147.426941,230.2737,0,0.0,14.991423100000247,
map-Haloween-developed-loadout-creation,328,8.0,0.0,Editor,109.78269577026367,26.059750000058557,35.028845000942965,39.9045910005407,84.66459999908693,24.04287073170785,26.12400520592928,35.18953006714582,40.42806301265957,84.2863991856575,24.150409147983826,27.09575,35.13166,39.79223800000001,86.8989,24.033256402439022,5.271699999999999,9.702664999999998,15.131157000000076,60.894299999999994,6.015366768292683,1.1907,2.754474999999999,3.4349790000000002,19.9834,1.3542722560975609,0.474112,0.7729151999999997,2.800547840000003,2.874368,0.4290060487804878,0.013649999999999999,0.036899999999999995,0.052254000000000175,0.32489999999999997,0.021873170731707317,179144.0,262128.8,293285.33000000025,1196631.0,147243.55487804877,505200640.0,524294963.2,526509629.44,527052800.0,507784042.14634144,9930111367.5,9950914885.75,9952642398.07,9953045825.0,9933129828.314024,74.0,88.0,92.0,97.0,75.03658536585365,1.0,1.0,1.0,1.0,1.0,8.04877259999921,7.86473979999937,41.577980748965935,6122089.690128821,99.51827934610533,live GameplayStatTracker; one-frame boundary uncertainty,100209,100244,35,17331,17338,7,511209472,510361600,-847872,3853478251,3856543873,3065622,6790881280,6790881280,0,1536,1537,1,1536,1537,1,1536,1537,1,-1,1,3840,2160,Haloween,480,732,79,69,97,50,1.0,4.0,True,True,False,False,True,True,158.80450000000002,7.9981666000003315,0.0,3.5008022963661247,0.0,163.4994,0,0.0,7.9958973999982845,
map-Haloween-developed-loadout-early,584,15.0,0.0,Editor,90.3966948390007,27.133850000609527,35.87286499932816,43.00951400038682,92.70460000152525,25.608401027396475,27.092101983726025,35.83640400320292,42.993311285972574,90.3966948390007,25.596216210955117,27.618949999999998,35.77709,44.00964299999994,93.23639999999999,25.602969006849314,5.51695,10.260705000000003,21.132951999999968,27.232499999999998,6.1602643835616435,1.24045,2.8221050000000005,4.254742999999998,20.5594,1.5520642123287671,0.526848,0.6664704,2.3661465599999976,2.874368,0.39029303767123286,0.0288,0.041185,0.05247799999999986,0.2859,0.025007020547945204,184680.0,256157.15,367572.7299999917,1185073.0,162725.86130136985,516093952.0,540394291.2,544242196.48,545304576.0,516003622.5753425,9942895148.0,9967190635.8,9971740849.17,9973490632.0,9942836403.97774,79.0,90.0,92.16999999999996,94.0,79.79452054794521,1.0,1.0,1.0,1.0,1.0,15.040479199999027,14.92150649999894,39.071121940672775,6357881.969806827,99.7973522013911,live GameplayStatTracker; one-frame boundary uncertainty,100244,100735,491,17338,17423,85,515297280,527970304,12673024,3856564097,3857672255,1108158,6790881280,6790881280,0,1537,1538,1,1537,1538,1,1537,1538,1,-1,1,3840,2160,Haloween,480,732,79,69,97,50,4.0,4.0,True,True,False,False,True,True,0.001,14.98052749999988,0.0,4.53922600522582,163.4994,502.4156,2,0.0,14.978243499999735,
map-Haloween-developed-loadout-later,706,15.0,0.0,Editor,77.74300128221512,20.79094999953668,32.743724998908874,36.193624999668835,74.04479999968316,21.167181444761088,20.80750372260809,32.80790150165558,36.80287785828114,65.84180146455765,21.172028868630655,20.01735,32.8985,36.73516000000003,65.6828,21.160484702549574,4.663399999999999,8.261275,17.805890000000023,55.909099999999995,5.247601699716713,0.9946499999999999,2.4034999999999997,2.8471850000000014,19.0323,1.2100698300283286,0.5406719999999999,0.662528,2.5987584000000012,3.555328,0.4455197535410765,0.022149999999999996,0.029775,0.03427000000000002,0.21789999999999998,0.014090934844192634,93364.0,245539.75,289128.50000000006,1069381.0,120899.15155807366,516501504.0,541931520.0,545609932.8,546181120.0,517999195.37677056,9944439961.5,9971322240.75,9974355267.95,9976626698.0,9946065147.764872,71.0,79.0,82.0,85.0,71.30453257790369,1.0,1.0,1.0,1.0,1.0,15.038724199999706,14.913781000001109,47.27171466444006,5715110.195626152,99.67600842098223,live GameplayStatTracker; one-frame boundary uncertainty,100735,100761,26,17423,17429,6,533921792,539090944,5169152,3857684430,3857885461,201031,6790881280,6790881280,0,1538,1539,1,1538,1539,1,1538,1539,1,-1,1,3840,2160,Haloween,480,733,79,69,97,50,4.0,4.0,True,True,False,False,True,True,0.0013000000000000002,14.981917099999919,0.0,3.5375980020607836,502.4156,766.84436,2,0.0,14.979440999999497,
map-Haloween-developed-loadout-return,496,5.0,0.0,Editor,74.60059970617294,9.005750000142143,13.836449998962053,17.121359999873675,82.39289999983157,9.921066129033035,9.003298357129097,13.853601412847638,20.413996558636487,66.01160019636154,9.967753017741826,9.037949999999999,13.773249999999999,15.886630000000048,72.5394,9.936695967741935,2.83835,6.3709999999999996,7.6109300000000015,63.007099999999994,3.4918647177419353,0.26089999999999997,3.129375,3.5388850000000005,4.0598,0.557836693548387,0.346624,0.5696,0.771584,2.598912,0.3289372903225806,0.0,0.0,0.0,0.0,0.0,16399.0,34861.0,43228.80000000009,188787.0,20412.75,503279616.0,503455744.0,547173990.4,547250176.0,504707848.2580645,9926255651.0,9926807593.0,9971524330.2,9971615479.0,9927722723.372984,354.0,354.0,354.0,354.0,353.71370967741933,3.0,3.0,3.0,3.0,3.0,5.024996300000566,4.903730300000461,100.94356127211022,2060535.6803572678,99.10455058443404,live GameplayStatTracker; one-frame boundary uncertainty,100756,100915,159,17428,17459,31,546254848,505380864,-40873984,3857422077,3853122139,-4299938,6790881280,6790881280,0,1539,1540,1,1539,1540,1,1539,1540,1,-1,1,3840,2160,Haloween,480,733,79,69,97,50,1.0,1.0,True,False,False,False,True,True,4.1226,4.991699100000915,0.0,0.0,0.0,0.0,0,0.0,4.989507499998581,
map-Haloween-developed-return,537,5.0,0.0,Editor,65.07609784603119,8.710500000233878,12.084880000111298,14.469256000302263,17.741100000421284,9.215541899441394,8.708198554813862,12.094138748943806,14.71420135349035,18.215801566839218,9.230019923583978,8.7064,11.99414,14.399307999999998,23.1057,9.212359590316574,2.7393,5.419179999999999,6.8169879999999985,7.266299999999999,3.119566852886406,0.23729999999999998,2.82252,3.3503079999999996,3.5671,0.4839558659217877,0.365568,0.42291199999999995,0.43790335999999996,1.234944,0.3351740446927374,0.0,0.0,0.0,0.0,0.0,16399.0,34861.0,43656.63999999999,164449.0,19607.158286778398,511561728.0,514545254.4,514910453.76,514998272.0,511867066.87523276,9918921842.0,9922362776.4,9922761958.16,9922855994.0,9919237249.707636,334.0,334.0,334.0,334.0,334.0,3.0,3.0,3.0,3.0,3.0,5.033212299998922,4.937615400000141,108.5544248748059,2128443.791250514,98.74409629017762,live GameplayStatTracker; one-frame boundary uncertainty,97601,97585,-16,16705,16701,-4,509292544,516833280,7540736,3845899256,3843195216,-2704040,6790881280,6790881280,0,1519,1519,0,1519,1519,0,1519,1519,0,-1,1,3840,2160,Haloween,480,733,79,69,97,50,1.0,1.0,True,False,False,False,True,True,3.7408,4.998260600001231,0.0,0.0,0.0,0.0,0,0.0,4.99610709999979,
map-Haloween-fresh-creation,615,8.0,0.0,Editor,86.73379570245743,12.40710000092804,18.091650001224476,27.241250000442964,35.562700000809855,12.933487967479518,12.408999726176262,18.20687111467122,27.12775442749262,35.54829955101013,12.9473464896645,12.3491,17.12866,28.222786000000006,38.2027,12.929302113821137,3.5643,4.907179999999992,8.440928000000001,16.4272,3.7831578861788615,0.7453,1.0216999999999998,1.1924520000000003,1.7466,0.7668868292682927,0.392192,0.8928255999999998,1.34496256,3.305472,0.3986972764227642,0.0,0.0,0.016885999999999998,0.0237,0.0006645528455284553,17561.0,36313.59999999996,205093.36000000002,1167890.0,30530.48455284553,414142464.0,415539200.0,415660359.68,415682560.0,414115010.8097561,9791021032.0,9792827711.6,9792987325.96,9793435581.0,9790866795.917072,41.0,45.0,45.0,45.0,41.37886178861788,1.0,1.0,1.0,1.0,1.0,8.025132999999187,7.939859399999477,77.33134417972697,2360963.408929935,0.0,live GameplayStatTracker; one-frame boundary uncertainty,75013,76290,1277,11465,11695,230,411009024,417099776,6090752,3812703527,3816793809,4090282,6790881280,6790881280,0,1495,1495,0,1495,1495,0,1495,1495,0,-1,1,3840,2160,Haloween,0,1,0,0,2,0,1.0,1.0,True,True,False,False,False,False,373.8955,7.99584219999997,0.0,0.0,0.0,8.904984,0,0.0,7.99430349999966,
map-Haloween-fresh-early,1278,15.0,0.0,Editor,57.16279894113541,11.056349999307713,16.832640000939136,24.475029000168433,58.600800000931486,11.726404694836361,11.068254243582487,16.6878924705088,24.19536931440235,57.16279894113541,11.72496024985595,11.041,14.425514999999987,25.301233,58.551399999999994,11.722564397496088,3.2706,4.050204999999999,5.152723000000004,49.7255,3.3937589984350547,0.6585,0.8990149999999999,1.043485,7.8126999999999995,0.6836824726134585,0.483328,1.2927487999999994,1.43895552,4.411392,0.513205030516432,0.0039,0.0087,0.015,0.1299,0.003499921752738654,17481.0,32138.0,171231.0,209585.0,25032.329420970265,408322048.0,424545280.0,425343754.24,425840640.0,411429011.43035996,9784765793.0,9802259482.2,9802992394.32,9805484994.0,9787943275.03443,47.0,47.0,49.0,51.0,45.117370892018776,1.0,1.0,1.0,1.0,1.0,15.029495900000256,14.975422400000753,85.27305380046815,2134583.173465439,0.0,live GameplayStatTracker; one-frame boundary uncertainty,76290,76039,-251,11695,11641,-54,422838272,410517504,-12320768,3816793105,3816481502,-311603,6790881280,6790881280,0,1495,1496,1,1495,1496,1,1495,1496,1,-1,1,3840,2160,Haloween,0,1,0,0,2,0,1.0,1.0,True,True,False,False,False,False,0.0012000000000000001,14.99811260000024,0.0,0.06667505616673287,8.904984,9.793542,0,0.0,14.996592800000144,
map-Haloween-fresh-later,1278,15.0,0.0,Editor,56.64009973406792,11.210250000658561,14.407815000413377,20.08966899982626,59.82009999934235,11.717664788732794,11.211798060685396,14.243373135104754,20.383909139782197,56.64009973406792,11.719528083574371,11.193999999999999,14.186449999999997,22.480309000000027,59.7864,11.713606494522692,3.2562499999999996,4.054229999999999,7.435092,49.3369,3.4826691705790296,0.6434,0.9031049999999998,1.0294299999999998,1.3495,0.6746342723004695,0.4608,1.3429247999999994,1.4296576,1.595392,0.5238128505477309,0.005399999999999999,0.0093,0.0141,0.061799999999999994,0.005543270735524256,17041.0,31144.55,67880.1000000021,1413391.0,22468.340375586853,416630784.0,421217484.8,421631836.16,421744640.0,416236359.7120501,9794226609.0,9799639907.8,9800129580.92,9800265085.0,9793723256.441315,47.0,47.0,47.0,47.0,46.056338028169016,1.0,1.0,1.0,1.0,1.0,15.020885600000838,14.962250399999903,85.34812383570377,1917630.6967583299,0.0,live GameplayStatTracker; one-frame boundary uncertainty,76039,76089,50,11641,11650,9,414150656,410886144,-3264512,3816482942,3816308704,-174238,6790881280,6790881280,0,1496,1497,1,1496,1497,1,1496,1497,1,-1,1,3840,2160,Haloween,0,1,0,0,2,0,1.0,1.0,True,True,False,False,False,False,0.0015,14.991270200000145,0.0,0.0,9.793542,3.55399847,0,0.0,14.98972760000106,
map-Haloween-fresh-return,605,5.0,0.0,Editor,56.081704795360565,8.039199999984703,10.37691999954404,12.051135999863622,12.785200000507757,8.17288297520696,8.058099076151848,10.402224026620388,12.049827054142956,17.092999070882797,8.188050407300556,8.029,10.362699999999998,11.968192,12.7484,8.169890247933884,2.6526,4.556139999999998,5.370892000000001,5.608499999999999,2.8198181818181816,0.1798,2.0164599999999977,2.424528,2.6174999999999997,0.3530657851239669,0.38707199999999997,0.4902911999999999,1.1991040000000008,1.5104,0.38680288099173554,0.0,0.0,0.0,0.0,0.0,16301.0,30200.0,30217.0,32999.0,17567.138842975208,414363648.0,415162368.0,415232000.0,415252480.0,414438797.75206614,9788193943.0,9789380712.0,9789485012.8,9789513320.0,9788275862.128925,195.0,195.0,195.0,195.0,195.0,3.0,3.0,3.0,3.0,3.0,5.019388199998502,4.931987399999343,122.46584409361638,2151374.486714714,0.0,live GameplayStatTracker; one-frame boundary uncertainty,76084,75998,-86,11649,11631,-18,413859840,416661504,2801664,3815452622,3813802588,-1650034,6790881280,6790881280,0,1497,1497,0,1497,1497,0,1497,1497,0,-1,1,3840,2160,Haloween,0,1,0,1,2,1,1.0,1.0,True,False,False,False,False,False,2.7185,4.992794499999945,0.0,0.0,0.0,0.0,0,0.0,4.991253300000608,
map-Haloween-mid-proxy-creation,511,8.0,0.0,Editor,155.12259304523468,14.2918000001373,22.150949999740988,30.14881000035528,36.00919999917096,15.16235127201783,14.34129849076271,22.212752141058445,31.28059040755032,155.12259304523468,15.438822878127345,14.160499999999999,27.10615,32.082999999999984,45.4953,15.16959941291585,3.9764999999999997,6.2498,8.543079999999996,18.051099999999998,4.235086105675147,0.9060999999999999,1.2085,1.3397199999999998,2.2582999999999998,0.9335230919765166,0.433152,0.847872,1.4353407999999999,1.803264,0.4347691174168297,0.0,0.02565,0.029779999999999994,0.07089999999999999,0.009311154598825831,18881.0,160489.0,209970.7999999999,1171689.0,36525.18982387475,505769984.0,507592704.0,507738112.0,507764736.0,505898627.25636005,9904109514.0,9909579496.0,9909774617.6,9909837796.0,9905094580.794521,55.0,61.0,63.89999999999998,64.0,55.87475538160469,1.0,1.0,1.0,1.0,1.0,8.033016299999872,7.727286900000763,65.9998789484508,2410658.1069449205,100.3359099370946,live GameplayStatTracker; one-frame boundary uncertainty,95726,95813,87,16264,16280,16,530034688,509566976,-20467712,3835089764,3836472441,1382677,6790881280,6790881280,0,1506,1507,1,1506,1507,1,1506,1507,1,-1,1,3840,2160,Haloween,25,25,18,69,97,50,1.0,1.0,True,True,False,False,True,True,340.2044,7.993673900000431,0.0,0.2501978470750342,0.0,17.4888248,0,0.0,7.991449900000589,
map-Haloween-mid-proxy-early,1034,15.0,0.0,Editor,48.54020103812218,13.413800000307674,22.473830000035356,31.488630000621875,38.725200000044424,14.483440715666168,13.387549668550491,22.426065150648352,31.314692217856614,38.73949870467186,14.482328630407382,13.386199999999999,27.210864999999995,32.008469999999996,39.822399999999995,14.479119632495165,3.8394,4.85124,5.8164299999999995,15.607099999999999,3.935125048355899,0.8324499999999999,1.1222699999999999,1.3508989999999996,10.113299999999999,0.8686948742746615,0.408576,1.0607615999999986,1.641625599999998,3.373056,0.4380788636363636,0.0058,0.026134999999999988,0.033100999999999985,0.0465,0.011311315280464217,18875.0,158420.54999999996,183223.53,224717.0,31563.35493230174,526850048.0,532824268.8,533535457.28,533708800.0,525517152.55705994,9926594957.0,9933176918.6,9933961099.08,9934151781.0,9925812296.74468,70.0,72.0,76.0,77.0,67.77176015473887,1.0,1.0,1.0,1.0,1.0,15.027828599999339,14.963823300000513,69.0331594599867,2178918.114133744,99.74827634113859,live GameplayStatTracker; one-frame boundary uncertainty,95813,95814,1,16280,16280,0,514437120,535511040,21073920,3836475233,3838068446,1593213,6790881280,6790881280,0,1507,1507,0,1507,1507,0,1507,1507,0,-1,1,3840,2160,Haloween,25,27,71,69,97,50,1.0,1.0,True,True,False,False,True,True,0.0009000000000000001,14.990634100000534,0.0,0.20012495668878297,17.8117676,22.87335,0,0.0,14.98849280000104,
map-Haloween-mid-proxy-later,1091,15.0,0.0,Editor,77.2721916437149,13.019800000620307,17.425499999262684,27.142440000352355,77.51889999963169,13.733695600367739,13.010700233280659,17.39219855517149,27.126059494912468,77.2721916437149,13.733778632904116,13.0114,17.264899999999997,31.710299999999954,77.44619999999999,13.729576626947754,3.631,6.819799999999999,8.133119999999973,64.9901,3.991875985334555,0.7655,1.04175,1.1722199999999992,1.2562,0.7951754353803849,0.40448,1.084416,1.664511999999991,3.7478399999999996,0.45246436480293306,0.0047,0.0087,0.022139999999999962,0.0457,0.004516131989000916,18401.0,40630.0,161033.29999999996,1429613.0,26630.961503208066,432119808.0,553066496.0,554186752.0,554504192.0,486380327.1860678,9831121057.0,9954255029.0,9955398025.8,9955743564.0,9885830162.640697,70.0,70.0,70.0,70.0,63.29147571035747,1.0,1.0,1.0,1.0,1.0,15.0371238000007,14.97064010000031,72.80917801236684,1938978.4167275645,99.62011485201248,live GameplayStatTracker; one-frame boundary uncertainty,95814,95838,24,16280,16286,6,544235520,433991680,-110243840,3838075806,3836509917,-1565889,6790881280,6790881280,0,1507,1508,1,1507,1508,1,1507,1508,1,-1,1,3840,2160,Haloween,25,32,71,69,97,50,1.0,1.0,True,True,False,False,True,True,0.001,14.99975540000014,0.0,0.0,22.87335,12.8587112,0,0.0,14.997490599998855,
map-Haloween-mid-proxy-return,526,5.0,0.0,Editor,66.68219715356827,8.925250000174856,12.129975000334525,14.247724999677303,19.835899998724926,9.399098288972347,8.920302148908377,12.196297524496913,14.261197997257113,20.824000239372253,9.421200539293512,8.9293,12.0727,14.165325,19.8117,9.39571216730038,2.8178,5.498375,6.5867249999999995,9.3814,3.1129209125475286,0.243,2.670025,3.1341249999999996,4.3801,0.48688536121673004,0.36147199999999996,0.4032,0.414464,1.517568,0.3369446596958175,0.0,0.0,0.0,0.0,0.0,16399.0,33347.0,40498.75,48684.0,19619.0,438583296.0,439311360.0,439385088.0,439394304.0,438589284.2585551,9834473278.0,9835574745.75,9835677886.0,9835693606.0,9834495527.028517,326.0,326.0,326.0,326.0,326.0,3.0,3.0,3.0,3.0,3.0,5.030010700000275,4.9330675000001065,106.42465362575895,2087945.279483765,100.19859401093767,live GameplayStatTracker; one-frame boundary uncertainty,95833,95747,-86,16285,16267,-18,437825536,441196544,3371008,3835569636,3833935092,-1634544,6790881280,6790881280,0,1508,1508,0,1508,1508,0,1508,1508,0,-1,1,3840,2160,Haloween,25,36,71,69,97,50,1.0,1.0,True,False,False,False,True,True,3.8807,4.997836099999404,0.0,0.0,0.0,0.0,0,0.0,4.995745700000043,
map-hotspot-return,508,5.0,0.0,Editor,231.9107949733734,8.856049998939852,12.33063499930722,21.362379998845444,114.82539999997243,9.681725393699786,8.859346620738506,12.3295025434345,21.63941634818913,107.8111007809639,9.689850003025898,8.85095,12.270889999999998,22.100354000000003,114.70349999999999,9.678131496062992,2.8099499999999997,5.709309999999999,11.276231000000015,16.291,3.326013779527559,0.2929,3.0284599999999995,3.123674,3.7901,0.5550976377952755,0.294912,0.36930559999999996,1.9024793600000003,10.044416,0.33711168503937006,0.0,0.0,0.0,0.0,0.0,16399.0,34861.0,42407.22000000003,156612.0,20044.59842519685,583925760.0,585939558.4,586128834.56,586182656.0,584029659.7165354,11413586977.0,11416022403.05,11416247344.36,11416315965.0,11413739518.651575,398.0,398.0,398.0,398.0,398.0,3.0,3.0,3.0,3.0,3.0,5.0284907999994175,4.803491099999519,105.54823345046913,2115671.954003583,102.81414853141621,live GameplayStatTracker; one-frame boundary uncertainty,101048,101591,543,17504,17612,108,581578752,588099584,6520832,4955320052,4952866509,-2453543,8946950144,8946950144,0,1589,1589,0,1589,1589,0,1589,1589,0,-1,1,3840,2160,Farmlands,480,733,79,69,97,50,1.0,1.0,True,False,False,False,True,True,3230.1902,4.988802599998962,0.0,0.0,0.0,0.0,0,0.0,4.986491400000887,
map-hotspot-warm,516,10.0,0.0,Editor,330.13689517974854,17.61640000040643,31.023075000121025,41.50011999981885,73.00720000057481,19.056490891473864,17.62090064585209,31.05252282693982,44.720666483044695,91.26460552215576,19.1754715051502,14.08605,31.39005,42.12402500000004,89.3245,19.08301027131783,4.5295,7.66655,19.38603000000001,53.055899999999994,5.191965697674418,0.9079499999999999,1.7930249999999999,2.4941250000000004,3.0408999999999997,1.0107676356589146,0.520192,0.770304,2.6293248,2.879488,0.4586750872093023,0.01235,0.037774999999999996,0.04244500000000003,0.23429999999999998,0.018562790697674417,45063.5,242548.25,314565.75000000006,4193534.0,108921.52713178295,510611456.0,524554240.0,526095360.0,526209024.0,510986089.1782946,9941680462.5,9954791111.0,9956815374.25,9958017239.0,9941107293.86628,102.0,112.0,115.0,116.0,103.19573643410853,6.0,8.0,8.0,8.0,6.6976744186046515,10.03058400000009,9.7620124999994,52.7555153202305,5746211.293303678,102.68594530487863,live GameplayStatTracker; one-frame boundary uncertainty,112011,100845,-11166,20036,17452,-2584,513323008,522063872,8740864,3850199598,3859905724,9706126,6790881280,6790881280,0,1578,1579,1,1578,1579,1,1578,1579,1,-1,1,3840,2160,Farmlands,480,732,79,69,97,50,1.0,4.0,False,True,False,False,True,True,170.5547,9.89717219999875,3.435324687995658,0.707272729881459,0.0,84.9872,0,0.0,9.971024000000398,
map-Mines-developed-creation,503,8.0,0.0,Editor,114.37869817018509,14.842399999906775,22.764060000190508,33.141968000090884,41.13089999918884,15.632137375743937,14.857999980449677,22.84590974450111,34.68413226306442,64.97400254011154,15.734618470428241,14.732299999999999,23.821629999999978,34.29482,37.3831,15.640554274353876,4.0449,7.502659999999997,14.682804000000022,19.141,4.44206958250497,0.7055,1.0661399999999999,1.2274700000000007,2.5213,0.7515761431411531,0.512,1.0596351999999998,1.5490048000000003,2.63168,0.4950398230616302,0.0,0.0255,0.032498000000000006,0.14959999999999998,0.006160636182902584,18219.0,54767.69999999991,176519.32000000024,1030997.0,31651.40755467197,472522752.0,474053836.8,474177454.08,474218496.0,472399538.1312127,9879112837.0,9881154405.2,9882493406.08,9883263982.0,9878877388.079523,49.0,53.0,53.0,53.0,49.29821073558648,1.0,1.0,1.0,1.0,1.0,8.029399900000499,7.8402888999989955,64.02825283645662,2026584.32554027,100.75472763536784,live GameplayStatTracker; one-frame boundary uncertainty,97198,97406,208,16614,16667,53,463245312,476053504,12808192,3839297414,3842846694,3549280,6790881280,6790881280,0,1513,1513,0,1513,1513,0,1513,1513,0,-1,1,3840,2160,Mines,480,732,79,69,97,50,1.0,1.0,True,True,False,False,True,True,163.0343,7.990387699999701,0.5006014914645693,0.0,0.0,23.1445866,0,0.0,7.988023500000054,
map-Mines-developed-early,1031,15.0,0.0,Editor,65.34279882907867,13.609000001451932,19.925850000618084,28.5008400000152,67.42839999969874,14.527110184286546,13.595500029623508,19.909651018679142,28.53334136307243,65.34279882907867,14.524402895402146,13.5926,17.956899999999997,35.31883,67.4106,14.522783899127061,3.7243,5.4519,7.023980000000001,56.973299999999995,4.054071290009699,0.6951999999999999,1.0417999999999998,1.28193,3.5328,0.7449988360814742,0.490496,1.285632,1.608704,4.033536,0.5386537613967022,0.0070999999999999995,0.02565,0.03238000000000002,0.1493,0.00752929194956353,18185.0,45783.0,167875.80000000002,226887.0,27450.80989330747,460881920.0,484579328.0,484911923.2,484978688.0,464330791.728419,9867422351.0,9891872530.0,9892297765.7,9895428457.0,9870873120.490786,58.0,62.0,65.0,68.0,57.76818622696411,1.0,1.0,1.0,1.0,1.0,15.040852899999663,14.964962199999718,68.82743746589748,1889368.9013198595,99.5289303042139,live GameplayStatTracker; one-frame boundary uncertainty,97406,97406,0,16667,16667,0,483766272,464580608,-19185664,3842845197,3843133142,287945,6790881280,6790881280,0,1513,1514,1,1513,1514,1,1513,1514,1,-1,1,3840,2160,Mines,480,732,79,69,97,50,1.0,1.0,True,True,False,False,True,True,0.0009000000000000001,14.992715500000486,0.5335924636200654,0.13339811590501635,23.71474,52.97026,0,0.0,14.989769599998908,
map-Mines-developed-later,1128,15.0,0.0,Editor,76.94719731807709,12.874550000560703,16.379950000373356,21.591761999643506,29.927799998404225,13.270386436169188,12.86550099030137,16.421002801507708,21.81579621508719,30.000099912285805,13.270890866142057,12.87265,16.221379999999996,19.197456000000017,35.8356,13.26643634751773,3.4981999999999998,4.804254999999999,5.532535,6.332599999999999,3.6865525709219855,0.64855,0.9302999999999999,1.088549,2.1984,0.6910383865248226,0.421888,1.0164223999999993,1.5274803200000002,2.9521919999999997,0.4472945895390071,0.0073,0.022199999999999998,0.032692000000000006,0.2779,0.008106382978723403,18176.0,36657.0,61959.12000000004,184707.0,23931.624113475176,476475392.0,483470950.4,484153958.4,484311040.0,476651719.71631205,9884915133.0,9892886454.8,9893615747.0,9893787962.0,9885118532.258865,54.0,59.0,59.0,60.0,55.68173758865248,1.0,1.0,1.0,1.0,1.0,15.044975000000704,14.95045140000002,75.3823392917754,1804021.8087252192,100.03339985609345,live GameplayStatTracker; one-frame boundary uncertainty,97406,97406,0,16667,16667,0,470048768,486146048,16097280,3843134466,3845310631,2176165,6790881280,6790881280,0,1514,1514,0,1514,1514,0,1514,1514,0,-1,1,3840,2160,Mines,480,733,79,69,97,50,1.0,1.0,True,True,False,False,True,True,0.001,14.997571599998992,0.46674222912197805,0.0,52.97026,66.79167,0,0.0,14.994633500000418,
map-Mines-developed-loadout-creation,352,8.0,0.0,Editor,173.19980263710022,20.93059999970137,33.986785000342934,39.78225399963778,50.71479999969597,22.07569488636161,20.947101525962353,33.9238490909338,41.607068814337275,72.65199720859528,22.198802235917274,19.632399999999997,34.640654999999995,39.068995000000015,52.7011,22.06484034090909,5.1029,9.834804999999998,19.675311000000004,25.4037,5.756677272727273,0.9822,2.1524599999999996,3.015494,18.2743,1.1646247159090908,0.5207040000000001,0.8063488,2.683514880000001,2.894848,0.45119416193181816,0.014349999999999998,0.041045,0.052439000000000006,0.0683,0.020632954545454545,89634.5,255465.14999999997,298705.47000000003,1186055.0,119817.59943181818,457639936.0,471897292.8,472811479.04,472997888.0,460845009.45454544,9880165609.5,9895281195.75,9896509149.85,9899726561.0,9883264988.727272,83.0,95.0,102.98000000000002,108.0,83.5909090909091,1.0,1.0,1.0,1.0,1.0,8.043730100000175,7.7479167000001326,45.30250047732108,5428036.855451409,100.69954982701152,live GameplayStatTracker; one-frame boundary uncertainty,99339,99538,199,17125,17175,50,463343616,474996736,11653120,3850920943,3853881816,2960873,6790881280,6790881280,0,1527,1528,1,1527,1528,1,1527,1528,1,-1,1,3840,2160,Mines,480,732,79,69,97,50,1.0,4.0,True,True,False,False,True,True,158.42770000000002,7.9894920000006096,4.00526091020525,1.0013152275513124,0.0,150.827377,0,0.0,7.987301999999545,
map-Mines-developed-loadout-early,551,15.0,0.0,Editor,235.9011024236679,28.33689999897615,38.312349999614526,48.02595000091969,235.29899999994086,27.128578584391565,28.476998209953308,37.77954913675785,48.24009723961353,235.9011024236679,27.140095280635485,29.9071,37.834849999999996,48.185649999999995,242.9761,27.140633030852992,5.925199999999999,11.328599999999998,21.9593,63.5578,6.834841560798548,1.3514,2.7924499999999997,3.8225499999999997,19.0494,1.6031141560798547,0.282624,1.053696,1.65376,2.663424,0.37515938294010887,0.0282,0.054849999999999996,0.0686,0.3025,0.03223139745916515,188400.0,294893.0,357742.5,18682076.0,201837.943738657,466522112.0,494008320.0,496973824.0,497610752.0,470432045.06715065,9890982548.0,9918982944.0,9922017401.5,9924249469.0,9894587761.522686,92.0,101.0,104.0,106.0,91.8983666061706,1.0,1.0,1.0,1.0,1.0,15.04493739999998,14.914517999999589,36.87682029013711,7443141.578981259,100.4989226475613,live GameplayStatTracker; one-frame boundary uncertainty,99538,99772,234,17175,17232,57,480706560,476180480,-4526080,3853884835,3854571480,686645,6790881280,6790881280,0,1528,1530,2,1528,1530,2,1528,1530,2,-1,1,3840,2160,Mines,480,732,79,69,97,50,4.0,4.0,True,True,False,False,True,True,0.001,14.987509800001135,5.604666894028896,1.734777848151801,150.827377,441.5798,2,0.0,14.98497099999986,
map-Mines-developed-loadout-later,542,15.0,0.0,Editor,75.0918984413147,29.28429999974469,40.96457000068766,50.841003999448816,87.25409999897238,27.608358856087925,29.358651489019394,40.762408263981314,50.85968863219031,73.39440286159515,27.609228993322688,30.417899999999996,39.866369999999996,49.33258100000003,78.02669999999999,27.610979335793356,6.161899999999999,13.132964999999995,26.43184900000008,66.7103,7.3878440959409595,1.44185,3.0758199999999922,12.397087000000425,24.682,1.7908084870848708,0.31846399999999997,1.1414527999999995,1.6287436800000006,3.494912,0.41788644833948335,0.036199999999999996,0.05799499999999999,0.13379600000000108,0.3109,0.03705811808118081,190359.0,302200.8999999998,433211.9700000029,1204217.0,179797.74907749076,483989504.0,505702400.0,508584058.88,509059072.0,484403313.3579336,9909015825.5,9931489949.4,9934316692.84,9934936822.0,9909618642.702951,96.0,105.0,107.0,109.0,95.49077490774907,1.0,1.0,1.0,1.0,1.0,15.05980229999841,14.935095400000137,36.22340437142404,6512886.569905781,99.73570502981693,live GameplayStatTracker; one-frame boundary uncertainty,99772,100143,371,17232,17315,83,481206272,471777280,-9428992,3854535171,3854429365,-105806,6790881280,6790881280,0,1530,1532,2,1530,1532,2,1530,1532,2,-1,1,3840,2160,Mines,480,733,79,69,97,50,4.0,4.0,True,True,False,False,True,True,0.0012000000000000001,14.994850500001121,4.601579722318328,1.9339972745975582,444.094727,768.648743,5,0.0,14.991879100000006,
map-Mines-developed-loadout-return,447,5.0,0.0,Editor,80.6414932012558,10.49810000040452,14.35707999880833,18.437804001187054,27.431200000137324,11.00631565995736,10.525899939239025,14.374867919832468,19.50256496667864,28.082596138119698,11.041901095184837,10.4887,14.34904,17.445942000000024,32.7574,11.020684787472035,3.3796,6.51561,7.2337020000000045,7.7302,3.755655257270693,0.3356,3.30511,3.645332,4.2477,0.6697008948545861,0.42803199999999997,0.7789567999999999,1.2872704000000001,1.416192,0.4112837472035794,0.0,0.0,0.0,0.0,0.0,16399.0,34844.0,44130.86000000001,182911.0,21168.816554809844,476049408.0,476356608.0,476393472.0,476405760.0,476106458.7740492,9897065197.0,9897750072.2,9897829430.6,9897859140.0,9897155029.111856,402.0,402.0,402.0,402.0,402.0,3.0,3.0,3.0,3.0,3.0,5.029374800000369,4.9053453000015,90.92122424080189,1924694.7168922652,100.80775845140091,live GameplayStatTracker; one-frame boundary uncertainty,100138,100717,579,17314,17429,115,475676672,478306304,2629632,3853655388,3851528125,-2127263,6790881280,6790881280,0,1532,1532,0,1532,1532,0,1532,1532,0,-1,1,3840,2160,Mines,480,733,79,69,97,50,1.0,1.0,True,False,False,False,True,True,4.0075,4.991046399998595,0.0,0.0,0.0,0.0,0,0.0,4.988619899999321,
map-Mines-developed-return,442,5.0,0.0,Editor,117.97220259904861,10.460800000146264,14.803765001397549,16.803121999273568,18.81659999889962,11.006369909504494,10.45905239880085,14.964785566553473,16.8274225667119,23.000899702310562,11.029513120836667,10.45625,14.682204999999998,16.823884999999997,18.6571,11.002447963800904,3.2259,6.974429999999999,8.110055,8.296899999999999,3.6518047511312215,0.28464999999999996,3.2403699999999995,3.6053879999999987,3.6973,0.612510180995475,0.510976,1.32992,1.4204211199999996,1.8421759999999998,0.5331193574660633,0.0,0.0,0.0,0.0,0.0,16399.0,41043.549999999996,46480.95,51246.0,19865.990950226245,460337152.0,460664627.2,460726272.0,460750848.0,460389417.7013575,9862983358.0,9863683086.0,9863785262.96,9863820822.0,9863041647.979637,346.0,346.0,346.0,346.0,346.0,3.0,3.0,3.0,3.0,3.0,5.040839600000254,4.853395600001022,90.86421885739277,1805107.7495203416,99.586584742743,live GameplayStatTracker; one-frame boundary uncertainty,97401,97490,89,16666,16683,17,494755840,462585856,-32169984,3844548154,3838918256,-5629898,6790881280,6790881280,0,1514,1515,1,1514,1515,1,1514,1515,1,-1,1,3840,2160,Mines,480,733,79,69,97,50,1.0,1.0,True,False,False,False,True,True,3.5411,4.996295900000405,0.0,0.0,0.0,0.0,0,0.0,4.99375289999989,
map-Mines-fresh-creation,677,8.0,0.0,Editor,110.80829799175262,11.027500000636792,16.192560000126804,26.35585999909382,66.12260000110837,11.736371048744498,11.027700267732143,16.34321846067904,27.206479087471962,62.789902091026306,11.755844159945955,10.9933,16.180039999999988,26.148540000000004,65.94019999999999,11.73246070901034,3.0113,6.172239999999999,11.042096000000006,51.9984,3.4235062038404727,0.5028,0.6604399999999999,0.7910600000000001,1.0786,0.5154751846381093,0.472064,1.2998655999999997,1.4163968,1.466368,0.5410879394387001,0.0,0.0097,0.015620000000000005,0.1706,0.002751994091580502,17397.0,31943.0,167093.96000000005,1168873.0,25018.751846381092,418295808.0,418915123.2,437957591.04,438083584.0,418583030.16839,9766663337.0,9768153802.0,9785343705.84,9785875384.0,9766928044.34712,43.0,45.0,45.0,45.0,43.16543574593796,1.0,1.0,1.0,1.0,1.0,8.030500900000334,7.924005100001523,85.31039436103721,2134359.586435699,0.0,live GameplayStatTracker; one-frame boundary uncertainty,73473,74840,1367,11085,11423,338,437772288,420388864,-17383424,3786565906,3788417491,1851585,6790881280,6790881280,0,1490,1491,1,1490,1491,1,1490,1491,1,-1,1,3840,2160,Mines,0,1,0,0,2,0,1.0,1.0,True,True,False,False,False,False,245.4747,7.997510299999703,0.0,0.0,0.0,15.1890059,0,0.0,7.995788700000048,
map-Mines-fresh-early,1314,15.0,0.0,Editor,46.632200479507446,11.036800000510993,13.499909999245572,18.586752001428945,24.73930000087421,11.398815905631858,11.025648098438978,13.581153331324451,18.65451186895369,24.79260228574276,11.400188202438153,11.042549999999999,13.291974999999999,22.716560999999956,28.038899999999998,11.394625646879756,3.10435,3.8428399999999994,4.250586999999996,6.3621,3.1841656773211566,0.5096999999999999,0.7316749999999999,0.8666829999999999,2.5504,0.5410452815829528,0.470016,1.3424639999999999,1.4612070399999992,1.8708479999999998,0.5603843691019786,0.0063999999999999994,0.010199999999999999,0.0147,0.25329999999999997,0.004438584474885845,17428.0,31601.949999999997,158328.48,181103.0,21402.644596651448,426827776.0,432126771.2,432838574.08,433016832.0,427288351.56164384,9776516334.0,9782715910.0,9783515392.08,9786682957.0,9776990793.370625,44.0,48.0,48.0,48.0,44.59132420091324,1.0,1.0,1.0,1.0,1.0,15.027904399999898,14.966512799999691,87.72918698870367,1877636.609872403,0.0,live GameplayStatTracker; one-frame boundary uncertainty,74840,74754,-86,11423,11404,-19,423407616,434409472,11001856,3788421019,3790171998,1750979,6790881280,6790881280,0,1491,1491,0,1491,1491,0,1491,1491,0,-1,1,3840,2160,Mines,0,1,0,0,2,0,1.0,1.0,True,True,False,False,False,False,0.0012000000000000001,14.995576299999811,0.5334906668442013,0.0,15.1890059,29.984005,0,0.0,14.993830100000196,
map-Mines-fresh-later,1293,15.0,0.0,Editor,72.08249717950821,11.118800000986084,14.006520000475575,19.024347999802536,66.35170000117796,11.580565429234726,11.129499413073063,14.051840826868988,18.972793519496914,64.54960256814957,11.58074655462768,11.1137,13.553019999999993,22.45003599999999,66.26089999999999,11.576442768754832,3.1500999999999997,3.9959399999999996,6.476131999999992,56.5753,3.3294552204176333,0.5305,0.7497199999999998,0.8579039999999994,4.8167,0.5612737045630317,0.47103999999999996,1.3121535999999998,1.489797119999999,1.8472959999999998,0.541707856921887,0.007699999999999999,0.0185,0.021439999999999963,0.2686,0.008838205723124517,17393.0,30995.0,157533.0,412463.0,21233.986852281516,404365312.0,405762048.0,442045399.04,442339328.0,405392311.9319412,9754512737.0,9756243374.2,9792629099.92,9792940087.0,9755113336.48956,55.0,59.0,61.0,61.0,54.79427687548337,1.0,1.0,1.0,1.0,1.0,15.028731500000504,14.959432800000286,86.36691091656732,1833913.8508745595,0.0,live GameplayStatTracker; one-frame boundary uncertainty,74754,74754,0,11404,11404,0,441556992,407293952,-34263040,3790171477,3789090131,-1081346,6790881280,6790881280,0,1491,1492,1,1491,1492,1,1491,1492,1,-1,1,3840,2160,Mines,0,1,0,0,2,0,1.0,1.0,True,True,False,False,False,False,0.001,14.993904400000247,0.3334688461799128,0.0,30.2704182,47.76155,0,0.0,14.99239099999977,
map-Mines-fresh-return,565,5.0,0.0,Editor,60.27060002088547,8.580199999414617,10.669340000822558,11.875275999846053,16.041999999288237,8.773857345131063,8.53399932384491,10.908842273056507,12.074465788900854,16.085898503661156,8.78428000198529,8.5494,10.60918,11.683956,21.738,8.76982849557522,2.8125,4.78602,5.245056,5.533799999999999,2.9886099115044247,0.21,2.092579999999999,2.305992,2.4156999999999997,0.39038106194690264,0.37785599999999997,0.462848,1.2401049600000003,1.573888,0.3778324389380531,0.0,0.0,0.0,0.0,0.0,16301.0,30415.0,30912.640000000003,156424.0,17970.89203539823,412274688.0,413563289.6,413685186.56,413704192.0,412304896.9061947,9759723629.0,9761377670.6,9761531925.96,9761559053.0,9759758694.040709,207.0,207.0,207.0,207.0,207.0,3.0,3.0,3.0,3.0,3.0,5.026007899999968,4.946255499999097,114.02565031266641,2049142.6510350003,0.0,live GameplayStatTracker; one-frame boundary uncertainty,74749,74768,19,11403,11406,3,411004928,415096832,4091904,3788875348,3787482175,-1393173,6790881280,6790881280,0,1492,1492,0,1492,1492,0,1492,1492,0,-1,1,3840,2160,Mines,0,1,0,4,2,0,1.0,1.0,True,False,False,False,False,False,2.9437,4.9976941000004445,0.0,0.0,0.0,0.0,0,0.0,4.9961655999995855,
map-Mines-mid-proxy-creation,570,8.0,0.0,Editor,189.0181005001068,12.850000000980799,20.33162999932755,31.272776001223953,38.39069999958156,13.603160877194075,12.843448668718338,20.387643482536067,31.543520316481587,58.719202876091,13.683789118862988,12.83585,20.78214,32.304717,40.8142,13.609194385964912,3.4345499999999998,7.280134999999999,11.63742499999995,16.465,3.7924828070175436,0.6534,0.8801499999999999,0.9925229999999997,1.6171,0.679751403508772,0.36352,0.7261183999999989,2.3547494399999955,3.150848,0.4161338333333333,0.0,0.019709999999999988,0.024740999999999937,0.1492,0.0030766666666666664,17689.0,54288.59999999995,178820.63999999984,1194664.0,29678.01403508772,466006016.0,466788761.6,466904309.76,466935808.0,466000511.5508772,9858884201.0,9860168139.0,9862159129.92,9862630946.0,9858839259.308771,53.0,55.0,55.0,55.0,52.48421052631579,1.0,1.0,1.0,1.0,1.0,8.032933099999354,7.7343067999991035,73.56832547683084,2183361.796039287,100.83489927235483,live GameplayStatTracker; one-frame boundary uncertainty,95542,95732,190,16219,16264,45,486158336,468729856,-17428480,3829665550,3831081676,1416126,6790881280,6790881280,0,1502,1503,1,1502,1503,1,1502,1503,1,-1,1,3840,2160,Mines,25,25,19,69,97,50,1.0,1.0,True,True,False,False,True,True,359.7763,7.991067799999655,0.25027944325539153,0.0,0.0,16.569725,0,0.0,7.9887662000001,
map-Mines-mid-proxy-early,1153,15.0,0.0,Editor,65.52650034427643,12.788200001523364,14.876919999733218,20.342863999903788,26.26820000114094,12.973285342584793,12.783801183104515,14.953476376831532,20.344805642962463,26.20389685034752,12.976467999543248,12.7853,14.8135,16.400032,32.0702,12.969125932350389,3.4579999999999997,4.155239999999999,4.482788,5.4001,3.5087189071986122,0.6547999999999999,0.9105399999999996,1.049688,1.9749999999999999,0.6878506504770164,0.524288,1.3719551999999988,1.57028352,2.101248,0.5791434215091067,0.006999999999999999,0.0097,0.022548000000000002,0.0703,0.004943191673894189,18185.0,39358.6,68203.88000000008,188567.0,23748.87250650477,477978624.0,488367718.4,489334538.24,489611264.0,479505913.3391153,9872227277.0,9883614308.6,9884736032.76,9888087878.0,9873848200.545534,52.0,55.0,55.0,55.0,51.74588031222897,1.0,1.0,1.0,1.0,1.0,15.0378010000004,14.944581499999913,77.08479491379579,1830676.9665978034,99.54912955690531,live GameplayStatTracker; one-frame boundary uncertainty,95732,95732,0,16264,16264,0,473636864,491405312,17768448,3831090525,3832912458,1821933,6790881280,6790881280,0,1503,1503,0,1503,1503,0,1503,1503,0,-1,1,3840,2160,Mines,25,27,71,69,97,50,1.0,1.0,True,True,False,False,True,True,0.0009000000000000001,14.995555600000444,0.5334914032795,0.0,16.569725,39.0790329,0,0.0,14.993423300000359,
map-Mines-mid-proxy-later,1115,15.0,0.0,Editor,72.6122036576271,12.922800000524148,16.277000000081898,21.112848000375347,73.93039999988105,13.43102403587369,12.913803569972515,16.28803182393312,21.317194811999784,72.6122036576271,13.430463839238802,12.9155,15.981779999999999,25.2820819999999,73.67099999999999,13.42667937219731,3.5469,4.39919,7.112551999999969,61.6864,3.7185994618834077,0.695,0.9529299999999999,1.1481799999999955,2.2546999999999997,0.7281451121076233,0.48025599999999996,1.1417599999999999,1.5863398399999942,3.4467839999999996,0.49179912107623314,0.0069,0.0098,0.02411599999999994,0.1568,0.0053518385650224215,18215.0,42300.299999999996,145391.99999999127,165545.0,24245.755156950672,468807680.0,500495155.2,501400207.36,501641216.0,471077925.65381163,9862393837.0,9895940280.0,9896868422.04,9899938526.0,9864673005.413452,54.0,58.0,59.0,59.0,54.47982062780269,1.0,1.0,1.0,1.0,1.0,15.028765200000635,14.963842999999542,74.44611654907327,1805002.314234644,99.60898184768611,live GameplayStatTracker; one-frame boundary uncertainty,95732,95732,0,16264,16264,0,500170752,473321472,-26849280,3832907763,3832005023,-902740,6790881280,6790881280,0,1503,1504,1,1503,1504,1,1503,1504,1,-1,1,3840,2160,Mines,25,32,71,69,97,50,1.0,1.0,True,True,False,False,True,True,0.0011,14.990945100000317,0.46694854482522596,0.0,39.49097,54.7580757,0,0.0,14.988714799999798,
map-Mines-mid-proxy-return,463,5.0,0.0,Editor,72.88549840450287,10.293299999830197,13.990439999179213,15.367518000930431,15.716699999757111,10.670884017277594,10.311996564269066,14.000357687473295,15.30762242153287,19.772399216890335,10.695336070756547,10.283299999999999,13.979309999999996,15.383127999999997,15.7008,10.666881857451404,3.23,6.410529999999999,6.918667999999999,7.1563,3.5230403887688984,0.2828,2.9902399999999996,3.3281039999999997,3.3758999999999997,0.5886397408207343,0.287744,0.6182911999999942,1.4307123199999998,3.940352,0.29260081209503236,0.0,0.0,0.0,0.0,0.0,16399.0,33347.6,40577.659999999996,44098.0,20049.697624190067,480710656.0,483056025.6,483273768.96,483332096.0,480866657.8660907,9871793236.0,9874460804.8,9874695696.16,9874786628.0,9871997116.701944,342.0,342.0,342.0,342.0,342.0,3.0,3.0,3.0,3.0,3.0,5.031071800000063,4.92948879999858,93.72168570504371,1879091.459215503,98.78610756459364,live GameplayStatTracker; one-frame boundary uncertainty,95727,95781,54,16263,16273,10,478670848,485134336,6463488,3831067226,3829177698,-1889528,6790881280,6790881280,0,1504,1504,0,1504,1504,0,1504,1504,0,-1,1,3840,2160,Mines,25,36,71,69,97,50,1.0,1.0,True,False,False,False,True,True,3.6025,4.996611500000654,0.0,0.0,0.0,0.0,0,0.0,4.994177099999433,
map-River-developed-creation,584,8.0,0.0,Editor,116.67519807815552,12.262199999895529,19.525594999595345,27.42804200008309,236.09079999914684,13.631073116438566,12.261100113391876,19.455153681337833,27.733327876776357,60.85430085659027,13.330907682084465,12.256599999999999,19.44329,27.57545699999997,37.1535,13.259568493150685,3.47935,5.6541100000000055,9.176386999999972,17.715,3.8131804794520545,0.6361999999999999,0.8732250000000003,0.9997489999999983,1.1633,0.666711301369863,0.43468799999999996,0.7020032,1.316792319999999,2.757632,0.43304499999999996,0.0069,0.0225,0.03143399999999999,0.0533,0.005879109589041096,18210.5,40005.50000000002,166572.76999999984,1351144.0,28757.054794520547,484567040.0,486390579.2,486572728.32,486670336.0,484449813.0410959,9891526148.0,9894002964.8,9895718767.88,9896400599.0,9891399227.708904,65.0,68.0,68.0,68.0,65.36643835616438,9.0,9.0,9.0,9.0,8.888698630136986,8.124564300000202,7.938896499999828,73.43589880533304,2111800.165829828,97.48215051974914,live GameplayStatTracker; one-frame boundary uncertainty,97400,97571,171,16667,16699,32,474681344,478306304,3624960,3839837863,3841434512,1596649,6790881280,6790881280,0,1515,1516,1,1515,1516,1,1515,1516,1,-1,1,3840,2160,River,480,732,79,69,97,50,1.0,1.0,True,True,False,False,True,True,162.92950000000002,7.8607498000001215,0.12721432756961487,0.0,0.0,16.788908,0,0.0,7.858216700000412,
map-River-developed-early,1213,15.0,0.0,Editor,54.798003286123276,11.961300000621122,14.698099999441181,19.02992800089123,26.877199999944423,12.346210140148612,11.980201117694378,14.715303294360636,19.042976647615394,26.866596192121506,12.347296952912608,11.9412,14.603639999999997,18.956171999999974,31.138099999999998,12.342486067600989,3.3205999999999998,4.620639999999999,5.136147999999999,6.3252999999999995,3.4968577906018137,0.6198,0.8700199999999998,1.022659999999999,1.6797,0.6584928276999176,0.417792,0.7264255999999999,1.4539571199999999,3.1488,0.4283653784006595,0.0073999999999999995,0.0223,0.03179199999999989,0.0487,0.00694921681780709,17547.0,35978.6,48313.79999999995,176065.0,23132.44765045342,484274176.0,487034880.0,487349780.48,487419904.0,484421848.1121187,9891297601.0,9895149332.2,9895544582.2,9897941796.0,9891454292.274527,67.0,69.0,69.0,70.0,66.4674361088211,9.0,9.0,9.0,9.0,9.0,15.031216700001096,14.96349950000149,80.99709563260114,1873661.0745599153,99.7923208704649,live GameplayStatTracker; one-frame boundary uncertainty,97571,97571,0,16699,16699,0,482344960,489254912,6909952,3841458566,3843956555,2497989,6790881280,6790881280,0,1516,1516,0,1516,1516,0,1516,1516,0,-1,1,3840,2160,River,480,732,79,69,97,50,1.0,1.0,True,True,False,False,True,True,0.0008,14.996279900000445,0.3334160227297339,0.0,16.788908,37.0368652,0,0.0,14.994082900000649,
map-River-developed-later,1043,15.0,0.0,Editor,71.63950800895691,13.383699999394594,21.665529998972488,30.959618000742854,87.3078999993595,14.346406615532956,13.39210569858551,21.767808310687542,30.683141760528056,71.63950800895691,14.351781299614553,13.3416,19.991449999999958,32.16117999999997,78.068,14.342076222435281,3.7586999999999997,5.56151,7.042583999999978,66.50829999999999,4.048182646212847,0.7273999999999999,1.0268499999999998,1.2842159999999956,3.0846,0.764986481303931,0.380928,0.9317375999999999,1.4771814399999974,3.21536,0.40230825790987534,0.006699999999999999,0.025189999999999997,0.03138999999999996,0.039,0.0064558005752636625,17691.0,52878.5,182486.41999999995,229438.0,29924.149568552253,499658752.0,511999180.8,512602357.76,512778240.0,496561029.2770853,9908786471.0,9921887042.6,9922539450.76,9922727929.0,9904984758.69607,81.0,91.0,94.0,97.0,81.44295302013423,11.0,11.0,11.0,11.0,10.564717162032599,15.0309328000003,14.949602700000469,69.70084897306116,2085738.6297249538,100.06032360147135,live GameplayStatTracker; one-frame boundary uncertainty,97571,97571,0,16699,16699,0,496685056,478781440,-17903616,3843962874,3842251163,-1711711,6790881280,6790881280,0,1516,1517,1,1516,1517,1,1516,1517,1,-1,1,3840,2160,River,480,733,79,69,97,50,1.0,1.0,True,True,False,False,True,True,0.001,14.993263999998817,0.20008985368364332,0.33348308947273886,37.7556534,59.9190331,0,0.0,14.991114200000084,
map-River-developed-loadout-creation,416,8.0,0.0,Editor,126.15430355072021,17.236949999642093,30.265575000157696,33.64941999998337,83.17969999916386,18.867050240382575,17.347250133752823,30.47795221209526,33.4949966520071,89.28169310092926,18.99470816939496,14.784499999999998,30.857899999999997,35.36221000000002,85.6753,18.87888485576923,4.51945,7.89865,14.89133500000005,58.6808,5.224721153846153,0.93695,1.7853249999999998,2.8660600000000014,14.5574,1.0937978365384615,0.505856,0.7690239999999999,2.6352640000000003,3.411968,0.4441575360576923,0.0129,0.038900000000000004,0.053635000000000065,0.19849999999999998,0.019656009615384613,60339.0,248973.0,299494.3000000002,1186032.0,104537.03605769231,485750784.0,503455744.0,505321676.8,505577472.0,490544856.61538464,9910685189.5,9929748031.75,9930840193.8,9931084106.0,9915555310.28125,105.0,114.0,117.0,117.0,104.31971153846153,10.0,12.0,12.0,12.0,9.673076923076923,8.037078100000144,7.825783999998748,53.02983062145165,5543581.3158080075,100.40962523432309,live GameplayStatTracker; one-frame boundary uncertainty,100137,100143,6,17315,17315,0,491413504,488005632,-3407872,3853008745,3855104838,2096093,6790881280,6790881280,0,1532,1533,1,1532,1533,1,1532,1533,1,-1,1,3840,2160,River,480,732,79,69,97,50,1.0,4.0,True,True,False,False,True,True,159.6321,7.9931933999996545,2.8774482048690317,1.0008515495196633,0.0,130.393524,0,0.0,7.990585999999894,
map-River-developed-loadout-early,652,15.0,0.0,Editor,95.49130499362946,22.77475000028062,34.443029999692946,44.33342799999083,92.43599999899743,22.927188496932065,22.816145792603493,34.3616371974349,42.92625751346351,95.49130499362946,22.945779567138732,25.882849999999998,34.470394999999996,44.15991900000001,93.98819999999999,22.93611042944785,5.31265,10.361604999999987,20.517995,65.88459999999999,6.151595858895705,1.29155,2.7791499999999965,4.2747890000000055,17.6735,1.499646625766871,0.5514239999999999,0.7965695999999998,2.634557440000001,3.2665599999999997,0.44411601840490794,0.023299999999999998,0.0527,0.0639,0.22169999999999998,0.02851042944785276,138354.5,286131.94999999995,332463.59000000014,1218358.0,149802.01840490798,499423232.0,519072768.0,521320161.28,521854976.0,498575900.26993865,9926346087.0,9946401021.95,9948907562.09,9949790730.0,9925409153.596626,114.0,143.44999999999993,152.0,159.0,115.53374233128834,11.0,12.0,12.0,12.0,10.466257668711657,15.040323100000023,14.919184599999426,43.635092496946854,6536624.929327494,99.59892417470724,live GameplayStatTracker; one-frame boundary uncertainty,100143,100215,72,17315,17331,16,492724224,513679360,20955136,3855105668,3857051704,1946036,6790881280,6790881280,0,1533,1534,1,1533,1534,1,1533,1534,1,-1,1,3840,2160,River,480,732,79,69,97,50,4.0,4.0,True,True,False,False,True,True,0.0009000000000000001,14.996044900000925,5.001318714376174,2.1338959848005006,134.955765,459.3147,3,0.0,14.993744899999001,
map-River-developed-loadout-later,612,15.0,0.0,Editor,90.47409892082214,25.195999999596097,35.838764999334664,43.942369001051695,84.64249999997264,24.45274493464216,24.901701137423515,35.949007794260964,43.776321038603776,90.47409892082214,24.42955950372457,27.334249999999997,35.89469999999999,44.12603599999999,87.01979999999999,24.44090522875817,5.6,11.01178499999999,21.533547999999975,60.2694,6.505742973856209,1.33955,2.8101899999999995,4.466704999999999,16.642,1.5795423202614378,0.5683199999999999,0.7019007999999999,2.492026879999998,2.722816,0.42983571241830065,0.02695,0.0533,0.1494849999999995,0.3059,0.03294803921568627,182095.5,290372.1499999999,354376.26999999996,1190314.0,163040.82189542483,497289216.0,524589465.6,526513725.44,527585280.0,500745162.4575163,9924047094.0,9952247448.9,9954770922.12,9955839191.0,9927899267.856209,123.0,139.0,141.0,142.0,123.5359477124183,10.0,12.0,12.0,12.0,10.259803921568627,15.02503550000074,14.952833600000304,40.86182033082931,6662144.77088159,100.0330415192647,live GameplayStatTracker; one-frame boundary uncertainty,100215,100215,0,17331,17331,0,519319552,489324544,-29995008,3857066934,3856637612,-429322,6790881280,6790881280,0,1534,1536,2,1534,1536,2,1534,1536,2,-1,1,3840,2160,River,480,733,79,69,97,50,4.0,4.0,True,True,False,False,True,True,0.0009000000000000001,14.973674700000629,4.942006653850767,2.0703000847212674,465.23,829.1831,5,0.0,14.971450700000787,
map-River-developed-loadout-return,528,5.0,0.0,Editor,66.08759611845016,8.825849999084312,12.115860000267276,13.797962000007836,17.726899999615853,9.33466609848727,8.814296219497919,12.116354517638683,14.025544459000233,25.51969885826111,9.365287489455307,8.8152,12.040075,13.440534,23.8399,9.346172916666667,2.9051,5.58867,6.5740820000000015,7.5234,3.2653999999999996,0.3353,2.9240299999999997,3.1117970000000006,3.6073,0.5896592803030303,0.360448,0.8042495999999996,1.1287859200000003,3.098624,0.3820412121212121,0.0,0.0,0.0,0.0,0.0,16399.0,33309.0,43454.60000000002,156591.0,19917.645833333332,494129152.0,494891008.0,494975918.08,495009792.0,494241698.90909094,9917193651.5,9918334272.8,9918452653.28,9918499396.0,9917345826.742424,450.0,450.0,450.0,450.0,450.0,3.0,3.0,3.0,3.0,3.0,5.031789200000276,4.914789800001017,107.22737318285533,2135716.8426947766,101.95180672512511,live GameplayStatTracker; one-frame boundary uncertainty,100210,101209,999,17330,17529,199,493248512,496918528,3670016,3855778317,3853494180,-2284137,6790881280,6790881280,0,1536,1536,0,1536,1536,0,1536,1536,0,-1,1,3840,2160,River,480,733,79,69,97,50,1.0,1.0,True,False,False,False,True,True,4.2743,4.998102000001381,0.0,0.0,0.0,0.0,0,0.0,4.995936999999685,
map-River-developed-return,469,5.0,0.0,Editor,80.35209774971008,10.0892999998905,13.319999999293941,14.874739999359006,16.621300001133932,10.531162899787732,10.110296308994293,13.319239020347595,14.92560505867004,21.083900704979897,10.553228146613025,10.0697,13.315819999999999,14.90144,16.607599999999998,10.526945202558634,3.0120999999999998,5.949359999999999,6.574039999999999,7.207199999999999,3.4423735607675905,0.27649999999999997,3.092539999999999,3.397856,3.5765,0.5684409381663112,0.44544,1.2451839999999996,1.4625177599999988,2.011136,0.5189343710021321,0.0,0.0,0.0,0.0,0.0,16399.0,34861.0,35551.0,42754.0,19723.15351812367,484261888.0,485105664.0,485191680.0,485216256.0,484268394.4392324,9888008733.0,9889243587.4,9889353033.48,9889387557.0,9888015006.26226,342.0,342.0,342.0,342.0,342.0,3.0,3.0,3.0,3.0,3.0,5.0369326,4.925833400000556,95.00930340030322,1873883.0766141696,101.64916639940745,live GameplayStatTracker; one-frame boundary uncertainty,97566,97620,54,16698,16708,10,483352576,487051264,3698688,3841658657,3840018603,-1640054,6790881280,6790881280,0,1517,1517,0,1517,1517,0,1517,1517,0,-1,1,3840,2160,River,480,733,79,69,97,50,1.0,1.0,True,False,False,False,True,True,3.9210000000000003,4.996027900000627,0.0,0.0,0.0,0.0,0,0.0,4.993372100001579,
map-River-fresh-creation,739,8.0,0.0,Editor,177.77569591999054,9.838399999352987,16.476519999923774,22.670349999607424,33.24520000023767,10.758370094721249,9.833198972046375,16.776448115706447,22.80354242771864,33.05669501423836,10.77141284977914,9.8569,15.623180000000001,23.23787,41.1294,10.754779161028416,2.8588999999999998,4.01295,8.155092,17.5976,3.1304320703653583,0.4573,0.6630199999999999,0.785758,1.0129,0.4823418132611637,0.490496,1.340928,1.393664,1.666048,0.5370262909336941,0.0,0.009320000000000004,0.0152,0.0248,0.002139918809201624,17397.0,32311.4,91552.26000000024,1170503.0,23313.26387009472,406724608.0,407290675.2,407359488.0,407371776.0,406837638.75507444,9755943571.0,9757053134.6,9759415984.24,9759885700.0,9756087196.155615,72.0,74.0,74.0,74.0,72.10148849797022,12.0,12.0,12.0,12.0,11.891745602165088,8.084751000000324,7.935187600000063,93.00347228085624,2168214.490118642,0.0,live GameplayStatTracker; one-frame boundary uncertainty,74832,75020,188,11423,11465,42,406274048,408764416,2490368,3786333426,3789222253,2888827,6790881280,6790881280,0,1493,1493,0,1493,1493,0,1493,1493,0,-1,1,3840,2160,River,0,1,0,0,2,0,1.0,1.0,True,True,False,False,False,False,68.6504,7.997712999998839,0.0,0.0,0.0,16.1145535,0,0.0,7.995704200000546,
map-River-fresh-early,1320,15.0,0.0,Editor,52.424900233745575,11.055450000640121,13.51300500018624,18.106473000134425,54.016200001569814,11.349284924243406,11.04294927790761,13.441320415586231,18.329876009374857,52.424900233745575,11.348315065895969,11.04805,13.354404999999998,15.739870999999987,53.9734,11.344916818181817,3.1922499999999996,3.9258049999999995,4.795401999999997,44.6945,3.300764924242424,0.52195,0.7439149999999998,0.8818369999999995,1.9955999999999998,0.5475179545454545,0.451584,1.3086719999999998,1.4516940799999996,2.9685759999999997,0.4862944856060606,0.0,0.01,0.016880999999999993,0.06269999999999999,0.003951515151515151,17397.0,32019.0,65500.289999999986,173099.0,20767.908333333333,413808640.0,417726668.8,418109931.52,418201600.0,413339781.43030304,9764200146.0,9769046125.9,9769455946.52,9771457872.0,9763682851.008333,77.0,82.0,86.0,86.0,76.51590909090909,12.0,12.0,12.0,12.0,12.0,15.021146999999473,14.971495800000412,88.10074942544911,1829668.2881656964,0.0,live GameplayStatTracker; one-frame boundary uncertainty,75020,74892,-128,11465,11437,-28,411799552,406646784,-5152768,3789221773,3788297809,-923964,6790881280,6790881280,0,1493,1494,1,1493,1494,1,1493,1494,1,-1,1,3840,2160,River,0,1,0,0,2,0,1.0,1.0,True,True,False,False,False,False,0.0008,14.992788199999268,0.46689114170240475,0.0,16.1145535,38.00114,0,0.0,14.991399900000033,
map-River-fresh-later,1292,15.0,0.0,Editor,48.110198229551315,11.239849999583384,13.347999999314197,18.53890699934705,27.10779999870283,11.593975619195277,11.236500926315784,13.323385315015912,18.798930607736086,27.156002819538116,11.594286763711887,11.230049999999999,13.293425,22.525115999999972,25.6544,11.589857120743034,3.2592499999999998,3.9488,4.267516,10.444899999999999,3.339469349845201,0.54505,0.7719700000000002,0.8909119999999994,6.068499999999999,0.5733498452012383,0.464896,1.3500927999999999,1.4592921599999997,1.967104,0.5495107198142415,0.00775,0.0191,0.023117999999999982,0.15739999999999998,0.009478869969040246,17393.0,31299.0,157594.76,426605.0,21399.02399380805,410505216.0,413181747.2,413508321.28,413589504.0,410899300.65634674,9760133359.0,9767256635.2,9767658494.24,9767757520.0,9761508476.421053,88.0,91.0,92.0,93.0,87.85913312693498,12.0,12.0,12.0,12.0,11.782507739938081,15.027748099999371,14.9686571000002,86.24688182615812,1845599.093589085,0.0,live GameplayStatTracker; one-frame boundary uncertainty,74892,74893,1,11437,11437,0,409612288,414982144,5369856,3788320725,3790415608,2094883,6790881280,6790881280,0,1494,1494,0,1494,1494,0,1494,1494,0,-1,1,3840,2160,River,0,1,0,0,2,0,1.0,1.0,True,True,False,False,False,False,0.0012000000000000001,14.998265199999878,0.5333950222456438,0.0,38.22441,51.2144241,0,0.0,14.996699499999522,
map-River-fresh-return,576,5.0,0.0,Editor,57.33110010623932,8.126449999508623,10.990400000537193,13.006850000692793,60.19219999870984,8.60493576389053,8.129149209707975,11.079572374001145,13.898697914555669,57.33110010623932,8.616184214285264,8.1217,10.79625,12.850674999999999,60.113499999999995,8.601352430555556,2.66685,4.65235,5.945275,51.6727,3.0134256944444444,0.20329999999999998,1.9371749999999999,2.16105,2.4914,0.3694673611111111,0.35737599999999997,0.464128,1.187072,1.61792,0.3558275538194444,0.0,0.0147,0.016925,0.019799999999999998,0.0019869791666666664,16301.0,29674.0,30364.0,156424.0,17931.347222222223,405475328.0,421978112.0,422155264.0,422187008.0,409583808.0,9751586216.0,9772696624.0,9772891189.0,9772936822.0,9756492965.140625,204.0,209.0,209.0,209.0,204.65972222222223,3.0,3.0,3.0,3.0,3.0,5.023578299998917,4.944456600000194,116.29184893643873,2085269.522393497,0.0,live GameplayStatTracker; one-frame boundary uncertainty,74890,74872,-18,11437,11432,-5,421109760,406867968,-14241792,3789867672,3785899450,-3968222,6790881280,6790881280,0,1494,1495,1,1494,1495,1,1494,1495,1,-1,1,3840,2160,River,0,1,0,3,2,0,1.0,1.0,True,False,False,False,False,False,2.7884,4.997292899999593,0.0,0.0,0.0,0.0,0,0.0,4.995715299999574,
map-River-mid-proxy-creation,579,8.0,0.0,Editor,129.98129427433014,12.657200000830926,18.822910000199048,22.951325999711134,33.65339999982098,13.396556476681717,12.656901963055134,19.15732454508543,23.968070894479812,120.46699970960617,13.582014866392024,12.673599999999999,18.67313,27.33102200000003,40.381099999999996,13.403495509499136,3.4400999999999997,4.791640000000004,8.773030000000004,16.6417,3.6852687392055268,0.6427999999999999,0.85855,0.9926680000000009,1.1474,0.6619903281519861,0.521216,1.4186496,1.6199270400000032,2.2763519999999997,0.6048461571675302,0.0,0.012220000000000003,0.02258800000000001,0.0394,0.003427461139896373,18181.0,44692.4,161536.08000000002,1168035.0,27728.385146804834,488734720.0,489648128.0,489767813.12,489807872.0,488720896.88428324,9886541796.0,9887981093.0,9889881958.88,9890232562.0,9886524440.854921,73.0,75.0,75.0,75.0,72.73747841105354,9.0,9.0,9.0,9.0,8.899827288428325,8.036391900001036,7.737629299999753,74.69988255963858,2071307.114034748,100.54263282007139,live GameplayStatTracker; one-frame boundary uncertainty,96040,96046,6,16331,16331,0,510144512,491610112,-18534400,3831389346,3835937369,4548023,6790881280,6790881280,0,1504,1505,1,1504,1505,1,1504,1505,1,-1,1,3840,2160,River,25,25,19,69,97,50,1.0,1.0,True,True,False,False,True,True,304.557,7.9962099000003946,0.12505924838215549,0.0,0.0,16.5422859,0,0.0,7.99408190000031,
map-River-mid-proxy-early,1135,15.0,0.0,Editor,52.82210186123848,12.87140000022191,15.983230000711046,20.46055400038319,53.15280000104394,13.189912863437096,12.872498482465744,15.958120115101336,20.45323885977275,52.82210186123848,13.190218766059907,12.8658,15.8258,19.935600000000022,54.4638,13.185567048458148,3.5416,4.448869999999999,5.0766360000000015,6.3073,3.618386167400881,0.6417999999999999,0.94362,1.0810240000000009,1.6572,0.6798329515418502,0.434176,1.0901504,1.4847795200000002,3.170304,0.45533712422907485,0.0072,0.0101,0.025562000000000057,0.22519999999999998,0.005922202643171806,17595.0,41997.799999999996,61052.52000000012,3960702.0,27133.209691629956,500678656.0,508051865.6,512320716.8,512573440.0,501402900.9762114,9899804711.0,9907910372.2,9912223404.16,9915542459.0,9900517796.253744,68.0,70.0,72.0,72.0,68.27488986784141,9.0,9.0,9.0,9.0,9.0,15.028382599999532,14.956249300001218,75.82114855493266,2057271.1228012135,99.94422154251295,live GameplayStatTracker; one-frame boundary uncertainty,96046,96046,0,16331,16331,0,496599040,514375680,17776640,3835941692,3837652476,1710784,6790881280,6790881280,0,1505,1505,0,1505,1505,0,1505,1505,0,-1,1,3840,2160,River,25,27,77,69,97,50,1.0,1.0,True,True,False,False,True,True,0.0012000000000000001,14.988381899998785,0.2001550280754618,0.0,16.8477421,34.18523,0,0.0,14.986086100001557,
map-River-mid-proxy-later,1100,15.0,0.0,Editor,63.702598214149475,13.121950000822835,15.902995000669758,21.979259000290764,66.12109999878157,13.615217181818894,13.118498492985964,15.886887069791554,22.004663590341803,63.702598214149475,13.615662099116228,13.11665,15.654215,26.650001999999994,66.10419999999999,13.610783818181817,3.61735,4.441129999999999,6.812766999999999,55.6586,3.7690295454545453,0.65725,0.9106249999999998,1.047005,3.9305999999999996,0.6974589999999999,0.472576,1.1008,1.526784,3.3699839999999996,0.46877505545454545,0.00735,0.009899999999999999,0.024405999999999994,0.0804,0.005917090909090909,17543.0,43795.899999999994,157631.0,192384.0,24415.660909090908,492976128.0,527598387.2,528634347.52,528887808.0,500344478.25454545,9891119154.0,9927841194.8,9928928984.79,9929204392.0,9898845172.472727,62.0,65.04999999999995,66.0,68.0,61.661818181818184,9.0,9.0,9.0,9.0,9.0,15.036058400000911,14.962558200000785,73.45000669738029,1793330.4572936932,99.89320073403738,live GameplayStatTracker; one-frame boundary uncertainty,96046,96046,0,16331,16331,0,523358208,496345088,-27013120,3837657499,3836494087,-1163412,6790881280,6790881280,0,1505,1506,1,1505,1506,1,1505,1506,1,-1,1,3840,2160,River,25,32,77,69,97,50,1.0,1.0,True,True,False,False,True,True,0.001,14.995478300001196,0.4001206150256322,0.0,34.5811234,50.7389526,0,0.0,14.99292989999958,
map-River-mid-proxy-return,479,5.0,0.0,Editor,78.3815085887909,9.930300000632997,13.176369999200686,15.26988200119376,15.921199999866076,10.321877453028272,9.929400868713856,13.26772095635533,15.49290359020233,19.015001133084297,10.341111275062183,9.966999999999999,13.169329999999999,15.196191999999998,15.969999999999999,10.318039248434237,3.0069999999999997,6.035899999999999,7.151377999999998,7.4806,3.3429503131524005,0.2662,3.0261399999999985,3.4660219999999993,3.617,0.55530375782881,0.44339199999999995,1.2414975999999998,1.4876262399999982,1.6332799999999998,0.516617605427975,0.0,0.0,0.0,0.0,0.0,16399.0,39893.799999999996,52764.09999999989,59113.0,19903.929018789146,503058432.0,504754585.6,504920719.36,504950784.0,503148552.55114824,9899145317.0,9901177131.4,9901364283.08,9901399373.0,9899234089.668058,338.0,338.0,338.0,338.0,338.0,3.0,3.0,3.0,3.0,3.0,5.034263100000317,4.933259400000679,96.89334398266878,1928558.2410241598,99.71667948780198,live GameplayStatTracker; one-frame boundary uncertainty,96041,96060,19,16330,16333,3,501522432,506753024,5230592,3835928141,3834189879,-1738262,6790881280,6790881280,0,1506,1506,0,1506,1506,0,1506,1506,0,-1,1,3840,2160,River,25,36,77,69,97,50,1.0,1.0,True,False,False,False,True,True,3.728,4.995804100000896,0.0,0.0,0.0,0.0,0,0.0,4.993090300000404,
map-Woods-developed-creation,532,8.0,0.0,Editor,122.0317929983139,13.649500000610715,21.467140000004292,34.634570000962405,46.32320000018808,14.795554135336468,13.63459788262844,22.168419230729327,35.01957789063451,56.27040192484856,14.873675002429382,13.61585,21.308129999999995,36.37492599999997,46.405,14.801948308270676,3.7544999999999997,5.677084999999999,14.69433799999991,27.3785,4.219494548872181,0.6688999999999999,0.9650449999999998,1.2088289999999997,1.7751,0.7065859022556391,0.44134399999999996,1.1043328,1.817098239999977,2.921472,0.48856731578947366,0.006999999999999999,0.022934999999999994,0.03859799999999975,0.0642,0.006271992481203007,18185.0,47974.4,167968.6099999999,1173206.0,29612.812030075187,458375168.0,459847475.2,459971338.24,459997184.0,458508834.6466165,9861124994.0,9863168215.5,9865598146.539999,9866379486.0,9861247337.661654,77.0,81.0,81.0,81.0,77.36466165413533,4.0,4.0,4.0,4.0,3.969924812030075,8.029212299999926,7.85078059999978,67.63658635423016,2002909.5180637662,100.00981042685935,live GameplayStatTracker; one-frame boundary uncertainty,96586,97204,618,16465,16614,149,451239936,461824000,10584064,3836212227,3839113316,2901089,6790881280,6790881280,0,1511,1511,0,1511,1511,0,1511,1511,0,-1,1,3840,2160,Woods,480,732,79,69,97,50,1.0,1.0,True,True,False,False,True,True,227.8382,7.9881086999994295,0.12518607815139915,0.0,0.0,18.2222214,0,0.0,7.98571660000016,
map-Woods-developed-early,1033,15.0,0.0,Editor,69.81920450925827,13.882100000046194,18.084499999531545,23.6286040003324,65.73440000101982,14.496072894483484,13.891404494643211,18.07246282696724,23.77076856791971,65.95410406589508,14.49872467699321,13.8585,17.649959999999997,29.43488799999999,65.4194,14.491723039690221,3.7929,5.572439999999999,7.540415999999994,54.1541,4.097772894482091,0.6796,0.9917799999999999,1.20614,2.2577,0.7292524685382381,0.38707199999999997,0.8474623999999998,1.5684812799999996,3.426304,0.40388422362052273,0.0075,0.0247,0.03443599999999999,0.047299999999999995,0.007857792836398838,17571.0,44149.4,157643.84,186177.0,24900.16166505324,450744320.0,471680614.4,472010915.84,472096768.0,458773495.0784124,9854070931.0,9875825919.8,9876235955.88,9879401077.0,9862068537.912874,77.0,80.0,80.67999999999995,81.0,77.7134559535334,4.0,4.0,4.0,4.0,4.0,15.046184800001356,14.955994200001442,69.00243382014018,1718171.757403628,100.02535659404265,live GameplayStatTracker; one-frame boundary uncertainty,97204,97204,0,16614,16614,0,468697088,452911104,-15785984,3839113620,3839251914,138294,6790881280,6790881280,0,1511,1512,1,1511,1512,1,1511,1512,1,-1,1,3840,2160,Woods,480,732,79,69,97,50,1.0,1.0,True,True,False,False,True,True,0.0008,14.998355700001412,0.4667178282749582,0.0,18.2222214,26.7953568,0,0.0,14.995054699998946,
map-Woods-developed-later,1036,15.0,0.0,Editor,47.720301896333694,13.924199999564735,18.31750000019383,24.30564999895071,31.03949999967881,14.4612548262547,13.920348137617111,18.177070654928684,24.145093280822046,31.80999681353569,14.460780690190415,13.908,17.569025,29.254530000000052,36.0871,14.45682750965251,3.8315,5.3343,6.29339000000002,7.1072,4.02685,0.6797,0.99875,1.2190050000000034,2.2626,0.7269914092664093,0.492544,1.27616,1.7598464000000003,3.04128,0.513042750965251,0.007699999999999999,0.026475,0.039025000000000046,0.2702,0.008817374517374518,18181.0,39577.25,164770.3000000002,184751.0,25168.7277992278,460740608.0,464745472.0,465275494.4,465424384.0,460962337.6061776,9865371827.0,9870374898.0,9871264298.6,9874235353.0,9865590808.766409,75.0,81.0,82.0,82.0,75.97876447876448,4.0,4.0,4.0,4.0,4.0,15.035651100000905,14.970323999999891,69.13678020595997,1740084.8019188468,100.16194110808473,live GameplayStatTracker; one-frame boundary uncertainty,97204,97204,0,16614,16614,0,457662464,467251200,9588736,3839259498,3841442580,2183082,6790881280,6790881280,0,1512,1512,0,1512,1512,0,1512,1512,0,-1,1,3840,2160,Woods,480,733,79,69,97,50,1.0,1.0,True,True,False,False,True,True,0.0009000000000000001,14.99903820000145,0.3333547080371804,0.0,27.6073818,34.5728645,0,0.0,14.996849499999371,
map-Woods-developed-loadout-creation,466,8.0,0.0,Editor,114.43449556827545,13.834449999194476,28.465575000154786,32.36749499983491,75.97470000109752,16.865886480687635,13.831299263983965,28.42069650068879,33.770676329732,70.64390182495117,16.9663184158536,13.14545,30.008425,33.070815,75.9391,16.876488841201716,4.1889,7.307449999999999,16.268114999999998,63.842499999999994,4.816519527896996,0.81975,1.7203499999999998,2.2597800000000037,2.8474999999999997,0.9159731759656652,0.5181435,0.859904,2.7669504000000007,3.165184,0.4855891373390558,0.011,0.035275,0.0417,0.1658,0.016719742489270384,37351.0,226443.75,254949.95,1292672.0,76837.18240343347,558336000.0,569365504.0,570486784.0,570912768.0,550400000.0,9979264210.5,9991278921.0,9992436336.6,9992891554.0,9971839523.56867,100.0,111.0,114.35000000000002,117.0,100.65450643776823,4.0,4.0,4.0,4.0,3.963519313304721,8.040511499999411,7.837628200000836,59.32917307814505,4558686.493650305,100.11800866152097,live GameplayStatTracker; one-frame boundary uncertainty,98603,98614,11,16961,16962,1,549490688,535711744,-13778944,3850439658,3851764842,1325184,6790881280,6790881280,0,1523,1524,1,1523,1524,1,1523,1524,1,-1,1,3840,2160,Woods,480,732,79,69,97,50,1.0,4.0,True,True,False,False,True,True,159.2671,7.992759400000068,3.7533971058855773,0.5004529474514103,0.0,67.1817856,0,0.0,7.989994300000035,
map-Woods-developed-loadout-early,649,15.0,0.0,Editor,80.83780109882355,22.65080000142916,34.51147999949171,43.027799999690615,89.09360000143351,23.103525115563748,22.737499326467514,34.50744152069092,42.99009203910826,80.83780109882355,23.07475256935933,26.4062,34.70276,42.28474399999998,90.66879999999999,23.085832357473034,5.2115,9.387080000000005,20.48366799999999,63.830799999999996,5.996924499229584,1.1665999999999999,2.61966,3.5403559999999974,10.7906,1.3830229583975346,0.538624,0.805888,2.5810124799999996,3.1293439999999997,0.45113273651771957,0.0247,0.050699999999999995,0.061023999999999974,0.3056,0.028676579352850538,172959.0,275530.4,352629.5999999999,1242226.0,140970.51926040062,548454400.0,591811379.2,596976271.36,598097920.0,535012546.07087827,9970728499.0,10018355126.0,10022895573.36,10024004099.0,9958275969.546995,120.0,136.0,140.51999999999998,144.0,120.46224961479199,4.0,4.0,4.0,4.0,4.0,15.051450099999784,14.98254679999991,43.25032377005516,6097020.600045123,99.59173302511374,live GameplayStatTracker; one-frame boundary uncertainty,98614,99033,419,16962,17055,93,540651520,445300736,-95350784,3851768826,3854043959,2275133,6790881280,6790881280,0,1524,1525,1,1524,1525,1,1524,1525,1,-1,1,3840,2160,Woods,480,732,79,69,97,50,4.0,4.0,True,True,False,False,True,True,0.0009000000000000001,14.9966160999993,10.935800376993557,1.266952482700473,67.1817856,300.644379,2,0.0,14.99446159999934,
map-Woods-developed-loadout-later,569,15.0,0.0,Editor,81.97379857301712,27.651200000036624,35.92620000017632,46.181284000049374,84.19729999877745,26.249926537786806,27.600793167948723,35.999994724988944,46.0604014992714,81.97379857301712,26.253394933126096,28.6758,36.587320000000005,45.91588400000002,84.6287,26.24543462214411,5.8214,11.044420000000002,20.927824000000033,58.9689,6.720160984182776,1.3811,2.8276600000000007,3.8503480000000234,10.9375,1.6009108963093146,0.615424,0.7675904,2.4662425600000044,3.121152,0.468828230228471,0.0395,0.05956,0.06964000000000023,0.27099999999999996,0.03745395430579965,192111.0,304406.60000000003,467944.9200000004,1208442.0,183907.29525483304,450732032.0,467991756.8,469867888.64,470593536.0,451074497.91212654,9874347876.0,9892452779.8,9894123586.08,9895776010.0,9875242573.59051,127.0,141.0,149.0,157.0,128.30931458699473,4.0,4.0,4.0,4.0,4.0,15.031495600000198,14.91804670000056,38.0746897648456,7002213.212319629,99.52436136827131,live GameplayStatTracker; one-frame boundary uncertainty,99033,99345,312,17055,17125,70,449949696,442347520,-7602176,3854081458,3853802143,-279315,6790881280,6790881280,0,1525,1527,2,1525,1527,2,1525,1527,2,-1,1,3840,2160,Woods,480,733,79,69,97,50,4.0,4.0,True,True,False,False,True,True,0.001,14.973161199999595,8.815773652393696,1.5360817727655682,303.059875,545.1949,5,0.0,14.970485499999995,
map-Woods-developed-loadout-return,509,5.0,0.0,Editor,79.1826918721199,9.15539999914472,12.675579999995533,15.737407999040446,20.038700000441168,9.6960703339872,9.16130281984806,12.709760293364525,16.06680572032929,21.799298003315926,9.721360121778632,9.156799999999999,12.54106,14.024772000000002,27.868599999999997,9.692840667976425,2.9576,5.78832,6.290156000000001,7.193,3.337800982318271,0.3086,3.0668999999999995,3.2495,3.8305,0.5807194499017682,0.39936,0.7006207999999997,1.1907072,3.6444159999999997,0.3993780825147348,0.0,0.0,0.0,0.0,0.0,16399.0,34861.0,38432.16000000002,159363.0,20354.056974459723,448323584.0,449141964.8,449216512.0,449245184.0,448345769.99607074,9868105016.0,9869360209.6,9869479145.28,9869523328.0,9868191055.031435,414.0,414.0,414.0,414.0,414.0,3.0,3.0,3.0,3.0,3.0,5.032639900000504,4.924981399999524,103.14759767418596,2099472.0798390303,100.344950172165,live GameplayStatTracker; one-frame boundary uncertainty,99340,100024,684,17124,17260,136,446779392,451129344,4349952,3853092279,3850601454,-2490825,6790881280,6790881280,0,1527,1527,0,1527,1527,0,1527,1527,0,-1,1,3840,2160,Woods,480,733,79,69,97,50,1.0,1.0,True,False,False,False,True,True,3.9262,4.997237400000813,0.0,0.0,0.0,0.0,0,0.0,4.994877699999051,
map-Woods-developed-return,444,5.0,0.0,Editor,72.52009958028793,10.313899999346177,14.468344999841063,16.498174999687762,67.38199999927019,11.146659234237541,10.297799948602915,14.456781372427939,16.803043764084578,63.445501029491425,11.167309697935575,10.32405,14.441374999999999,16.45406,67.3984,11.142422522522523,3.1354499999999996,6.500564999999996,7.375248999999999,58.9204,3.7917445945945945,0.27194999999999997,2.9726399999999997,3.706663,3.8425,0.5915777027027027,0.276992,0.6052863999999998,0.8729804799999997,4.199424,0.27360864864864864,0.0,0.0,0.0,0.0,0.0,16399.0,34861.0,43116.009999999995,49869.0,19939.536036036036,450478080.0,477204480.0,477418045.44,477458432.0,458054388.4684685,9850566331.0,9880507036.6,9880752661.24,9880800067.0,9859002617.882883,330.0,330.0,330.0,330.0,330.0,3.0,3.0,3.0,3.0,3.0,5.036151299998892,4.937940800000433,89.71350972858183,1788845.7601523267,99.0835998116478,live GameplayStatTracker; one-frame boundary uncertainty,97199,97148,-51,16613,16602,-11,475791360,452349952,-23441408,3841073538,3836142043,-4931495,6790881280,6790881280,0,1512,1513,1,1512,1513,1,1512,1513,1,-1,1,3840,2160,Woods,480,733,79,69,97,50,1.0,1.0,True,False,False,False,True,True,3.6328,4.999775199999931,0.0,0.0,0.0,0.0,0,0.0,4.997427599999355,
map-Woods-fresh-creation,635,8.0,0.0,Editor,109.47790741920471,11.728000001312466,16.16107000008924,30.568245999857012,61.44799999856332,12.511538267715977,11.769005097448826,16.172780841588974,30.58458890765904,61.913102865219116,12.522629278851307,11.695699999999999,16.099929999999997,30.146399999999996,61.554199999999994,12.507211023622046,3.2737,4.197919999999998,15.490095999999996,52.7039,3.6406757480314957,0.5298999999999999,0.7843699999999999,0.8633799999999996,0.9133,0.5561582677165354,0.4608,1.3212671999999999,1.4839603199999991,1.990656,0.5343860818897638,0.0,0.01295999999999999,0.014565999999999997,0.15259999999999999,0.0021711811023622045,17436.0,31922.8,168198.3599999997,1284081.0,25673.029921259844,413614080.0,413884416.0,413940367.36,431321088.0,413621078.6771653,9744646867.0,9745432266.6,9748114423.28,9761737720.0,9744640605.686615,62.0,64.0,64.0,64.0,62.01417322834646,4.0,4.0,4.0,4.0,3.974803149606299,8.038230799998928,7.92768629999955,79.97289196471309,2053146.44829976,0.0,live GameplayStatTracker; one-frame boundary uncertainty,71764,73480,1716,10683,11085,402,431157248,415309824,-15847424,3769676002,3771064851,1388849,6790881280,6790881280,0,1488,1489,1,1488,1489,1,1488,1489,1,-1,1,3840,2160,Woods,0,1,0,0,2,0,1.0,1.0,True,True,False,False,False,False,60.001900000000006,7.998843300001681,0.0,0.0,0.0,17.1898174,0,0.0,7.997221199999331,
map-Woods-fresh-early,1291,15.0,0.0,Editor,39.519302546978,11.399999999412103,13.594600000033097,18.928730000698053,22.753600000214647,11.605716034081913,11.408298276364803,13.586397748440504,18.98138802498572,22.79990166425705,11.605712008034185,11.4002,13.48925,21.610989999999866,28.5733,11.601863671572424,3.2439999999999998,3.85885,4.453039999999999,7.610399999999999,3.293558791634392,0.5236999999999999,0.7256499999999999,0.8472499999999998,4.6925,0.5504104570100697,0.47308799999999995,1.3107199999999999,1.4717951999999996,2.899968,0.5263026646010844,0.0075,0.0138,0.0161,0.0559,0.006693183578621224,17397.0,31295.0,157541.8,413106.0,21586.29512006197,421146624.0,426432512.0,427082547.2,427253760.0,421671019.8729667,9753562703.0,9759893861.0,9763325328.4,9763632477.0,9754185357.185127,65.0,69.0,70.0,70.0,65.70565453137102,4.0,4.0,4.0,4.0,4.0,15.025097499999902,14.972121999999217,86.16013147635769,1859878.0256319975,0.0,live GameplayStatTracker; one-frame boundary uncertainty,73480,73332,-148,11085,11053,-32,418275328,428613632,10338304,3771066347,3772738635,1672288,6790881280,6790881280,0,1489,1489,0,1489,1489,0,1489,1489,0,-1,1,3840,2160,Woods,0,1,0,0,2,0,1.0,1.0,True,True,False,False,False,False,0.0014,14.996620500000063,0.5334535204114798,0.0,17.1898174,22.4764843,0,0.0,14.99514470000031,
map-Woods-fresh-later,1362,15.0,0.0,Editor,66.77659600973129,10.866450001230987,12.911755000914127,16.797893000148214,22.61970000108704,10.961861820851349,10.87114866822958,12.886101426556706,17.0750965550542,22.67429791390896,10.963434873151535,10.85595,12.85947,14.872899000000059,25.226399999999998,10.958017400881056,3.0744,3.6307750000000003,3.9445660000000005,5.6887,3.1149228340675474,0.5028,0.6878400000000001,0.8021670000000005,1.7448,0.5200249632892805,0.40448,0.6286336,1.41659136,2.670592,0.40953456534508076,0.0072,0.0178,0.02157800000000002,0.2611,0.006681644640234948,17393.0,31213.8,70215.55000000117,261348.0,20768.295154185023,415533056.0,417329152.0,417610874.88,417693696.0,415749425.24522763,9747474254.0,9749927728.4,9751215351.39,9752558359.0,9747583949.400146,70.0,80.0,80.0,80.0,71.90381791483114,4.0,4.0,4.0,4.0,4.0,15.033074599999964,14.91823470000054,91.23063334028059,1894704.72031418,0.0,live GameplayStatTracker; one-frame boundary uncertainty,73332,73499,167,11053,11088,35,435470336,419053568,-16416768,3772740203,3772184186,-556017,6790881280,6790881280,0,1489,1490,1,1489,1490,1,1489,1490,1,-1,1,3840,2160,Woods,0,1,0,0,2,0,1.0,1.0,True,True,False,False,False,False,0.0013000000000000002,14.993395499999679,0.20008809878990147,0.0,22.7102318,33.7203636,0,0.0,14.991794000001391,
map-Woods-fresh-return,592,5.0,0.0,Editor,54.65470626950264,8.061399999860441,10.694605000389855,12.382952000971274,16.16189999913331,8.360023479729142,8.05769581347704,10.67388141527772,12.467453349381701,16.163796186447144,8.373682763163202,8.06205,10.691545,12.305264999999999,16.083099999999998,8.356488006756756,2.6402,4.408649999999999,5.231522000000002,6.3999,2.8571211148648645,0.2142,1.9160299999999997,2.259004000000001,2.6016999999999997,0.3717856418918919,0.364544,0.396288,0.40038399999999996,0.405504,0.3478071351351351,0.0,0.0,0.0,0.0,0.0,16301.0,29674.0,29747.0,33876.0,17615.27364864865,424628224.0,426972979.2,427238113.28,427294720.0,424755414.4864865,9755104075.0,9757831718.2,9758130236.88,9758196171.0,9755233835.993244,215.0,215.0,215.0,215.0,215.0,3.0,3.0,3.0,3.0,3.0,5.022709700000632,4.936132599999837,119.72936059295074,2109065.450622557,0.0,live GameplayStatTracker; one-frame boundary uncertainty,73494,73583,89,11087,11104,17,422723584,428654592,5931008,3771730286,3770562229,-1168057,6790881280,6790881280,0,1490,1490,0,1490,1490,0,1490,1490,0,-1,1,3840,2160,Woods,0,1,0,6,2,0,1.0,1.0,True,False,False,False,False,False,2.6826000000000003,4.998071899999559,0.0,0.0,0.0,0.0,0,0.0,4.996683100000155,
map-Woods-mid-proxy-creation,550,8.0,0.0,Editor,140.53590595722198,12.90199999948527,22.084969999286837,36.55663099945741,70.66440000016883,14.235658545456483,12.886600103229284,22.08330575376749,36.87797512859105,67.58720427751541,14.317338380285285,12.893650000000001,22.43538999999998,37.16286999999999,70.627,14.242386727272727,3.5149999999999997,5.675709999999999,18.121838999999987,59.791799999999995,4.068914181818181,0.65165,0.906855,1.0629009999999999,3.8257999999999996,0.6893781818181818,0.5191669999999999,1.4079487999999996,1.5273881599999999,1.9077119999999999,0.5892076581818182,0.0,0.011069999999999936,0.022803999999999994,0.0278,0.0035194545454545452,17547.0,53370.09999999997,159826.68999999994,1172754.0,29327.62181818182,456927232.0,458810572.8,459026677.76,459071488.0,451482061.7309091,9849012914.0,9851475294.7,9853720182.28,9854588177.0,9843362506.309092,81.0,83.0,83.0,83.0,80.40181818181819,4.0,4.0,4.0,4.0,3.9690909090909092,8.031825000000026,7.812577300001067,70.2713047075931,2060890.2491345103,101.09782023388176,live GameplayStatTracker; one-frame boundary uncertainty,94402,95548,1146,15950,16219,269,444682240,439185408,-5496832,3827254872,3829094460,1839588,6790881280,6790881280,0,1500,1501,1,1500,1501,1,1500,1501,1,-1,1,3840,2160,Woods,25,25,18,69,97,50,1.0,1.0,True,True,False,False,True,True,335.216,7.989619999998467,0.0,0.0,0.0,14.2773771,0,0.0,7.986970400001155,
map-Woods-mid-proxy-early,1230,15.0,0.0,Editor,57.29590356349945,11.694850000822044,14.279025000814727,19.77449500069272,27.958299999227165,12.155869593495696,11.695950292050838,14.29958171211183,19.952226523309946,27.96330116689205,12.165056492345848,11.694199999999999,14.155434999999999,17.135925000000007,29.6325,12.15205081300813,3.2732,4.05551,4.547851,5.0564,3.364823983739837,0.5847,0.82982,0.9552099999999999,1.382,0.6216842276422764,0.425984,0.7737855999999999,1.5073177600000025,3.125248,0.43361151300813006,0.0070999999999999995,0.0097,0.022099999999999998,0.1537,0.0052546341463414635,17526.0,43849.75,64450.9700000001,189467.0,23343.730894308945,444715008.0,458015129.6,458914529.28,459128832.0,446961540.7869919,9837283032.0,9851213585.2,9852177930.16,9853352417.0,9839313252.854471,82.0,83.0,84.0,85.0,81.64390243902439,4.0,4.0,4.0,4.0,4.0,15.034240000000864,14.936773900000844,82.28015020030065,1920725.6842191387,100.50391639350663,live GameplayStatTracker; one-frame boundary uncertainty,95548,95548,0,16219,16219,0,442908672,460922880,18014208,3829096096,3830977005,1880909,6790881280,6790881280,0,1501,1501,0,1501,1501,0,1501,1501,0,-1,1,3840,2160,Woods,25,27,71,69,97,50,1.0,1.0,True,True,False,False,True,True,0.0009000000000000001,14.994589500000075,0.4668350540706676,0.0,14.2773771,25.8296642,0,0.0,14.992041299999983,
map-Woods-mid-proxy-later,1158,15.0,0.0,Editor,69.59529966115952,12.675099999796657,15.62675499899342,20.190296999444417,72.60120000137249,12.926612176166232,12.650900054723024,15.614946512505412,20.545345097780253,69.59529966115952,12.932729624237524,12.6847,15.60272,16.908977,72.54549999999999,12.929536787564766,3.4549499999999997,4.415599999999999,6.440214999999999,54.064299999999996,3.6048428324697754,0.62805,0.9047449999999999,1.029715,1.9192,0.6625917962003454,0.45055999999999996,1.0957311999999988,1.5461273600000014,3.88096,0.46360225388601034,0.0073999999999999995,0.0098,0.0223,0.2965,0.006184110535405872,17547.0,43737.54999999999,56847.55000000006,203707.0,23410.29965457686,447504384.0,472392908.8,473270599.68,473485312.0,452071710.507772,9839487396.0,9865886256.0,9866805937.08,9867049465.0,9844218389.869602,81.0,83.0,84.0,84.0,80.61485319516407,4.0,4.0,4.0,4.0,4.0,15.028787100000045,14.95235649999995,77.37910743366798,1811468.0920258632,99.47575875900162,live GameplayStatTracker; one-frame boundary uncertainty,95548,95548,0,16219,16219,0,469536768,450662400,-18874368,3830977476,3830287173,-690303,6790881280,6790881280,0,1501,1502,1,1501,1502,1,1501,1502,1,-1,1,3840,2160,Woods,25,32,71,69,97,50,1.0,1.0,True,True,False,False,True,True,0.0008,14.991840500000762,0.2001088525454795,0.0,26.0958824,26.3416214,0,0.0,14.989760799999203,
map-Woods-mid-proxy-return,500,5.0,0.0,Editor,74.71709698438644,9.554600000228675,12.614590000703172,14.498744000702567,20.18110000062734,9.886548999998922,9.567595086991787,12.553680827841161,14.497357122600073,19.811103120446205,9.893338392488658,9.5597,12.526994999999998,14.395427999999999,27.581799999999998,9.8826898,2.9505999999999997,5.733,6.459569999999999,6.9909,3.2391318,0.25534999999999997,2.87158,3.368143999999999,3.5833999999999997,0.5171648,0.421376,1.1920895999999996,1.3004799999999999,1.652736,0.471189504,0.0,0.0,0.0,0.0,0.0,16399.0,37467.64999999998,52078.37999999997,156539.0,20014.686,457666560.0,460079104.0,460304424.96,460378112.0,457816743.936,9848047249.0,9850805288.2,9851060737.88,9851140509.0,9848191344.188,330.0,330.0,330.0,330.0,330.0,3.0,3.0,3.0,3.0,3.0,5.029668799999854,4.933042700000442,101.15460788530278,2024577.7142774593,98.81366343645021,live GameplayStatTracker; one-frame boundary uncertainty,95543,95492,-51,16218,16207,-11,455577600,462172160,6594560,3829874658,3828540351,-1334307,6790881280,6790881280,0,1502,1502,0,1502,1502,0,1502,1502,0,-1,1,3840,2160,Woods,25,36,71,69,97,50,1.0,1.0,True,False,False,False,True,True,3.5864000000000003,4.987689300000056,0.0,0.0,0.0,0.0,0,0.0,4.985233999999764,
offline-3600,1540,15.0,0.0,Editor,81.5650001168251,9.289249999710592,12.84025500090138,14.020677000007703,61.76439999944705,9.67783564935074,9.261801838874817,12.84996634349227,14.091382948681709,57.672496885061264,9.705696686461277,9.30705,12.788644999999999,13.985576,61.717,9.678199805194804,2.9101,5.957124999999999,6.644423999999992,54.196799999999996,3.3438247402597403,0.25915,3.0990999999999995,3.4558689999999994,6.090999999999999,0.5459595454545454,0.472064,0.662528,1.3604966399999998,4.082688,0.44595000129870127,0.0,0.0,0.0,0.0,0.0,16399.0,34861.0,41148.40999999998,669949.0,20092.175324675325,493912064.0,497538048.0,497921351.68,498032640.0,491833479.64675325,9918366540.0,9923274183.2,9923777935.52,9923911420.0,9916228725.368181,354.0,354.0,354.0,354.0,354.0,3.0,3.0,3.0,3.0,3.0,15.034742599998935,14.89182940000137,103.34526126117576,2076431.1082339205,99.96845572867383,live GameplayStatTracker; one-frame boundary uncertainty,100915,100915,0,17459,17459,0,485998592,483180544,-2818048,3853368891,3853081395,-287496,6790881280,6790881280,0,1565,1566,1,1565,1566,1,1565,1566,1,-1,1,3840,2160,Haloween,480,732,79,69,97,50,1.0,1.0,False,False,False,False,True,True,152.6969,14.999183800000537,0.0,0.0,0.0,0.0,0,0.0,14.99697009999909,
offline-604800,1566,15.0,0.0,Editor,80.38830012083054,9.06574999953591,12.298374999772932,14.11450000041441,17.871400001240545,9.512557024265861,9.04845166951418,12.298471294343472,14.37539597973227,54.725099354982376,9.541694768306016,9.080849999999998,12.264274999999998,14.034394999999996,25.8962,9.51280472541507,2.85325,5.7065,6.599084999999999,8.276299999999999,3.237302362707535,0.25505,3.054525,3.4669299999999987,3.7081,0.5315181353767561,0.454656,0.655616,1.3366783999999998,2.855936,0.43664116794380586,0.0,0.0,0.0,0.0,0.0,16399.0,34861.0,40230.79999999989,689103.0,20030.9687100894,510605312.0,516025344.0,516887961.6,517091328.0,511127112.58237547,9935137221.0,9941845125.0,9942843631.9,9943072901.0,9935672574.780972,354.0,354.0,354.0,354.0,353.86590038314176,3.0,3.0,3.0,3.0,3.0,15.029905600000347,14.884733799999594,105.1412824057386,2106081.738008023,99.93409406376878,live GameplayStatTracker; one-frame boundary uncertainty,100915,100915,0,17459,17459,0,501075968,519000064,17924096,3852831676,3855726369,2894693,6790881280,6790881280,0,1567,1567,0,1567,1567,0,1567,1567,0,-1,1,3840,2160,Haloween,480,732,79,69,97,50,1.0,1.0,False,False,False,False,True,True,154.1978,14.996461400000044,0.0,0.0,0.0,0.0,0,0.0,14.994224000000031,
offline-86400,1571,15.0,0.0,Editor,80.59009909629822,8.922699998947792,12.374850000014703,14.052690000971777,72.82570000097621,9.475968491406938,8.888796903192997,12.410147581249475,14.369938895106314,68.0680051445961,9.50773278717248,8.9367,12.25695,14.070799999999998,72.7654,9.476417059197964,2.8211,5.6304,6.58098,64.2376,3.2755024188415023,0.256,2.95065,3.370999999999999,3.8007999999999997,0.5313116486314449,0.47103999999999996,0.591872,1.357824,2.603008,0.4397939611712285,0.0,0.0,0.0,0.0,0.0,16395.0,34041.0,39289.399999999965,688390.0,20012.69573520051,502018048.0,506435584.0,506956185.6,507097088.0,501387600.33609164,9926583777.0,9932277208.0,9932900281.6,9933075640.0,9925918848.474857,354.0,354.0,354.0,354.0,354.0,3.0,3.0,3.0,3.0,3.0,15.026644699999451,14.8739329,105.55379068571702,2112415.896690296,100.02232900336394,live GameplayStatTracker; one-frame boundary uncertainty,100915,100915,0,17459,17459,0,493056000,490856448,-2199552,3853136064,3852755067,-380997,6790881280,6790881280,0,1566,1567,1,1566,1567,1,1566,1567,1,-1,1,3840,2160,Haloween,480,732,79,69,97,50,1.0,1.0,False,False,False,False,True,True,153.69140000000002,14.992060000000492,0.0,0.0,0.0,0.0,0,0.0,14.989829599999211,
offline-validated-3600,1056,10.0,5.0,Editor,44.26500201225281,9.031799999320356,12.150324998856377,13.757620000978932,14.481300000625197,9.445545928029428,9.037900250405073,12.161927530542016,13.768928265199065,14.382299035787582,9.44744554440011,9.0357,12.10245,13.657815000000005,14.4772,9.442204734848485,2.85625,5.657525,6.342594999999999,6.691599999999999,3.146701893939394,0.255,2.974425,3.3305000000000016,3.6532999999999998,0.5318357007575757,0.499712,1.335552,1.3997056,1.695744,0.5410462196969696,0.0,0.0,0.0,0.0,0.0,16399.0,33309.0,35585.0,39063.0,18335.258522727272,553635840.0,556891136.0,557211238.4,557289472.0,553839030.3030303,9956391608.0,9960317044.0,9960709519.2,9960802484.0,9956587719.163826,354.0,354.0,354.0,354.0,353.9223484848485,3.0,3.0,3.0,3.0,3.0,10.026388299998871,9.965460999999777,105.86564936634879,1941074.0498084037,0.0,live GameplayStatTracker; one-frame boundary uncertainty,100912,100912,0,17459,17459,0,551161856,559198208,8036352,3842804860,3844458884,1654024,6790881280,6790881280,0,1572,1572,0,1572,1572,0,1572,1572,0,-1,1,3840,2160,Haloween,480,732,79,69,97,50,1.0,1.0,False,False,False,False,False,False,158.2319,9.99175060000016,0.0,0.0,0.0,0.0,0,0.0,9.989537100000234,
offline-validated-604800,1052,10.0,5.0,Editor,43.971698731184006,8.943449999605946,12.155415000506759,14.035313001004397,15.643300001102034,9.485201711027953,8.884746581315994,12.220609514042733,14.16341446340084,15.709403902292252,9.486096096667726,8.9484,12.122959999999999,13.99211,15.623099999999999,9.481719011406843,2.8046999999999995,5.5996749999999995,6.514334,7.0089,3.146557414448669,0.2556,2.973509999999999,3.403728,3.7792,0.531889258555133,0.5114879999999999,1.3080063999999998,1.41259776,1.475584,0.5355625988593156,0.0,0.0,0.0,0.0,0.0,16399.0,34844.0,34906.37,46894.0,18342.065589353613,466679808.0,468471808.0,468676526.08,468733952.0,466803194.1596958,9869485727.5,9871967752.0,9872219689.28,9872290280.0,9869611327.254753,354.0,354.0,354.0,354.0,354.0,3.0,3.0,3.0,3.0,3.0,10.028117300000304,9.966335000000981,105.45501430564963,1934262.789120449,0.0,live GameplayStatTracker; one-frame boundary uncertainty,100912,100912,0,17459,17459,0,465371136,470642688,5271552,3842989572,3844507780,1518208,6790881280,6790881280,0,1574,1574,0,1574,1574,0,1574,1574,0,-1,1,3840,2160,Haloween,480,732,79,69,97,50,1.0,1.0,False,False,False,False,False,False,160.2501,9.993836900001043,0.0,0.0,0.0,0.0,0,0.0,9.991617499999847,
offline-validated-86400,968,10.0,5.0,Editor,313.592404127121,9.42620000023453,14.408309999453195,17.708300999020143,312.9504000007728,10.306157438016504,9.439154528081417,14.356552716344595,17.348929923027757,313.592404127121,10.30706889419393,9.45825,14.396554999999998,17.57498000000002,318.5537,10.302592458677685,2.9059999999999997,6.442169999999999,8.306710000000068,66.96889999999999,3.4741848140495866,0.26525,3.0861249999999996,3.5790390000000007,4.1906,0.5583306818181818,0.462848,0.8006143999999998,1.3021593600000003,3.067904,0.458736125,0.0,0.0,0.0,0.0,0.0,16395.0,34857.0,35838.590000000026,37108414.0,56824.443181818184,587868160.0,595128115.2,595973406.72,596193280.0,550303016.1983471,9992428043.0,10000314999.4,10001198229.96,10001442219.0,9954026500.627066,354.0,354.0,354.0,354.0,354.0,3.0,3.0,3.0,3.0,3.0,10.030509300000631,9.9674873999993,97.01542236211584,5512847.355776145,0.0,live GameplayStatTracker; one-frame boundary uncertainty,100912,100912,0,17459,17459,0,585719808,472899584,-112820224,3845281379,3842627333,-2654046,6790881280,6790881280,0,1572,1573,1,1572,1573,1,1572,1573,1,-1,1,3840,2160,Haloween,480,732,79,69,97,50,1.0,1.0,False,False,False,False,False,False,164.7622,9.995029699999577,0.0,0.0,0.0,0.0,0,0.0,9.992576099999496,
paired-farmlands-normal-cap144-r1-creation,366,7.0,0.0,Editor,460.1821005344391,14.550400000189256,33.8073249995432,46.52481499897488,107.43389999879582,18.636697540983494,14.55544913187623,34.172721207141876,53.38571686297675,106.89020156860352,18.83117191982074,14.396049999999999,33.43845,45.60186500000013,110.2301,18.63286174863388,4.494299999999999,8.67635,22.319555000000047,57.5051,5.311627049180328,0.95885,1.7463,4.018880000000008,5.350899999999999,1.0690773224043715,0.408064,0.826624,2.800691200000002,2.9521919999999997,0.4783758633879781,0.0217,0.047875,0.06345000000000012,0.1625,0.026258743169398906,24800.5,260310.75,404678.600000001,4175803.0,107497.0655737705,535234560.0,545271808.0,546637004.8,546746368.0,532793209.704918,11371200536.5,11381257220.0,11382675472.85,11383788343.0,11368373290.896175,105.5,136.0,137.70000000000005,140.0,108.20218579234972,7.0,7.0,7.0,7.0,6.882513661202186,7.0447961000008945,6.761606500000198,53.98125430694456,5802826.433988,0.0,live GameplayStatTracker; one-frame boundary uncertainty,124322,101665,-22657,22903,17657,-5246,520835072,515813376,-5021696,4961583741,4953480258,-8103483,8946950144,8946950144,0,1613,1614,1,1613,1614,1,1613,1614,1,144,0,3840,2160,Farmlands,480,732,79,69,97,50,1.0,1.0,False,True,False,False,False,False,316.7303,6.894845200000418,2.0305024397065727,0.4351076656514084,0.0,46.9157372,0,0.0,6.980457900001056,
paired-farmlands-normal-cap144-r1-return,390,4.0,0.0,Editor,73.09339940547943,9.29184999949939,13.224975000321134,18.805923999352675,22.83720000014,10.067826153844623,9.302699938416481,13.182656886056066,19.008929710835226,22.899800911545753,10.099323038966991,9.27665,13.018309999999998,17.151473000000145,29.6983,10.064376666666666,2.9602999999999997,6.009584999999998,6.423602000000001,7.1975,3.304800769230769,0.30335,3.1911999999999994,3.3495079999999997,3.51,0.5832541025641025,0.28928,0.7271423999999999,0.8852992000000001,3.111936,0.3453741948717949,0.0,0.0,0.0,0.0,0.0,16399.0,35264.0,60006.93000000148,156539.0,19988.55641025641,521428992.0,521428992.0,521428992.0,521428992.0,521428992.0,11353688578.0,11354060077.8,11354203451.52,11354217358.0,11353706921.602564,386.0,386.0,386.0,386.0,386.0,3.0,3.0,3.0,3.0,3.0,4.026969700000336,3.9161072999995667,99.3333354272604,1985529.9786067158,0.0,live GameplayStatTracker; one-frame boundary uncertainty,101672,102111,439,17659,17746,87,521117696,523354112,2236416,4953604857,4950833424,-2771433,8946950144,8946950144,0,1616,1616,0,1616,1616,0,1616,1616,0,144,0,3840,2160,Farmlands,480,732,79,69,97,50,1.0,1.0,True,False,False,False,False,False,4.676,3.9916322999997647,0.0,0.0,0.0,0.0,0,0.0,3.9894001000011485,
paired-farmlands-normal-cap144-r1,1212,25.0,0.0,Editor,99.16160255670547,19.043199999941862,32.11418999917442,37.5916899998447,98.59850000066217,20.590784818481367,19.015653058886528,32.01286792755127,37.50401537865407,99.16160255670547,20.596837872338078,15.668299999999999,33.00398500000001,39.13645400000011,100.3793,20.586887376237623,4.7966,6.9347150000000015,9.921612000000025,67.0369,5.123398927392739,1.0558999999999998,2.08418,2.7737220000000007,11.5179,1.1777821782178217,0.275456,0.7295488,2.6659328000000007,2.82624,0.39028424752475244,0.0305,0.06001500000000003,0.08170100000000009,0.3464,0.035602722772277225,102610.0,287361.9,355921.9,1119570.0,124497.84488448846,538312704.0,563244851.2,567878000.64,570855424.0,539858389.7557756,11374466024.5,11400049370.0,11405354145.08,11408088647.0,11375898138.2632,126.0,144.0,147.0,150.0,127.97194719471948,6.0,7.0,7.0,7.0,5.803630363036303,25.04221260000122,24.94166640000003,48.55329153147516,6044780.157716941,0.0,live GameplayStatTracker; one-frame boundary uncertainty,101665,101677,12,17657,17660,3,519897088,572772352,52875264,4953575550,4955563757,1988207,8946950144,8946950144,0,1614,1615,1,1614,1615,1,1614,1615,1,144,0,3840,2160,Farmlands,480,732,79,69,97,50,1.0,1.0,True,True,False,False,False,False,0.0014,24.998646500000177,3.6801992459871515,0.7200389829105297,48.69076,241.703064,5,0.0,24.995922599999176,
paired-farmlands-normal-cap144-r2-creation,320,7.0,0.0,Editor,140.15819132328033,17.16880000094534,33.91911000035179,49.818070000237654,92.41320000000997,21.27670562500157,17.247745767235756,33.98757204413416,66.40307027846579,91.89549833536148,21.45631558378227,16.428800000000003,35.445040000000006,47.745805000000004,103.1172,21.294334687499997,5.1041,8.030765000000006,28.555440000000015,75.8143,6.1660346875,1.1353499999999999,2.174595,2.855896,4.9879,1.2311418749999998,0.380416,1.0624000000000005,2.1601994900000006,3.3331199999999996,0.4187391875,0.026549999999999997,0.05371,0.07146100000000001,0.1075,0.03179,105313.0,302526.85,377634.06000000006,1256942.0,118963.7625,555223040.0,568635801.6,568933621.76,568979456.0,552202112.0,11390924479.5,11405031437.8,11405177240.01,11407690615.0,11387879374.96875,110.0,145.0,148.24,150.0,118.221875,5.0,8.0,8.0,8.0,5.084375,7.0335785999996006,6.790984299999764,46.97404469040094,5588209.096213243,0.0,live GameplayStatTracker; one-frame boundary uncertainty,101671,101719,48,17660,17671,11,541986816,531005440,-10981376,4951425555,4954073302,2647747,8946950144,8946950144,0,1616,1617,1,1616,1617,1,1616,1617,1,144,0,3840,2160,Farmlands,480,732,79,69,97,50,1.0,1.0,True,True,False,False,False,False,325.1216,6.990278399998715,2.2888931004526145,0.7152790938914421,0.0,51.7058754,0,0.0,6.987747600000148,
paired-farmlands-normal-cap144-r2-return,353,4.0,0.0,Editor,70.13870030641556,10.51259999985632,15.554659999907006,21.204699999725598,26.787299999341485,11.154579320115253,10.500099509954453,15.648002736270417,21.208960562944448,26.452600955963135,11.170598271991476,10.4643,14.735119999999998,26.782820000000015,30.179399999999998,11.15061671388102,3.3099,6.75986,7.1469759999999996,7.622,3.6623294617563737,0.3245,3.55068,3.960824,4.0672999999999995,0.6775422096317281,0.30924799999999997,0.8970239999999999,1.9627622400000275,3.3269759999999997,0.39259231728045324,0.0,0.0,0.0,0.0,0.0,16399.0,34626.8,156871.16,174697.0,21617.57223796034,583229440.0,584445132.8,584566702.08,584589312.0,583092740.3512747,11416875175.0,11418329773.4,11418466720.6,11418493607.0,11416824716.12748,398.0,398.0,398.0,398.0,398.0,3.0,3.0,3.0,3.0,3.0,4.028800800000681,3.9172882000002573,89.85808090402357,1942513.555107214,0.0,live GameplayStatTracker; one-frame boundary uncertainty,101788,102332,544,17686,17794,108,580399104,534274048,-46125056,4955139693,4950568859,-4570834,8946950144,8946950144,0,1618,1619,1,1618,1619,1,1618,1619,1,144,0,3840,2160,Farmlands,480,732,79,69,97,50,1.0,1.0,True,False,False,False,False,False,4.4718,3.9928837999996176,0.0,0.0,0.0,0.0,0,0.0,3.9905226999999286,
paired-farmlands-normal-cap144-r2,1262,25.0,0.0,Editor,98.79910200834274,16.360399999939546,32.4105600004259,37.311835000273305,98.1246999999712,19.781145879556664,16.355899162590504,32.23657086491585,37.27608103305106,98.79910200834274,19.78690507814359,14.7683,32.66411,38.366107000000035,98.93459999999999,19.7839941362916,4.73875,6.592580000000001,9.911601000000104,69.2545,5.066892868462757,1.0324499999999999,1.9877200000000002,2.6638370000000027,12.817499999999999,1.1494940570522978,0.29696,0.7474176,2.577479680000001,4.088832,0.3853274500792393,0.031,0.0612,0.08896500000000035,0.3089,0.03643565768621236,90879.5,269029.55,331063.3800000006,1209323.0,113333.71156893819,552380416.0,580100300.8,587081441.28,588955648.0,553955795.3724247,11389637242.0,11418196183.5,11424430455.91,11426560961.0,11390806364.302694,131.0,147.0,151.0,154.0,130.91521394611726,7.0,8.0,8.0,8.0,6.665610142630745,25.034241999999722,24.944050100000823,50.55313772000315,5729374.7292636465,0.0,live GameplayStatTracker; one-frame boundary uncertainty,101719,101793,74,17671,17687,16,535023616,573485056,38461440,4954015856,4955958536,1942680,8946950144,8946950144,0,1617,1618,1,1617,1618,1,1617,1618,1,144,0,3840,2160,Farmlands,480,732,79,69,97,50,1.0,1.0,True,True,False,False,False,False,0.0013000000000000002,24.99325139999928,3.8410368648555573,0.7602052128359956,52.985836,251.594131,7,0.0,24.990738399999827,
paired-farmlands-normal-cap144-r3-creation,375,7.0,0.0,Editor,139.9839073419571,13.59500000035041,31.287529999644907,38.114555998981814,72.35650000075111,18.255009866668843,13.655003160238266,31.318206526339058,38.975509777665124,71.92739844322205,18.35382344822089,13.188799999999999,31.642069999999997,37.822677999999996,71.0577,18.2439896,4.241099999999999,7.05284,19.090919999999997,46.163399999999996,4.963552,0.8241999999999999,1.7339900000000001,2.2171179999999993,3.4307,0.9801045333333332,0.28876799999999997,0.8430592000000001,2.7207065599999987,3.04128,0.420724728,0.0219,0.05056,0.060323999999999975,0.0686,0.026917066666666666,27267.0,312951.0,388635.1999999996,1171819.0,106261.89066666667,572317696.0,579900211.2,580116316.16,580431872.0,570667543.2106667,11407651422.0,11415700152.4,11416206975.36,11418434725.0,11406001537.778667,118.0,134.0,135.0,135.0,115.61333333333333,7.0,7.0,7.0,7.0,6.818666666666667,7.051407099999778,6.827362500000163,54.779572638773914,5820980.958508119,0.0,live GameplayStatTracker; one-frame boundary uncertainty,101787,101793,6,17687,17687,0,548372480,582479872,34107392,4951052978,4954016391,2963413,8946950144,8946950144,0,1619,1619,0,1619,1619,0,1619,1619,0,144,0,3840,2160,Farmlands,480,732,79,69,97,50,1.0,1.0,True,True,False,False,False,False,370.1852,6.999599300001137,2.285845134020372,0.571461283505093,0.0,53.43957,0,0.0,6.9968492000007245,
paired-farmlands-normal-cap144-r3-return,374,4.0,0.0,Editor,71.76180183887482,10.11960000050749,14.435410000169203,20.275479999927448,23.010799999610754,10.511628609623935,10.120355058461428,14.714228454977272,20.23927697911855,23.544805124402046,10.538417636790378,10.1177,13.756479999999996,19.618095999999785,31.1177,10.508364705882352,3.20085,6.332114999999997,7.1996269999999996,7.5694,3.496115775401069,0.303,3.206365,3.6523919999999994,3.7073,0.6107983957219251,0.382976,0.6483455999999996,1.1653939199999999,1.209344,0.3696722139037433,0.0,0.0,0.0,0.0,0.0,16399.0,35281.0,76224.399999998,159380.0,20149.33422459893,564217856.0,565239808.0,565346304.0,565362688.0,564137261.1764706,11397282800.0,11398557616.0,11398680612.16,11398702176.0,11397232572.243315,382.0,382.0,382.0,382.0,382.0,3.0,3.0,3.0,3.0,3.0,4.0281814000009035,3.9196575000005396,95.16137570692048,1917438.36439137,0.0,live GameplayStatTracker; one-frame boundary uncertainty,101792,102196,404,17687,17767,80,562151424,567287808,5136384,4954281727,4951582248,-2699479,8946950144,8946950144,0,1621,1621,0,1621,1621,0,1621,1621,0,144,0,3840,2160,Farmlands,480,732,79,69,97,50,1.0,1.0,True,False,False,False,False,False,4.5288,3.9934468000010384,0.0,0.0,0.0,0.0,0,0.0,3.991070599999148,
paired-farmlands-normal-cap144-r3,1346,25.0,0.0,Editor,107.09010064601898,14.776400000300782,31.012300000838877,36.3190300001406,106.58190000140166,18.53327793462064,14.75065154954791,30.848673544824123,36.601085029542446,107.09010064601898,18.540483731970212,14.360299999999999,31.754924999999997,37.036159999999995,107.5307,18.536022734026744,4.5535499999999995,6.440975,9.823439999999959,82.29129999999999,4.932586775631501,0.9584499999999999,2.00885,2.90657,77.4543,1.146670208023774,0.5073920000000001,0.712448,2.535731199999996,3.2399359999999997,0.4244107013372957,0.0286,0.058225,0.08071499999999994,0.3116,0.03368224368499257,64845.0,252532.25,353543.34999999986,1109711.0,97495.48365527489,558147584.0,601414656.0,605468876.8,608825344.0,566414690.5200595,11393964870.0,11439698489.5,11443568003.7,11447142108.0,11402894527.49777,127.0,145.0,149.0,152.0,127.17459138187222,7.0,9.0,9.0,9.0,6.732540861812779,25.039840299999923,24.91574649999893,53.98192665028349,5262994.047412962,0.0,live GameplayStatTracker; one-frame boundary uncertainty,101793,101797,4,17687,17688,1,590516224,556843008,-33673216,4954017190,4955054230,1037040,8946950144,8946950144,0,1619,1621,2,1619,1621,2,1619,1621,2,144,0,3840,2160,Farmlands,480,732,79,69,97,50,1.0,1.0,True,True,False,False,False,False,0.001,24.983855600001334,3.442222904938476,0.7204652591731694,55.0333748,232.78302,5,0.0,24.98141940000096,
paired-farmlands-normal-cap30-r1-creation,203,7.0,0.0,Editor,141.1467045545578,33.7253999987297,44.96713000116869,56.11999599877883,95.85429999970074,33.57193891625581,33.89010205864906,39.97551463544369,54.94196921586979,76.98259502649307,33.84310357602946,33.7703,40.05022999999999,48.607535999999996,65.7852,33.400342364532015,4.6979999999999995,12.18841,21.57881999999996,56.195499999999996,5.815703448275862,0.9088999999999999,1.501939999999999,2.4930399999999975,2.8621,0.9999103448275861,1.941504,4.844851199999999,8.125971499999983,8.205311,2.025806157635468,0.0241,0.04876999999999999,0.05309399999999999,0.0648,0.028620689655172414,133380.0,284078.5999999994,699045.2199999972,1207212.0,140588.18719211823,612065280.0,617117286.4,618191749.12,618536960.0,612746164.3349754,11440954593.0,11446718740.6,11447803833.08,11448005251.0,11441438495.714285,89.0,128.0,130.0,131.0,98.49753694581281,6.0,6.0,6.0,6.0,5.788177339901478,7.062996300001032,6.793375299999752,29.73485065664006,4180368.7502453923,0.0,live GameplayStatTracker; one-frame boundary uncertainty,101047,101094,47,17505,17516,11,599937024,620642304,20705280,4935983335,4950285822,14302487,8946950144,8946950144,0,1605,1605,0,1605,1605,0,1605,1605,0,30,0,3840,2160,Farmlands,480,732,79,69,97,50,1.0,1.0,True,True,False,False,False,False,382.2825,6.998577500000465,1.7146341524401498,0.42865853811003746,0.0,44.59582,0,0.0,7.009198700001434,
paired-farmlands-normal-cap30-r1-return,119,4.0,0.0,Editor,145.09429037570953,33.547299999554525,41.416439999011345,45.23616599923116,54.67569999927946,32.97641596637892,33.441100269556046,37.9115991294384,39.485217183828354,50.01179873943329,33.302655380939235,33.4067,37.70002,38.918823999999994,39.192099999999996,33.19755630252101,3.9501,7.517809999999999,7.631068,7.763199999999999,4.638201680672268,0.438,3.6376799999999996,3.8449119999999994,3.8583,1.2097042016806723,1.615872,3.863551999999999,5.520465919999999,6.251519999999999,1.9529573109243696,0.0,0.0,0.0,0.0,0.0,77340.0,156625.0,190563.65999999992,194949.0,80389.9243697479,616329216.0,616640512.0,616664350.72,616677376.0,616328940.6386554,11443625084.0,11444288316.2,11444347916.96,11444370068.0,11443681825.0,390.0,390.0,390.0,390.0,390.0,3.0,3.0,3.0,3.0,3.0,4.04411600000094,3.9040637999987666,30.224915894058206,2429778.7028053305,0.0,live GameplayStatTracker; one-frame boundary uncertainty,101207,101679,472,17547,17640,93,615337984,618594304,3256320,4951410339,4948010094,-3400245,8946950144,8946950144,0,1607,1607,0,1607,1607,0,1607,1607,0,30,0,3840,2160,Farmlands,480,732,79,69,97,50,1.0,1.0,True,False,False,False,False,False,4.2478,3.940356499999325,0.0,0.25378414364288393,0.0,0.0,0,0.0,4.007573599999887,
paired-farmlands-normal-cap30-r1,742,25.0,0.0,Editor,134.9828988313675,34.06429999995453,45.8601449998241,53.233843999896656,109.27790000096138,33.644412129382,34.317899495363235,43.59201826155186,47.170017100870616,96.78950160741806,33.661425519091985,33.33369999999999,44.9953,51.194043,74.90079999999999,32.09974555256065,5.4412,7.780374999999995,18.557499999999997,63.122,5.926934636118598,1.2561,2.3631149999999996,3.178525000000001,13.0314,1.4050778975741238,0.795136,2.9368319999999914,5.927454720000002,10.011648,1.0952770202156334,0.0359,0.06557999999999996,0.11025900000000063,0.283,0.04117048517520216,179168.5,351321.2499999999,423171.22000000044,1283584.0,186857.8436657682,618868736.0,662214041.6,667343790.08,668463104.0,620853706.1778976,11450307838.0,11494829109.95,11500039747.26,11501166749.0,11451696469.801888,131.0,147.0,150.0,154.0,132.26819407008085,6.0,7.0,7.0,7.0,5.857142857142857,25.04490319999968,24.938087200000155,29.71358605242167,5552216.617332759,0.0,live GameplayStatTracker; one-frame boundary uncertainty,101094,101210,116,17516,17547,31,628678656,609669120,-19009536,4950235605,4951467006,1231401,8946950144,8946950144,0,1605,1607,2,1605,1607,2,1605,1607,2,30,0,3840,2160,Farmlands,480,732,79,69,97,50,1.0,1.0,True,True,False,False,False,False,0.1039,24.96174869999959,4.046190882452144,0.7211033255855307,44.59582,245.810684,5,0.0,25.00440510000044,
paired-farmlands-normal-cap30-r2-creation,199,7.0,0.0,Editor,557.1843981742859,32.671599999957834,45.90227999960916,62.64638400010901,117.19100000118488,34.22713668341609,33.06400403380394,45.69583870470524,70.05912542343184,117.8290992975235,34.678053241878295,32.125099999999996,46.23725999999998,63.07886000000003,119.31099999999999,33.15125829145728,5.404999999999999,12.694319999999998,31.19500800000009,51.909499999999994,6.595638693467336,1.1622999999999999,1.8467299999999995,3.242800000000004,3.8348999999999998,1.2104949748743719,0.57344,2.6725375999999965,5.428736000000007,8.107008,0.852513432160804,0.0295,0.06127999999999999,0.07916600000000085,0.2752,0.03632412060301508,163563.0,321138.5,828411.7000000045,4176472.0,173582.1256281407,660156416.0,673943142.4,675298672.64,675704832.0,657355287.1557789,11492973086.0,11507151093.2,11508732031.64,11509181788.0,11489794926.040201,110.0,132.0,140.02,141.0,110.8643216080402,7.0,7.0,7.0,7.0,6.708542713567839,7.053718299999673,6.748941699999705,29.33793308660655,5092540.7867093235,0.0,live GameplayStatTracker; one-frame boundary uncertainty,123877,101322,-22555,22794,17577,-5217,636870656,614981632,-21889024,4958596829,4951608661,-6988168,8946950144,8946950144,0,1607,1608,1,1607,1608,1,1607,1608,1,30,0,3840,2160,Farmlands,480,732,79,69,97,50,1.0,1.0,False,True,False,False,False,False,399.1193,6.889697200000228,2.3223081560100307,0.29028851950125384,0.0,45.3089066,0,0.0,6.9958455999985745,
paired-farmlands-normal-cap30-r2-return,120,4.0,0.0,Editor,150.23890137672424,33.23080000063783,40.559269999994285,45.13912599939432,50.54589999963355,32.86798583333924,32.821301370859146,37.368986569345,39.08870127052069,43.71560364961624,33.13528830961635,32.784800000000004,37.28297,37.69225,39.086,33.03550166666667,3.4387499999999998,6.44153,6.883169,7.0423,4.117965833333333,0.35829999999999995,3.1479449999999995,3.388842,3.6006,1.0884533333333333,1.7756159999999999,3.704883199999999,7.303413760000003,8.0128,2.1902847916666666,0.0,0.0,0.0,0.0,0.0,94051.5,156556.0,190912.54000000004,197112.0,99212.275,512114688.0,513320550.4,513426391.04,513449984.0,512032017.06666666,11341868990.5,11343515789.8,11343650864.29,11343683689.0,11341829260.616667,382.0,382.0,382.0,382.0,382.0,3.0,3.0,3.0,3.0,3.0,4.052847300001304,3.929066000000603,30.28709622082748,3004851.7192121963,0.0,live GameplayStatTracker; one-frame boundary uncertainty,101356,101758,402,17583,17662,79,509497344,515379200,5881856,4952580907,4949791078,-2789829,8946950144,8946950144,0,1609,1609,0,1609,1609,0,1609,1609,0,30,0,3840,2160,Farmlands,480,732,79,69,97,50,1.0,1.0,True,False,False,False,False,False,4.1883,3.9545588999990287,0.0,0.0,0.0,0.0,0,0.0,4.015972400000464,
paired-farmlands-normal-cap30-r2,740,25.0,0.0,Editor,135.30570268630981,32.76795000056154,46.613370000886775,52.52601899968795,131.30249999994703,33.706085540539,33.81184861063957,43.8754254952073,47.87819523364306,131.76779448986053,33.715472990848326,32.3322,46.382659999999994,54.991873000000005,131.0401,32.316649189189185,5.5203999999999995,7.528484999999998,18.150284000000006,52.3262,5.913168648648648,1.25085,2.315069999999999,2.9773340000000013,14.161999999999999,1.3995929729729728,0.7623679999999999,2.7910655999999974,5.737390080000001,7.088127999999999,1.0187789635135134,0.0312,0.061599999999999995,0.076,0.3125,0.037071486486486484,170301.0,391678.6,478684.9,1091238.0,180196.2472972973,644870144.0,689249280.0,694299320.32,695762944.0,604715650.0756757,11477230580.0,11523399417.4,11528497429.63,11529991826.0,11437569696.55946,128.0,140.04999999999995,145.0,148.0,126.9554054054054,6.0,7.0,7.0,7.0,5.466216216216216,25.025587799998902,24.91477769999983,29.66111152579158,5344820.9876142545,0.0,live GameplayStatTracker; one-frame boundary uncertainty,101322,101359,37,17577,17583,6,619839488,504475648,-115363840,4951611431,4952680195,1068764,8946950144,8946950144,0,1608,1609,1,1608,1609,1,1608,1609,1,30,0,3840,2160,Farmlands,480,732,79,69,97,50,1.0,1.0,True,True,False,False,False,False,0.0013000000000000002,24.938592399999834,3.328175009588775,0.6415759054628964,45.3089066,216.098724,7,0.0,24.97849429999951,
paired-farmlands-normal-cap30-r3-creation,202,7.0,0.0,Editor,621.439516544342,33.76879999996163,46.69508499973744,58.97924799917751,99.3741999991471,33.64175891088638,34.191302955150604,42.35782437026501,59.472943805158145,117.05649644136429,34.15050482985997,33.894,42.91389499999999,52.524912,75.5375,32.76050495049505,4.88615,13.718439999999978,37.77404800000014,65.5976,6.226641584158416,1.0967500000000001,1.6516599999999997,2.5237,2.5717,1.1124826732673267,1.1765759999999998,4.458854399999999,6.269255680000001,8.547328,1.633127900990099,0.0286,0.05636499999999999,0.069485,0.077,0.033748019801980195,151170.5,361850.5999999998,1165831.330000004,4175458.0,184389.6683168317,512745472.0,520474214.4,521084764.16,521166848.0,513273856.0,11344665348.0,11352959940.6,11353889597.0,11353940630.0,11344969683.628714,110.0,124.0,127.0,127.0,110.00990099009901,4.0,5.0,5.0,5.0,3.9752475247524752,7.036484300000666,6.736604499999885,29.83698983664596,5501632.659551826,0.0,live GameplayStatTracker; one-frame boundary uncertainty,123956,101396,-22560,22816,17593,-5223,501395456,523091968,21696512,4958443380,4952021105,-6422275,8946950144,8946950144,0,1610,1610,0,1610,1610,0,1610,1610,0,30,0,3840,2160,Farmlands,480,732,79,69,97,50,1.0,1.0,False,True,False,False,False,False,473.10740000000004,6.884583600000042,2.4692851431130705,0.43575620172583596,0.0,54.3672943,0,0.0,6.989784800000052,
paired-farmlands-normal-cap30-r3-return,119,4.0,0.0,Editor,182.29110538959503,32.819199999721604,40.50875000029919,45.42949400067299,48.61279999931867,33.09467647058296,32.80649706721306,37.29359693825245,37.7094030380249,45.65000161528587,33.28291857380326,32.808,36.97676,37.675945999999996,45.742599999999996,33.3444,3.6311,6.855859999999999,7.435913999999999,7.4814,4.292394957983193,0.3785,3.4971399999999995,3.755733999999998,3.8291,1.2033344537815125,2.234368,3.8146047999999992,5.163007999999997,5.85216,2.392365176470588,0.0,0.0,0.0,0.0,0.0,93295.0,111524.3,156591.0,198427.0,94799.58823529411,505839616.0,506200883.2,506243645.44,506253312.0,505917267.89915967,11337989216.0,11338762571.7,11338842710.56,11338860948.0,11338092613.294117,394.0,394.0,394.0,394.0,394.0,3.0,3.0,3.0,3.0,3.0,4.116912900000898,3.920433299999786,30.09871383349551,2853345.677827325,0.0,live GameplayStatTracker; one-frame boundary uncertainty,101615,102124,509,17648,17749,101,505442304,508182528,2740224,4954482468,4951022492,-3459976,8946950144,8946950144,0,1613,1613,0,1613,1613,0,1613,1613,0,30,0,3840,2160,Farmlands,480,732,79,69,97,50,1.0,1.0,True,False,False,False,False,False,4.2619,3.9932597000006353,0.0,0.0,0.0,0.0,0,0.0,4.012270100000023,
paired-farmlands-normal-cap30-r3,740,25.0,0.0,Editor,138.29870522022247,33.975249999457446,46.278950000305485,53.89065599940298,120.99849999867729,33.73392540540679,34.302448853850365,42.914786376059055,48.2304734364152,107.49679803848267,33.7215649379367,33.20505,45.371629999999996,52.474097,69.3887,32.339465405405406,5.431849999999999,8.048385,20.146279000000003,58.449999999999996,6.0677128378378375,1.31075,2.336214999999999,3.694206000000001,12.8187,1.4572147297297298,0.804352,3.7725183999999987,4.6257971200000005,8.50944,1.1430510689189188,0.03455,0.0615,0.08634800000000009,0.2718,0.04020581081081081,182927.0,356571.74999999994,448779.12000000017,1243820.0,196382.16621621622,518877184.0,541834444.8,543420825.6,543985664.0,519461301.27567565,11353675691.5,11377886178.0,11380158714.92,11381052922.0,11353729911.681082,131.0,150.0,153.0,157.0,132.51081081081082,7.0,7.0,7.0,7.0,6.27972972972973,25.049560999999812,24.948309600000357,29.621245360847592,5817084.329985295,0.0,live GameplayStatTracker; one-frame boundary uncertainty,101396,101620,224,17593,17649,56,530857984,546054144,15196160,4952022141,4955459752,3437611,8946950144,8946950144,0,1610,1612,2,1610,1612,2,1610,1612,2,30,0,3840,2160,Farmlands,480,732,79,69,97,50,1.0,1.0,True,True,False,False,False,False,0.0009000000000000001,24.95700289999877,3.7664779050854955,0.6811715360261003,54.3672943,265.051849,6,0.0,24.98604669999986,
paired-farmlands-slip-cap144-r1-creation,351,7.0,0.0,Editor,305.9464991092682,15.177999999650638,36.5695999998934,53.29844999960187,101.15910000058648,19.544948148148332,15.16449823975563,36.766499280929565,67.10035353899002,101.68949514627457,19.724441320765393,14.4705,36.5457,59.653999999999996,101.25959999999999,19.57049772079772,4.4325,8.373449999999998,22.28415,80.13329999999999,5.506436467236467,0.9803,1.8998499999999998,3.4867999999999997,8.0151,1.1120578347578347,0.530432,0.8494079999999999,2.695168,3.4406399999999997,0.47846471509971505,0.012,0.0395,0.0504,0.1757,0.01837122507122507,36108.0,232326.0,268333.5,4184127.0,91294.83760683761,680820736.0,690929664.0,691470336.0,691781632.0,669121311.3618233,11519856472.0,11530200265.5,11530741719.5,11531072797.0,11508152993.623932,103.0,108.0,113.0,120.0,102.00854700854701,6.0,6.0,6.0,6.0,5.883190883190883,7.03957199999968,6.795906400000604,51.50159219379021,4701829.495825653,0.0,live GameplayStatTracker; one-frame boundary uncertainty,114108,102295,-11813,20525,17806,-2719,653938688,500383744,-153554944,4959534928,4954254136,-5280792,8946950144,8946950144,0,1628,1629,1,1628,1629,1,1628,1629,1,144,0,3840,2160,Farmlands,480,732,79,69,97,50,1.0,4.0,False,True,False,False,False,False,169.53740000000002,6.925853300001108,2.8877308157821937,0.7219327039455484,0.0,44.85362,0,0.0,6.995204900000317,
paired-farmlands-slip-cap144-r1-return,369,4.0,0.0,Editor,73.301300406456,10.183200000028592,14.308259999597794,19.117092000306,23.853000000599422,10.671206504067046,10.214902460575104,14.411340840160845,19.424483254551884,23.91129545867443,10.69787562367958,10.1776,14.201699999999999,17.104047999999977,28.828999999999997,10.66779783197832,3.2664999999999997,6.5150999999999994,6.84472,9.3055,3.6029951219512193,0.3555,3.348599999999999,3.547112,5.4439,0.677640650406504,0.37888,0.7804927999999998,1.15318784,2.649088,0.3899941463414634,0.0,0.0,0.0,0.0,0.0,16399.0,33309.0,38247.279999999984,173449.0,19849.056910569107,518602752.0,519260569.6,519326269.44,519335936.0,518577776.3902439,11354419178.0,11355318288.4,11355402930.0,11355418498.0,11354467501.479675,430.0,430.0,430.0,430.0,430.0,3.0,3.0,3.0,3.0,3.0,4.0327999000001,3.927556300001015,93.69693822082318,1859795.8590911971,0.0,live GameplayStatTracker; one-frame boundary uncertainty,102438,103262,824,17845,18009,164,517156864,521285632,4128768,4955902535,4953521098,-2381437,8946950144,8946950144,0,1631,1631,0,1631,1631,0,1631,1631,0,144,0,3840,2160,Farmlands,480,732,79,69,97,50,1.0,1.0,True,False,False,False,False,False,4.1199,3.997853300001225,0.0,0.0,0.0,0.0,0,0.0,3.9955648999984987,
paired-farmlands-slip-cap144-r1,987,25.0,0.0,Editor,104.4904962182045,26.59239999957208,36.50038000014319,47.31290999945485,104.0207999994891,25.297875481257265,26.621896773576736,36.512441188096986,47.757657766342156,104.4904962182045,25.274959453235343,28.014699999999998,36.55209,47.38221599999994,104.2423,25.283493110435664,5.4334999999999996,8.975549999999997,22.049593999999992,75.8093,6.286663019250253,1.351,2.998569999999999,4.342891999999998,70.2183,1.6559111448834853,0.54784,0.7748607999999999,2.4609177599999983,3.3064959999999997,0.4423316849037487,0.027899999999999998,0.0566,0.07111199999999993,0.3136,0.031759574468085104,184606.0,341631.3,430126.27999999997,1417246.0,178558.73860182372,507265024.0,536808243.2,541658152.96,543293440.0,512484577.1347518,11345573437.0,11376474815.6,11380993934.58,11382706679.0,11351192794.090172,120.0,143.0,149.0,156.0,120.70921985815603,7.0,10.0,10.0,10.0,6.459979736575481,25.0281630999998,24.95666809999966,39.50847909861867,7054584.191925867,0.0,live GameplayStatTracker; one-frame boundary uncertainty,102295,102443,148,17806,17846,40,504365056,511983616,7618560,4954246052,4956672779,2426727,8946950144,8946950144,0,1629,1631,2,1629,1631,2,1629,1631,2,144,0,3840,2160,Farmlands,480,732,79,69,97,50,4.0,4.0,True,True,False,False,False,False,0.002,24.967869699999937,8.010294927163951,1.6421104600686098,44.85362,491.531921,2,0.0,24.9655731999992,
paired-farmlands-slip-cap144-r2-creation,340,7.0,0.0,Editor,144.56228911876678,18.166249999012507,31.12787000036406,43.89737599976798,73.24330000119517,19.848866176471347,18.13639886677265,31.420818343758587,51.324233859777614,144.56228911876678,20.200060266891825,14.87285,31.483285000000002,44.39768900000003,73.893,19.837308823529412,4.44485,8.11757,22.467604000000037,52.782999999999994,5.280880588235294,0.9657,1.698235,2.6498660000000007,3.7129999999999996,1.0655567647058823,0.296448,0.7856128,2.6891878400000007,3.0392319999999997,0.4334441352941176,0.01515,0.042420000000000006,0.050444,0.21289999999999998,0.02035764705882353,73545.0,269953.15,333482.83000000013,1214296.0,113927.04705882353,509165568.0,519323648.0,520581324.8,520622080.0,511327063.34117645,11347887959.5,11359250208.65,11360267747.69,11362842574.0,11350063927.779411,103.0,128.05,131.0,133.0,105.00588235294117,6.0,8.0,8.0,8.0,6.073529411764706,7.047299599998951,6.7143716999999015,50.48871512430642,5752030.223906392,0.0,live GameplayStatTracker; one-frame boundary uncertainty,102437,102444,7,17846,17846,0,532951040,522678272,-10272768,4953678519,4956490845,2812326,8946950144,8946950144,0,1631,1632,1,1631,1632,1,1631,1632,1,144,0,3840,2160,Farmlands,480,732,79,69,97,50,1.0,4.0,True,True,False,False,False,False,196.9169,6.985485499999413,4.294619178581434,1.1452317809550492,0.0,86.85533,0,0.0,6.9828228000005765,
paired-farmlands-slip-cap144-r2-return,327,4.0,0.0,Editor,116.63659662008286,10.911200000919052,16.20216000010259,21.105383999638438,91.01800000098592,11.844187767581705,10.923398658633232,16.5506187826395,21.061521582305435,91.38850122690201,11.863822644342887,10.8929,15.506749999999998,26.522948000000007,90.972,11.840330886850152,3.4863999999999997,6.78545,7.382178000000001,7.516,3.788198470948012,0.37579999999999997,3.4593399999999996,3.8103200000000004,4.0756,0.7352051987767584,0.41164799999999996,0.9634815999999998,3.0870937600000032,3.9055359999999997,0.4585421865443425,0.0,0.0,0.0,0.0,0.0,16399.0,33345.4,156539.0,175018.0,21076.256880733945,555728896.0,556940083.2,557038551.04,557056000.0,541160338.3975536,11393234457.0,11394222861.8,11394344545.0,11394367073.0,11378147085.996943,430.0,430.0,430.0,430.0,430.0,3.0,3.0,3.0,3.0,3.0,4.042044100000567,3.8619364999995014,84.41360959716508,1779122.9200998393,0.0,live GameplayStatTracker; one-frame boundary uncertainty,102484,103097,613,17857,17966,109,554049536,517042176,-37007360,4957390264,4953393789,-3996475,8946950144,8946950144,0,1634,1635,1,1634,1635,1,1634,1635,1,144,0,3840,2160,Farmlands,480,732,79,69,97,50,1.0,1.0,True,False,False,False,False,False,3.9215,3.99885230000109,0.0,0.0,0.0,0.0,0,0.0,3.9962050000012823,
paired-farmlands-slip-cap144-r2,946,25.0,0.0,Editor,106.31539672613144,27.857199999743898,36.307700000179466,51.65991499998198,105.79569999936211,26.395817758986354,27.829453349113464,36.115774884819984,51.64099950343369,106.31539672613144,26.381091513015313,28.6995,36.452675,51.16586999999999,106.89009999999999,26.381410570824524,5.616899999999999,8.8508,24.017719999999844,79.3732,6.498910676532769,1.3889,2.890575,4.007684999999998,72.1292,1.701786575052854,0.5959679999999999,0.775936,2.2078463999999967,3.05664,0.4508912304439746,0.026749999999999996,0.055374999999999994,0.08010499999999922,0.2304,0.03194978858350951,187950.5,357790.0,499925.49999999977,1189756.0,186869.86257928118,531951616.0,555645952.0,560557056.0,561799168.0,531983890.4016913,11372162868.5,11396599776.5,11401273290.55,11403162717.0,11372433825.310781,122.0,139.0,143.0,146.0,121.77061310782241,5.0,9.0,10.0,10.0,6.380549682875264,25.045615400000315,24.95588780000071,37.866815541620326,7076166.61657758,0.0,live GameplayStatTracker; one-frame boundary uncertainty,102444,102489,45,17846,17858,12,527773696,548253696,20480000,4956487313,4957995988,1508675,8946950144,8946950144,0,1632,1634,2,1632,1634,2,1632,1634,2,144,0,3840,2160,Farmlands,480,732,79,69,97,50,4.0,4.0,True,True,False,False,False,False,0.0012000000000000001,24.98796450000009,7.843776150714449,1.6007706430029487,88.25211,516.0332,4,0.0,24.98563020000074,
paired-farmlands-slip-cap144-r3-creation,358,7.0,0.0,Editor,114.24519866704941,16.431450000709447,31.166430000666875,39.26419599936708,62.169599999833736,19.213457541900933,16.37235004454851,31.24559074640274,43.02404586225754,62.16239929199219,19.310406690161653,14.12075,31.429654999999997,39.52360100000002,62.4189,19.20522067039106,4.2517499999999995,6.7611349999999995,20.222581,45.318599999999996,4.9943539106145245,0.8805499999999999,1.5397549999999998,2.4790210000000004,3.1486,0.9811533519553072,0.502784,0.7579647999999998,2.3906406400000013,3.4539519999999997,0.4564122094972067,0.0126,0.03971499999999999,0.053115,0.16519999999999999,0.0182268156424581,36932.5,242095.34999999998,277437.9200000002,1264878.0,96278.48044692738,534513664.0,541074022.4,543262064.64,543850496.0,535394441.2960894,11373647398.0,11381337219.45,11382869354.92,11383105579.0,11374274466.17877,98.0,120.0,123.0,124.0,100.44692737430168,7.0,8.0,8.0,8.0,6.972067039106145,7.043723900000259,6.8598769000000175,52.04175019525483,5010500.628597721,0.0,live GameplayStatTracker; one-frame boundary uncertainty,102272,102285,13,17803,17805,2,526102528,545902592,19800064,4953555420,4956154635,2599215,8946950144,8946950144,0,1635,1635,0,1635,1635,0,1635,1635,0,144,0,3840,2160,Farmlands,480,732,79,69,97,50,1.0,4.0,True,True,False,False,False,False,173.0437,6.990334100000837,3.2902576144389504,0.7152733944432501,0.0,60.4801559,0,0.0,6.987917099999322,
paired-farmlands-slip-cap144-r3-return,395,4.0,0.0,Editor,138.35509121418,9.036199999172823,12.969810000504365,14.14407400003256,26.013599999714643,9.703345569620598,9.034297429025173,13.02448865026235,14.432848151773218,30.263399705290794,9.757411885487882,9.039299999999999,12.74884999999999,14.07833,26.667199999999998,9.723407088607594,2.9435,5.840839999999999,6.255541999999999,6.6187,3.2512412658227845,0.3331,3.1047699999999994,3.311192,3.4463,0.5987015189873417,0.364544,0.7500799999999992,2.7154022400000004,3.030016,0.38431100506329113,0.0,0.0,0.0,0.0,0.0,16399.0,34844.0,36315.0,163660.0,19550.27594936709,527626240.0,527717580.8,527753461.76,527761408.0,527636848.12151897,11364415377.0,11364776030.8,11364812385.06,11364817002.0,11364449711.865822,430.0,430.0,430.0,430.0,430.0,3.0,3.0,3.0,3.0,3.0,4.036378599999807,3.806807900000422,103.49878700208549,2023429.8463155392,0.0,live GameplayStatTracker; one-frame boundary uncertainty,102321,103145,824,17815,17979,164,577228800,529711104,-47517696,4957160464,4953924707,-3235757,8946950144,8946950144,0,1637,1638,1,1637,1638,1,1637,1638,1,144,0,3840,2160,Farmlands,480,732,79,69,97,50,1.0,1.0,True,False,False,False,False,False,4.3829,3.995886299999256,0.0,0.0,0.0,0.0,0,0.0,3.9932599999992817,
paired-farmlands-slip-cap144-r3,964,25.0,0.0,Editor,95.1881930232048,26.968299999680312,35.62219999885201,48.521280999993905,95.66649999942456,25.90288765560138,27.0980978384614,35.801707208156586,48.77095330506563,95.1881930232048,25.893408215809536,28.5472,35.76469499999999,48.91682599999999,96.9057,25.890278215767633,5.53655,8.782484999999978,22.756359,71.2537,6.515662551867219,1.3845999999999998,3.0708899999999963,4.878055,67.10889999999999,1.7008600622406638,0.580608,0.8067583999999999,1.917542400000002,2.874368,0.4618983526970954,0.0283,0.05826999999999998,0.07303699999999999,0.29359999999999997,0.03301939834024896,186472.5,352209.99999999994,481656.3,1366409.0,180511.02697095435,538271744.0,567506534.4,576357089.28,579964928.0,541036769.1950208,11379077145.0,11409029826.25,11417816578.35,11421439384.0,11381566953.174274,124.0,144.8499999999999,153.37,159.0,124.51970954356847,6.0,8.0,9.0,9.0,6.258298755186722,25.04829200000131,24.957307000000583,38.58589390273468,6965179.334974923,0.0,live GameplayStatTracker; one-frame boundary uncertainty,102285,102326,41,17805,17816,11,553930752,570343424,16412672,4956144031,4957854981,1710950,8946950144,8946950144,0,1635,1637,2,1635,1637,2,1635,1637,2,144,0,3840,2160,Farmlands,480,732,79,69,97,50,4.0,4.0,True,True,False,False,False,False,0.001,24.99251170000025,8.122432928579881,1.6004793947940654,60.78517,508.616821,3,0.0,24.990022800000588,
paired-farmlands-slip-cap30-r1-creation,202,7.0,0.0,Editor,106.02980107069016,34.267100000761275,45.6590599991614,73.98591000033791,95.4213000004529,34.080732178217026,34.21059995889664,42.697583697736256,60.618164576590075,93.57979893684387,34.26571036366248,33.5982,44.353944999999996,53.495510000000024,93.4292,33.37210940594059,5.158949999999999,12.103214999999986,42.848557000000156,73.36399999999999,6.78794900990099,1.1475,1.7698099999999997,2.603447000000002,2.9979999999999998,1.2172623762376238,1.0997759999999999,2.7481599999999995,4.787087360000003,6.335488,1.2370274851485148,0.014450000000000001,0.042074999999999994,0.04778300000000001,0.2834,0.023108415841584157,128468.0,286648.2999999997,391800.91000000044,1205497.0,154508.9702970297,560891904.0,600582553.6,601231155.2,601354240.0,576197561.029703,11396180158.0,11436794666.7,11437419009.08,11437556107.0,11411519143.29208,93.0,109.94999999999999,112.0,115.0,95.7128712871287,6.0,6.0,6.0,6.0,5.782178217821782,7.044821499999671,6.867144099998768,29.269809555916567,4522448.135274829,0.0,live GameplayStatTracker; one-frame boundary uncertainty,101791,101801,10,17688,17689,1,583749632,562966528,-20783104,4952164692,4953448005,1283313,8946950144,8946950144,0,1621,1622,1,1621,1622,1,1621,1622,1,30,0,3840,2160,Farmlands,480,732,79,69,97,50,1.0,4.0,True,True,False,False,False,False,160.7204,6.973563000001377,1.7207846261656532,0.4301961565414133,0.0,38.64806,0,0.0,6.995099599998866,
paired-farmlands-slip-cap30-r1-return,118,4.0,0.0,Editor,152.46430039405823,32.90044999994279,40.22411999912947,42.82340600002499,103.20520000095712,33.31492203390445,32.91190043091774,37.60812375694513,50.46528697013853,80.52030205726624,33.68967547381328,32.918499999999995,37.599084999999995,73.45611399999993,80.371,33.94931610169491,3.6180999999999996,8.067879999999997,9.680025999999998,9.807599999999999,4.55578220338983,0.4042,3.3181,3.611166,3.6923999999999997,1.2189728813559322,1.766912,5.111551999999997,6.1382144,6.959104,2.257980745762712,0.0,0.0,0.0,0.0,0.0,92571.0,110317.9,149785.23999999993,156556.0,86696.62711864407,567517184.0,623064473.6,623236997.12,623280128.0,571805105.898305,11402565229.0,11459252943.6,11459376621.79,11459436146.0,11406923271.70339,426.0,426.0,426.0,426.0,425.93220338983053,3.0,3.0,3.0,3.0,3.0,4.051466499999151,3.915785799999867,29.879060289764567,2590413.7485972038,0.0,live GameplayStatTracker; one-frame boundary uncertainty,101873,102660,787,17709,17865,156,621641728,569798656,-51843072,4957409890,4953023595,-4386295,8946950144,8946950144,0,1623,1624,1,1623,1624,1,1623,1624,1,30,0,3840,2160,Farmlands,480,732,79,69,97,50,1.0,1.0,True,False,False,False,False,False,4.0198,3.9578166999999667,0.0,0.0,0.0,0.0,0,0.0,4.01747129999967,
paired-farmlands-slip-cap30-r1,735,25.0,0.0,Editor,131.87949359416962,33.375500001056935,45.26878000069701,54.972306000017795,124.34600000051432,33.988945850341516,33.87700393795967,44.36937198042869,49.842422902584,120.94950675964355,33.984498125912786,32.5987,47.84031999999999,55.74518599999998,101.0209,32.65183578231292,5.6206,8.931699999999996,21.6501,76.28699999999999,6.571845986394558,1.406,2.792039999999999,3.7195619999999967,12.515099999999999,1.6505938775510203,0.7915519999999999,3.054592,4.853514239999999,6.670336,1.044197175510204,0.028999999999999998,0.054099999999999995,0.0643,0.1842,0.03206,195101.0,367041.29999999993,884502.2399999833,1214000.0,204924.53469387756,587075584.0,613821644.8,619425382.4,621760512.0,587760072.9687074,11425226919.0,11451761013.4,11457031716.0,11459577846.0,11425179408.137415,118.0,141.0,151.31999999999994,158.0,118.50884353741496,6.0,8.0,8.0,8.0,5.84625850340136,25.05634689999897,24.960017400000652,29.40703078195694,6026222.09972106,0.0,live GameplayStatTracker; one-frame boundary uncertainty,101801,101876,75,17689,17709,20,567664640,614281216,46616576,4953451550,4957426997,3975447,8946950144,8946950144,0,1622,1623,1,1622,1623,1,1622,1623,1,30,0,3840,2160,Farmlands,480,732,79,69,97,50,4.0,4.0,True,True,False,False,False,False,0.001,24.96670129999984,6.168215742621993,1.2416538183200116,39.0289841,400.59198,2,0.0,25.008581899999626,
paired-farmlands-slip-cap30-r2-creation,203,7.0,0.0,Editor,293.8601076602936,34.65169999981299,45.2566800004206,60.29275600005338,88.20769999874756,33.80594581280353,34.87870469689369,41.960204020142555,59.99742761254309,77.25629955530167,34.04637434395957,34.1712,43.1402,52.87335599999999,70.9744,33.332050246305414,4.8603,12.742189999999987,38.64755999999986,59.0304,6.236269950738916,1.0767,1.604949999999999,2.297287999999999,2.8847,1.1366689655172413,1.2134399999999999,3.815628799999998,6.313738239999998,7.842816,1.5079080886699507,0.0141,0.03974999999999999,0.04578199999999999,0.0552,0.020623152709359605,123459.0,265899.2,1204000.8799999962,4184127.0,172419.54679802957,592494592.0,598356787.2,598711664.64,598949888.0,592477885.1625615,11430166172.0,11436624018.5,11436978512.46,11437251362.0,11430053067.06404,98.0,119.0,122.0,123.0,99.35467980295566,7.0,7.0,7.0,7.0,6.74384236453202,7.044123499999841,6.8021023999990575,29.696700831794004,5120291.6988145895,0.0,live GameplayStatTracker; one-frame boundary uncertainty,113759,101876,-11883,20442,17709,-2733,578797568,601018368,22220800,4958278723,4955831263,-2447460,8946950144,8946950144,0,1624,1624,0,1624,1624,0,1624,1624,0,30,0,3840,2160,Farmlands,480,732,79,69,97,50,1.0,4.0,False,True,False,False,False,False,159.0097,6.892205399999511,2.6116459036466435,0.4352743172744406,0.0,52.9521332,0,0.0,6.9871959000010975,
paired-farmlands-slip-cap30-r2-return,119,4.0,0.0,Editor,166.38100147247314,32.99259999948845,42.0754400005535,45.99009200053841,47.02999999972235,32.836567226878906,33.05680304765701,37.36921325325966,40.264130607247345,53.76330018043518,33.212971537053086,32.9944,37.2519,39.44518399999999,40.1354,32.97376890756303,3.7963999999999998,7.117609999999998,7.629381999999998,7.8187,4.512528571428571,0.47569999999999996,3.51807,3.722335999999999,4.0477,1.2610050420168066,1.7664,3.8859775999999995,5.27740928,7.841792,2.1412872605042015,0.0,0.0,0.0,0.0,0.0,82266.0,115231.89999999995,186649.03999999992,194585.0,88296.71428571429,601354240.0,602827571.2,602973716.48,603000832.0,601276071.7983193,11436754501.0,11438624559.9,11438798696.72,11438835077.0,11436738674.588236,398.0,398.0,398.0,398.0,398.0,3.0,3.0,3.0,3.0,3.0,4.025941399999283,3.888131499999872,30.34876778216063,2679696.477784928,0.0,live GameplayStatTracker; one-frame boundary uncertainty,101914,102456,542,17716,17823,107,598573056,604942336,6369280,4956805154,4953395611,-3409543,8946950144,8946950144,0,1626,1626,0,1626,1626,0,1626,1626,0,30,0,3840,2160,Farmlands,480,732,79,69,97,50,1.0,1.0,True,False,False,False,False,False,4.8707,3.9351452000009886,0.0,0.0,0.0,0.0,0,0.0,3.992072499999267,
paired-farmlands-slip-cap30-r2,734,25.0,0.0,Editor,149.50169622898102,33.98434999962774,46.3011849996292,61.76433300021009,112.99350000081176,34.03151444141823,34.44414958357811,44.03711911290884,54.81537889689193,112.84159868955612,34.016594742437476,32.808499999999995,47.35572,55.34316399999998,94.3365,32.738576021798366,5.505199999999999,9.862800000000004,21.57863999999999,82.0873,6.561004768392371,1.4137,2.7783450000000007,4.429164999999997,13.261299999999999,1.6700122615803814,0.843776,3.2332288000000005,4.746700799999998,11.15648,1.133926536784741,0.027949999999999996,0.057870000000000005,0.09006199999999924,0.33849999999999997,0.03399223433242507,197562.5,357192.05000000005,478380.9199999989,1160740.0,201419.82152588555,603179008.0,640829849.6,647620608.0,648736768.0,603686672.0435967,11442664262.5,11480948958.7,11488058728.35,11488908092.0,11442532115.606268,121.0,140.35000000000002,148.0,150.0,121.10490463215258,4.0,7.0,7.0,7.0,4.9046321525885554,25.043685099999493,24.963957500000106,29.362331673573667,5914155.605275065,0.0,live GameplayStatTracker; one-frame boundary uncertainty,101876,101917,41,17709,17716,7,608890880,593113088,-15777792,4955833248,4956714996,881748,8946950144,8946950144,0,1624,1626,2,1624,1626,2,1624,1626,2,30,0,3840,2160,Farmlands,480,732,79,69,97,50,4.0,4.0,True,True,False,False,False,False,0.0011,24.958277400000952,6.130230766647147,1.3222066359435023,53.27153,401.5171,2,0.0,24.988527199999226,
paired-farmlands-slip-cap30-r3-creation,202,7.0,0.0,Editor,293.7481999397278,33.573599999726866,47.90995499970449,63.87066999954189,115.86329999954614,34.05454356435608,34.234898164868355,44.317978061735616,72.54154633730661,105.53960502147675,34.29505450761702,33.679,42.48250999999999,50.223832000000016,74.0275,32.78765643564356,5.10185,15.147124999999965,35.22281200000009,63.397999999999996,6.496050990099009,1.08385,1.7695049999999997,2.569742000000001,3.2295,1.1517143564356436,1.37984,4.6394367999999995,4.9910272,5.71392,1.6078675594059406,0.01225,0.040385,0.16982900000000103,0.2959,0.02236237623762376,97015.0,256780.0,1260078.0100000051,4196159.0,153554.70297029702,635435008.0,646042828.8,646848184.32,647172096.0,630257136.7920792,11474131306.0,11484953102.8,11485789627.29,11486107870.0,11468440592.361385,98.0,104.0,105.0,109.0,97.73762376237623,7.0,7.0,7.0,7.0,6.707920792079208,7.0501891000003525,6.818149799999446,29.480138438732503,4526813.901482806,0.0,live GameplayStatTracker; one-frame boundary uncertainty,113555,101991,-11564,20400,17728,-2672,618946560,601161728,-17784832,4958652795,4954636403,-4016392,8946950144,8946950144,0,1626,1627,1,1626,1627,1,1626,1627,1,30,0,3840,2160,Farmlands,480,732,79,69,97,50,1.0,4.0,False,True,False,False,False,False,162.8023,6.912551399998847,1.7359726251007699,0.7233219271253207,0.0,44.9673843,0,0.0,6.997754399999394,
paired-farmlands-slip-cap30-r3-return,119,4.0,0.0,Editor,157.05780684947968,32.77340000022377,40.98491000113427,42.821227999957046,43.336599999747705,32.93988151260443,33.28000381588936,36.78964078426361,38.10472533106804,52.07390338182449,33.30909579741854,33.308299999999996,36.68497,37.653346,38.2347,33.190408403361346,3.5206999999999997,6.621969999999999,7.4575179999999985,7.6792,4.2824084033613445,0.4215,3.3742599999999996,3.828175999999999,4.2105999999999995,1.2311016806722688,1.754112,5.482495999999998,6.370488319999996,6.5341439999999995,2.34455556302521,0.0,0.0,0.0,0.0,0.0,92606.0,111185.59999999999,156556.0,178382.0,89904.63865546219,635445248.0,637210624.0,637370040.32,637411328.0,635468860.2352941,11471762192.0,11473935417.8,11474132396.36,11474183237.0,11471837491.638655,418.0,418.0,418.0,418.0,418.0,3.0,3.0,3.0,3.0,3.0,4.037325799999962,3.9020162999986496,30.240775775344876,2718786.018743235,0.0,live GameplayStatTracker; one-frame boundary uncertainty,102292,103009,717,17806,17948,142,632569856,639361024,6791168,4957640805,4954281118,-3359687,8946950144,8946950144,0,1628,1628,0,1628,1628,0,1628,1628,0,30,0,3840,2160,Farmlands,480,732,79,69,97,50,1.0,1.0,True,False,False,False,False,False,4.8582,3.9409224999999424,0.0,0.0,0.0,0.0,0,0.0,4.003863100000672,
paired-farmlands-slip-cap30-r3,737,25.0,0.0,Editor,147.29629456996918,34.1707999996288,47.15870000036375,56.326432000860216,117.85509999936039,33.88982862957861,34.74460169672966,43.33490207791328,49.48038831353186,99.00780022144318,33.8878685916841,33.674099999999996,45.424699999999994,52.08393999999999,90.2636,32.658951289009494,5.2898,8.575759999999988,22.97522399999999,78.8671,6.270122523744911,1.2978999999999998,2.7275199999999997,3.6357839999999992,72.2843,1.652401356852103,0.8058879999999999,4.007730999999996,6.240051199999995,8.49408,1.205667592944369,0.026699999999999998,0.054459999999999974,0.064564,0.1847,0.030954816824966078,191616.0,361135.0,441325.56,1260894.0,190341.12075983718,615657472.0,663212032.0,669073408.0,670621696.0,623959669.4056988,11455143955.0,11504187746.6,11510119229.0,11511209215.0,11463154739.430122,120.0,138.0,142.64,147.0,121.7842605156038,7.0,9.0,9.0,9.0,7.128900949796472,25.05623089999972,24.951984899998934,29.496651386641048,5614425.683595463,0.0,live GameplayStatTracker; one-frame boundary uncertainty,101991,102295,304,17728,17806,78,605798400,627105792,21307392,4954638325,4957706791,3068466,8946950144,8946950144,0,1627,1628,1,1627,1628,1,1627,1628,1,30,0,3840,2160,Farmlands,480,732,79,69,97,50,4.0,4.0,True,True,False,False,False,False,0.001,24.962227500000154,6.089200172540655,1.2018158235277607,46.07146,374.675568,2,0.0,25.004642999998396,
panel-alterEchoes,1060,15.0,5.0,Editor,50.80359801650047,13.696649999928923,16.994420000492028,18.699022999899178,39.51779999988503,14.131179056603973,13.668200932443142,16.99832826852798,18.724711965769536,40.18599912524223,14.130628302271637,13.701899999999998,17.009379999999997,18.65306900000001,39.6171,14.126740283018867,5.90185,8.767669999999997,9.788041000000002,30.0643,6.360784150943396,1.8215,4.5443549999999995,5.087181000000001,5.247599999999999,2.211732641509434,0.598016,1.274777599999999,1.4676275200000002,1.946624,0.6331565867924528,0.0209,0.0246,0.03012300000000002,0.3109,0.02210820754716981,114424.0,132851.0,140761.0,145570.0,118756.52075471698,398542848.0,419932364.8,422069780.48,423063552.0,399957478.88301885,3069008422.0,3089933735.75,3093127373.17,3095948145.0,3069595733.1660376,343.0,343.0,343.0,343.0,343.0,3.0,3.0,3.0,3.0,3.0,15.03947479999988,14.966149099999711,70.75968526867211,8403174.032206303,100.13647551043552,not observed; save counters deliberately omitted,87560,87560,0,14220,14220,0,405073920,422518784,17444864,1725049542,1725386043,336501,3569065984,3569065984,0,1374,1376,2,1374,1376,2,1374,1376,2,-1,1,3840,2160,River,480,732,79,69,97,50,1.0,1.0,False,False,False,False,True,True,202.6638,,,,,,,,,
panel-buffs,1564,15.0,5.0,Editor,43.80519315600395,9.11374999986947,12.032510000108232,14.643167999447522,16.68450000033772,9.578312404092195,9.09734982997179,12.026893673464654,14.652665453031641,16.692494973540306,9.578688676371371,9.11985,12.003974999999999,14.473249999999988,16.7764,9.574960358056266,2.9484,5.414604999999999,7.228668999999998,8.093,3.309416176470588,0.3767,2.7652249999999996,3.211174,3.3588999999999998,0.6223089514066495,0.44851199999999997,1.1714047999999992,1.2365721599999993,1.4192639999999999,0.47677608631713553,0.0,0.0,0.0,0.0,0.0,16399.0,34861.0,43485.50999999997,57448.0,19410.065856777495,356603904.0,363206246.4,363999068.15999997,364199936.0,357364455.7749361,3024030462.0,3031943244.4,3032839714.16,3033087582.0,3024821147.056266,346.0,346.0,346.0,346.0,346.0,3.0,3.0,3.0,3.0,3.0,15.025346600000375,14.971797199999855,104.39628450217153,2026338.757390029,100.03097033381995,not observed; save counters deliberately omitted,87295,87295,0,14220,14220,0,353239040,365830144,12591104,1722505664,1725241192,2735528,3569065984,3569065984,0,1372,1372,0,1372,1372,0,1372,1372,0,-1,1,3840,2160,River,480,732,79,69,97,50,1.0,1.0,False,False,False,False,True,True,150.6416,,,,,,,,,
panel-cauldron,974,15.0,5.0,Editor,191.7472928762436,11.68534999987969,34.20623000015437,36.484627999825534,191.33050000073126,15.347842915810864,11.726002674549818,34.34774950146675,36.46642554551363,191.7472928762436,15.356544246495504,11.687349999999999,34.02433499999999,36.319812,215.52929999999998,15.34416026694045,4.1281,25.905999999999995,27.723776,30.703999999999997,7.957655852156057,0.78065,3.4199799999999985,3.840134,4.0952,1.1609664271047226,0.374784,0.908288,2.7840102399999984,3.339264,0.5385808819301848,0.0,0.0225,0.026634999999999992,0.3268,0.009151437371663244,17360.0,35149.0,43115.0,21350312.0,43415.62114989733,344461312.0,357243904.0,363142717.44,363282432.0,346080787.9753593,3009649628.5,3026782789.2,3028908522.99,3033766610.0,3011488281.436345,757.0,757.0,757.0,757.0,757.0,3.0,3.0,3.0,3.0,3.0,15.029698199999984,14.938296600000285,65.1346017590775,2827859.193721545,100.06854295983146,not observed; save counters deliberately omitted,87302,87302,0,14220,14220,0,356708352,364912640,8204288,1721211947,1722051430,839483,3569065984,3569065984,0,1363,1364,1,1363,1364,1,1363,1364,1,-1,1,3840,2160,River,480,732,79,69,97,50,1.0,1.0,False,False,False,False,True,True,175.6047,,,,,,,,,
panel-forge,1504,15.0,5.0,Editor,42.95259341597557,9.57440000047427,13.080079999690495,14.739191999824472,34.117999999580206,9.957069813829529,9.577448479831219,13.096929294988511,14.860692434012892,30.33379465341568,9.959990894322859,9.5964,13.044925,14.690893,34.115899999999996,9.953668284574468,2.9993999999999996,5.667269999999998,7.176422,25.2499,3.3919083111702126,0.3085,2.7912099999999995,3.1379469999999996,3.9326,0.5705542553191489,0.5038079999999999,1.33632,1.38339328,1.599488,0.5346436469414894,0.0,0.0188,0.020194000000000004,0.179,0.0013430851063829788,17079.0,35541.0,44027.0,55508.0,20204.33045212766,339169280.0,345034137.6,345771540.48,345956352.0,339301384.17021275,3002063550.0,3009239785.45,3010065231.83,3014691937.0,3002206212.137633,390.0,390.0,390.0,390.0,390.0,3.0,3.0,3.0,3.0,3.0,15.027808300000288,14.96410139999989,100.44037793007811,2029330.586435888,99.88149768985083,not observed; save counters deliberately omitted,87162,87162,0,14220,14220,0,336850944,334786560,-2064384,1717990488,1717672396,-318092,3569065984,3569065984,0,1362,1363,1,1362,1363,1,1362,1363,1,-1,1,3840,2160,River,480,732,79,69,97,50,1.0,1.0,False,False,False,False,True,True,141.7038,,,,,,,,,
panel-inventory,1373,15.0,5.0,Editor,41.00000113248825,10.655699999915669,13.992220000363885,15.598840000056953,17.99940000000788,10.90942876911873,10.679003782570362,13.989397697150704,15.509903617203236,18.360402435064316,10.910675600469547,10.6481,13.965859999999997,15.566931999999996,17.9327,10.905571449380917,3.2531,6.10026,7.321043999999998,8.2945,3.595708812818645,0.4352,3.001219999999999,3.3638319999999995,4.4586,0.710855207574654,0.494592,1.3064191999999997,1.640448,2.292736,0.5417556110706482,0.0,0.0,0.0,0.0,0.0,19499.0,37961.0,47036.63999999999,53761.0,22914.651857246903,408854528.0,416265830.4,419377643.52,419602432.0,409732265.2993445,3076829523.0,3085734160.4,3089017301.52,3089270538.0,3077656749.8339405,330.0,330.0,330.0,330.0,330.0,3.0,3.0,3.0,3.0,3.0,15.027885499999684,14.967998099999932,91.6622243558413,2100407.959574961,100.34678531454287,not observed; save counters deliberately omitted,87247,87247,0,14220,14220,0,404766720,421232640,16465920,1722200809,1725985484,3784675,3569065984,3569065984,0,1369,1369,0,1369,1369,0,1369,1369,0,-1,1,3840,2160,River,480,732,79,69,97,50,1.0,1.0,False,False,False,False,True,True,153.87470000000002,,,,,,,,,
panel-quests,1622,15.0,5.0,Editor,42.82759502530098,8.714950000012323,11.996280000585102,13.561648999975658,35.7107999998334,9.239123181257893,8.701250422745943,12.016724329441784,13.418721128255129,33.33299979567528,9.239502282154032,8.7089,11.954689999999998,13.543942999999999,35.646499999999996,9.235726202219482,2.7514,5.362259999999998,6.292541,26.6019,3.1455178175092477,0.2683,2.602,2.9647909999999995,3.3522,0.49500585696670774,0.454656,1.1868159999999999,1.246208,1.32608,0.4838147404438964,0.0,0.0,0.0,0.0,0.0,16399.0,34861.0,43332.19999999999,51884.0,19304.84340320592,374218752.0,382348288.0,383174983.68,383389696.0,374695006.6979038,3038434501.0,3047875762.7,3048781324.88,3049023586.0,3038847091.6418004,325.0,325.0,325.0,325.0,324.93033292231814,3.0,3.0,3.0,3.0,3.0,15.033197400000063,14.975850499999979,108.24093095747733,2089574.2219513236,99.84569217457317,not observed; save counters deliberately omitted,87217,87217,0,14220,14220,0,370696192,365539328,-5156864,1719312015,1718642281,-669734,3569065984,3569065984,0,1365,1366,1,1365,1366,1,1365,1366,1,-1,1,3840,2160,River,480,732,79,69,97,50,1.0,1.0,False,False,False,False,True,True,164.0114,,,,,,,,,
panel-skills,1516,15.0,5.0,Editor,38.96090015769005,9.375149999868881,13.004975000058039,14.893534999828255,31.775600000401028,9.882644261213471,9.360994212329388,13.003399362787604,14.903983008116477,31.863704323768616,9.88274638597561,9.402099999999999,12.907049999999998,14.798784999999999,31.7216,9.878927176781001,2.9722,5.449775,6.51019,23.773899999999998,3.357333377308707,0.29369999999999996,2.5976749999999997,3.0804399999999994,3.3171,0.5421275725593667,0.48025599999999996,1.221632,1.4119935999999986,2.0531189999999997,0.5046023298153034,0.0,0.0,0.0,0.0,0.0,16399.0,33309.0,36784.29999999995,45366.0,19503.88720316623,376528896.0,392559616.0,393205350.4,393388032.0,380705465.07651716,3040660122.0,3057263019.0,3058001064.2,3058220779.0,3044597004.7796836,355.0,355.0,355.0,355.0,355.0,3.0,3.0,3.0,3.0,3.0,15.025762999999642,14.970365899999706,101.1999312588632,1973792.044241044,99.96164587449141,not observed; save counters deliberately omitted,87247,87247,0,14220,14220,0,388354048,379658240,-8695808,1720218149,1720935152,717003,3569065984,3569065984,0,1366,1367,1,1366,1367,1,1366,1367,1,-1,1,3840,2160,River,480,732,79,69,97,50,1.0,1.0,False,False,False,False,True,True,162.0815,,,,,,,,,
panel-stats,1473,15.0,5.0,Editor,181.38769268989563,9.704900000542693,13.281620000088878,15.176547999690225,180.96710000008898,10.168484521384816,9.706398472189903,13.266720622777937,15.049797333776949,181.38769268989563,10.170887912277736,9.7384,13.22796,15.126883999999999,187.8124,10.165041479972844,2.9781999999999997,5.685459999999999,6.547864,25.0522,3.3581674134419552,0.2912,2.75432,3.151712,3.4663999999999997,0.5437906313645621,0.485376,1.1048959999999992,1.3130547199999998,2.116608,0.49498821588594705,0.0,0.0,0.0,0.0,0.0,16399.0,34861.0,42645.28,18248440.0,31980.10862186015,341872640.0,343266918.4,343454842.88,351285248.0,341935617.7379498,3007660578.0,3010197224.4,3010478115.28,3017949256.0,3007988638.720299,335.0,335.0,335.0,335.0,335.0,3.0,3.0,3.0,3.0,3.0,15.029850099999749,14.964662299999873,98.3650663470042,3145725.5063736746,99.80139455948567,not observed; save counters deliberately omitted,87257,87258,1,14220,14220,0,339910656,345096192,5185536,1721921214,1723279956,1358742,3569065984,3569065984,0,1370,1371,1,1370,1371,1,1370,1371,1,-1,1,3840,2160,River,480,732,79,69,97,50,1.0,1.0,False,False,False,False,True,True,149.3863,,,,,,,,,
panel-wiki,1397,15.0,5.0,Editor,44.54459995031357,10.470400000485824,13.806339999791817,15.163932000250496,31.62940000038361,10.719123264137286,10.456299409270287,13.931041397154331,15.11458572000265,29.269898310303688,10.718379746362535,10.4691,13.778060000000004,15.154491999999998,31.6132,10.714673657838224,3.2156,5.9485600000000005,6.966211999999998,23.4732,3.575118038654259,0.35369999999999996,2.8934599999999997,3.312388,3.6496999999999997,0.6257501789549034,0.433152,1.179648,1.66920192,2.0398069999999997,0.4834460114531138,0.0,0.0,0.0,0.0,0.0,16399.0,35554.4,36275.0,47574.0,19741.18038654259,386973696.0,391525990.4,392102379.52,408539136.0,387419529.6206156,3052048723.0,3057809265.4,3058505974.2,3075153992.0,3052513073.77738,361.0,361.0,361.0,361.0,360.90336435218325,3.0,3.0,3.0,3.0,3.0,15.031335599999693,14.95852079999986,93.3247356917813,1842340.4418178643,100.19069762503544,not observed; save counters deliberately omitted,87231,87231,0,14220,14220,0,408403968,393797632,-14606336,1722931386,1722769773,-161613,3569065984,3569065984,0,1367,1368,1,1367,1368,1,1367,1368,1,-1,1,3840,2160,River,480,732,79,69,97,50,1.0,1.0,False,False,False,False,True,True,139.1236,,,,,,,,,
post-map-town,2113,20.0,5.0,Editor,68.04770231246948,8.926500000598026,12.200740000480433,13.770608000340877,70.72060000064084,9.456281258873496,8.911600336432457,12.194400466978548,13.818702623248102,68.04770231246948,9.456666399778994,8.9162,12.181259999999996,13.621136,70.7013,9.4528255560814,2.844,5.60488,6.399732000000001,61.6136,3.2649581637482252,0.2573,2.868479999999999,3.24608,3.8798,0.5242039280643634,0.49663999999999997,1.316864,1.4164787200000006,1.7387519999999999,0.5342255300520586,0.0,0.0,0.0,0.0,0.0,16399.0,33309.0,40558.96000000004,46877.0,19376.792711784194,526852096.0,539276902.4,540609576.96,540942336.0,525437054.97018456,9952170518.0,9966334673.2,9967844199.28,9968203646.0,9950530716.371983,354.0,354.0,354.0,354.0,353.909133932797,3.0,3.0,3.0,3.0,3.0,20.03168840000035,19.97235759999967,105.74615387419435,2049021.303688699,100.04149225883351,live GameplayStatTracker; one-frame boundary uncertainty,100915,100915,0,17459,17459,0,523063296,513646592,-9416704,3854166642,3853352805,-813837,6790881280,6790881280,0,1540,1541,1,1540,1541,1,1540,1541,1,-1,1,3840,2160,Haloween,480,732,79,69,97,50,1.0,1.0,False,False,False,False,True,True,152.7076,19.996093600000677,0.0,0.0,0.0,0.0,0,0.0,19.99386389999927,
reap-return,503,5.0,0.0,Editor,72.85109907388687,9.34149999920919,12.690610000390734,14.201144000799106,16.381200000978424,9.835487673955711,9.342999197542667,12.757041770964861,14.455219451338056,18.20649765431881,9.852488277105996,9.359499999999999,12.66302,14.286910000000002,16.313399999999998,9.831946123260437,2.9074,5.816649999999999,6.381212,6.8405,3.297778528827038,0.23249999999999998,2.9552199999999993,3.3542460000000003,3.5195,0.5097198807157057,0.444416,1.469952,1.6066150399999999,2.30912,0.5310569761431412,0.0,0.0,0.0,0.0,0.0,16399.0,33309.0,36709.94000000001,47530.0,19611.58648111332,543633408.0,546540339.2,546803384.32,546848768.0,543667348.612326,11385188822.0,11388518009.2,11388811299.76,11388867470.0,11385217168.242544,319.0,319.0,319.0,319.0,319.0,3.0,3.0,3.0,3.0,3.0,5.028552699999636,4.937150899999324,101.67807510199228,1994068.3630958567,100.82423914937526,live GameplayStatTracker; one-frame boundary uncertainty,102810,102686,-124,17942,17916,-26,540659712,548782080,8122368,4959456661,4958156894,-1299767,8946950144,8946950144,0,1662,1662,0,1662,1662,0,1662,1662,0,-1,1,3840,2160,Farmlands,480,733,79,69,97,50,1.0,1.0,True,False,False,False,True,True,4.2334000000000005,4.992406200000914,0.0,0.0,0.0,0.0,0,0.0,4.990128800000093,
reap-threshold-setup,683,10.0,0.0,Editor,116.52880162000656,13.018499999816413,21.78302999964216,40.2557580010034,97.46919999997772,14.429120644216686,13.011599890887737,22.320709936320775,40.620812103152225,90.73910117149353,14.518917137334235,12.8757,24.155299999999993,39.88732199999994,91.0359,14.434360614934114,3.6376,6.539209999999997,16.873235999999984,80.46249999999999,4.381914934114202,0.6775,0.9932399999999999,1.1462939999999964,1.74,0.7266877013177159,0.44339199999999995,1.005568,1.6606412799999972,1.851392,0.45600681698389456,0.0063,0.024489999999999994,0.03307199999999998,0.1727,0.006092972181551976,18239.0,44104.1,178924.37999999945,1201748.0,29974.310395314787,519630848.0,520203878.4,550277857.28,550330368.0,520197469.329429,11361024435.0,11362307880.6,11392213133.56,11392329879.0,11361619226.339678,87.0,90.0,90.0,91.0,85.88286969253295,6.0,6.0,6.0,7.0,5.951683748169839,10.028697400000965,9.833274000000529,69.356350692553,2078908.7835448892,100.21241642009294,live GameplayStatTracker; one-frame boundary uncertainty,102806,102812,6,17942,17942,0,544530432,522219520,-22310912,4957554446,4958174211,619765,8946950144,8946950144,0,1661,1662,1,1661,1662,1,1661,1662,1,-1,1,3840,2160,Farmlands,480,732,79,69,97,50,1.0,1.0,True,True,False,False,True,True,170.0011,9.988647199999832,0.4004546281302304,0.0,0.0,19.74476,0,0.0,9.986137099998814,
reap-threshold-transition,882,12.0,0.0,Editor,62.29710206389427,13.492399999449844,15.983285000311296,17.759426999054995,33.818400001109694,13.57062800453479,13.497502077370882,15.87778329849243,17.800756152719245,33.87250006198883,13.570667250829489,13.49475,15.928349999999998,17.729777,31.3999,13.566414058956916,3.7783999999999995,5.133809999999999,5.6366239999999985,14.197799999999999,3.9184841269841266,0.68855,0.96,1.0883369999999997,1.3025,0.7223701814058957,0.487936,1.0316287999999991,1.865615359999998,3.9485439999999996,0.4936945283446712,0.0075,0.02816499999999995,0.04626699999999945,0.20299999999999999,0.009744331065759637,18576.0,35503.0,44472.77999999996,174934.0,22543.39342403628,528201728.0,530988851.2,531259392.0,531312640.0,528416382.54875284,11371245272.0,11374823826.0,11375180700.32,11377807611.0,11371485695.75397,98.0,98.0,99.0,99.0,97.71201814058956,6.0,6.0,6.0,6.0,6.0,12.02874520000114,11.957596599999306,73.67701298771453,1660929.8900898793,99.84416329642481,live GameplayStatTracker; one-frame boundary uncertainty,102817,102813,-4,17943,17942,-1,526245888,533254144,7008256,4958203025,4960009448,1806423,8946950144,8946950144,0,1662,1662,0,1662,1662,0,1662,1662,0,-1,1,3840,2160,Farmlands,480,733,79,69,97,50,1.0,1.0,True,True,False,False,True,True,0.433,11.990272700000787,0.0,0.0,19.74476,19.74476,0,0.0,11.98777500000142,
restore-uncapped,206,2.0,1.0,Editor,42.00270026922226,9.488749999945867,11.997724999673665,12.915964999137941,13.470100000631646,9.628830097082172,9.508350864052773,11.998875066637993,12.919683428481221,13.46680149435997,9.636959689443263,9.48805,11.9862,12.87954,13.497399999999999,9.625303883495146,2.8583,5.25975,5.662364999999999,5.7802,3.1689067961165045,0.2375,2.6313500000000003,2.8186349999999996,2.8937999999999997,0.4726776699029126,0.41984,1.222656,1.3115903999999996,1.329152,0.49643122330097084,0.0,0.0,0.0,0.0,0.0,16399.0,34844.0,34894.25,39063.0,19491.43203883495,427567104.0,428272640.0,428330803.2,428355584.0,427603272.0776699,9719382019.0,9720248491.0,9720330526.2,9720358259.0,9719420340.81068,319.0,319.0,319.0,319.0,319.0,3.0,3.0,3.0,3.0,3.0,2.029428600000756,1.970876599998519,104.01462983535045,2027394.0884803075,98.54990710189335,live GameplayStatTracker; one-frame boundary uncertainty,87377,87377,0,14220,14220,0,426934272,429985792,3051520,3746892821,3747285805,392984,6790881280,6790881280,0,1461,1461,0,1461,1461,0,1461,1461,0,-1,0,3840,2160,River,480,733,79,69,97,50,1.0,1.0,False,False,False,False,True,True,0.1643,1.9984119000000646,0.0,0.0,0.0,0.0,0,0.0,1.996392699998978,
save-load-developed,2590,25.0,5.0,Editor,71.1141973733902,9.010600000692648,13.137825000376296,15.402911999117352,71.2813999998616,9.642054864864779,8.992700837552547,13.062100531533357,15.333365751430398,71.1141973733902,9.643472545208503,9.0206,13.052794999999993,15.373541000000001,71.1418,9.63873277992278,2.8255,5.935324999999995,7.399679000000007,61.2743,3.3395742084942084,0.25695,3.0166749999999998,3.495821,3.8836,0.5368157142857143,0.46899199999999996,0.8316927999999988,1.3180006400000002,2.9890559999999997,0.47398033127413125,0.0,0.0,0.0,0.0,0.0,16399.0,380999.7999999999,1337394.4800000056,1686040.0,76034.52548262548,542146560.0,590436966.4,598715023.36,599371776.0,528688650.67490345,9972199273.0,10015825855.4,10024301181.16,10025002097.0,9955634594.576448,354.0,354.0,354.0,354.0,354.0,3.0,3.0,3.0,3.0,3.0,25.036637999999584,24.962563600000067,103.71530911192123,7885944.3136087535,100.33296004040325,live GameplayStatTracker; one-frame boundary uncertainty,100915,100915,0,17459,17459,0,538112000,486793216,-51318784,3866424031,3854000879,-12423152,6790881280,6790881280,0,1543,1545,2,1543,1545,2,1543,1545,2,-1,1,3840,2160,Haloween,480,732,79,69,97,50,1.0,1.0,False,False,False,False,True,True,132.554,24.996277700000064,0.0,0.0,0.0,0.0,0,0.0,24.99352579999868,
save-load-fresh,2832,25.0,5.0,Editor,60.52739545702934,8.317949999764096,11.19447499977468,12.653291000206083,63.374899998962064,8.819891242938418,8.317602332681417,11.268090596422553,12.853629495948555,60.52739545702934,8.820316559927127,8.3245,11.1709,12.610714,63.313399999999994,8.816833898305084,2.8785,5.200284999999999,6.001474,56.248799999999996,3.2007925141242937,0.47559999999999997,2.6678399999999995,3.0199279999999997,3.3215999999999997,0.6891033192090396,0.44134399999999996,1.0914815999999996,1.1711385600000002,1.6619519999999999,0.46040044915254236,0.0,0.0,0.0,0.0,0.0,19401.0,33835.8,1142538.0,1526799.0,49206.691031073446,536244224.0,563103129.6,568190484.48,572231680.0,537706244.338983,9962255387.0,9988802325.2,9990483400.08,9994531082.0,9960467249.766949,248.0,248.0,248.0,248.0,247.82238700564972,3.0,3.0,3.0,3.0,3.0,25.022386799999367,24.96868330000143,113.38203004080066,5579154.520693566,0.0,live GameplayStatTracker; one-frame boundary uncertainty,83872,83872,0,13492,13492,0,524247040,518238208,-6008832,3859995878,3846320439,-13675439,6790881280,6790881280,0,1541,1543,2,1541,1543,2,1541,1543,2,-1,1,3840,2160,Haloween,0,1,0,0,2,0,1.0,1.0,False,False,False,False,False,False,79.9096,24.993801799999346,0.0,0.0,0.0,0.0,0,0.0,24.992135399999825,
save-load-history10000,2312,25.0,5.0,Editor,221.9202071428299,9.564700000737503,14.535340000111317,33.41722999943158,277.0477000012761,10.796956531141568,9.56150097772479,14.903715625405312,30.283615048974717,221.9202071428299,10.79830774557245,9.5641,14.546374999999998,36.553077999999545,225.6378,10.793506704152248,3.0132499999999998,6.761154999999996,9.285032999999968,64.818,3.83730419550173,0.2677,3.1630499999999997,3.792813999999997,51.7894,0.6131789359861591,0.48128,0.7541247999999998,1.3822873599999996,3.0054399999999997,0.47055366349480965,0.0,0.0,0.0,0.0,0.0,16399.0,5658402.649999999,6657267.0,33259375.0,565081.0735294118,530100224.0,591324979.2,606150696.96,618156032.0,530004720.9411765,9952816045.0,10014186500.2,10029101176.12,10041125993.0,9952830542.462803,354.0,354.0,354.0,354.0,354.0,3.0,3.0,3.0,3.0,3.0,25.03338949999852,24.953012100000706,92.61406962568397,52334457.88800918,100.38592656420532,live GameplayStatTracker; one-frame boundary uncertainty,100915,100915,0,17459,17459,0,454893568,504598528,49704960,3853436694,3852585565,-851129,6790881280,6790881280,0,1546,1563,17,1546,1563,17,1546,1563,17,-1,1,3840,2160,Haloween,480,732,79,69,97,50,1.0,1.0,False,False,False,False,True,True,220.0576,24.999844300000404,0.0,0.0,0.0,0.0,0,0.0,24.997674199999892,
save-results,521,5.0,1.0,Editor,64.29009884595871,8.961999999883119,12.394399998811423,14.481339999838356,66.13199999992503,9.551106525911203,8.89749825000763,12.490802444517612,14.442701078951348,64.29009884595871,9.561902677171977,8.979199999999999,12.335199999999999,14.464259999999973,66.0983,9.547260460652591,2.8177,5.72,6.870199999999997,58.4467,3.330653934740883,0.2567,3.0073,3.431099999999998,3.6593,0.5260253358925143,0.47820799999999997,1.31584,1.3453311999999997,1.347584,0.5053508790786948,0.0,0.0,0.0,0.0,0.0,16399.0,34861.0,1084509.9999999988,6493541.0,58409.60076775432,475086848.0,504741888.0,516373708.8,518815744.0,477093581.3896353,9898223865.0,9927593521.0,9939271909.8,9941721729.0,9900184191.861805,354.0,354.0,354.0,354.0,354.0,3.0,3.0,3.0,3.0,3.0,5.030678299999636,4.965732699998625,104.7176784203757,6116517.789860226,99.39017567472685,live GameplayStatTracker; one-frame boundary uncertainty,100915,100915,0,17459,17459,0,504737792,477351936,-27385856,3852580461,3853288005,707544,6790881280,6790881280,0,1564,1565,1,1564,1565,1,1564,1565,1,-1,1,3840,2160,Haloween,480,733,79,69,97,50,1.0,1.0,False,False,False,False,True,True,0.806,4.99524289999863,0.0,0.0,0.0,0.0,0,0.0,4.992752999998629,
supplement-cleanup,293,3.0,1.0,Editor,52.54959687590599,9.611299999960465,13.02131999982521,14.977712000472817,21.471599999131286,10.17848464163868,9.597200900316238,13.072101771831512,14.979742877185341,21.456504240632057,10.186067604342215,9.6198,12.989659999999999,14.794883999999996,25.3964,10.174649146757679,2.9465999999999997,5.829059999999999,6.638712,7.1857,3.2876382252559724,0.23479999999999998,2.9987399999999997,3.461636,3.6467,0.5307102389078499,0.252928,0.2666496,0.28270592,0.29184,0.2394480819112628,0.0,0.0,0.0,0.0,0.0,16399.0,35568.0,37051.239999999845,181194.0,19612.610921501706,560734208.0,561274880.0,561324359.68,561336320.0,560751906.0750853,11377301887.0,11377981287.0,11378021218.36,11378028854.0,11377281011.238909,318.0,319.0,319.0,319.0,318.4129692832764,3.0,3.0,3.0,3.0,3.0,3.039152900000772,2.969949299998916,98.31817667732798,1928276.1456838972,0.0,not observed; save counters deliberately omitted,102686,102686,0,17916,17916,0,560185344,563269632,3084288,4943600031,4944029647,429616,8946950144,8946950144,0,1700,1700,0,1700,1700,0,1700,1700,0,-1,1,3840,2160,Farmlands,480,732,79,69,97,50,1.0,1.0,False,False,False,False,False,False,195.33800000000002,,,,,,,,,
taste-10-closed-r1,1596,15.0,5.0,Editor,38.02389279007912,9.044799999628594,12.369625000246742,13.75974500006123,35.181899999770394,9.386483145362945,9.037896525114775,12.355925980955362,13.769588572904468,31.084198504686356,9.383412722537859,9.065199999999999,12.274849999999999,13.651809999999996,35.1493,9.38306209273183,2.8072,5.43935,6.003749999999999,27.563,3.0953698621553882,0.21719999999999998,2.656975,2.993774999999999,3.266,0.45476497493734336,0.456704,1.266432,1.348608,1.51552,0.4799499511278195,0.0,0.0,0.0,0.0,0.0,16399.0,34861.0,35585.0,54155.0,18817.880325814538,408365056.0,415249408.0,416035430.4,416256000.0,405833314.80701756,3074500229.0,3082445127.0,3083310427.4,3083569765.0,3071929515.6466165,319.0,319.0,319.0,319.0,319.0,3.0,3.0,3.0,3.0,3.0,15.024446800000078,14.969968899999913,106.54664753512009,2004982.0624326323,9.98372865215904,not observed; save counters deliberately omitted,87251,87251,0,14220,14220,0,406016000,394240000,-11776000,1721843863,1721719122,-124741,3569065984,3569065984,0,1377,1378,1,1377,1378,1,1377,1378,1,-1,1,3840,2160,River,480,732,79,69,97,50,1.0,1.0,False,False,False,False,True,True,202.8848,,,,,,,,,
taste-10-closed-r2,1441,15.0,5.0,Editor,39.43689912557602,9.956999999303662,13.07989999986603,14.514439999766177,34.924100000353064,10.393583622484494,9.968303143978119,12.944402173161507,14.625262282788741,33.27450528740883,10.394270926077981,9.956299999999999,13.0206,14.485719999999999,34.8856,10.389599306037473,3.0046,5.5866999999999996,6.327979999999996,26.63,3.309634906315059,0.24389999999999998,2.641,3.0451799999999993,3.2712,0.50613226925746,0.417792,1.247232,1.3154303999999999,1.7305599999999999,0.474212907702984,0.0,0.0,0.0,0.0,0.0,16399.0,33309.0,34033.0,41982.0,19062.85843164469,417566720.0,425246720.0,425965158.4,426164224.0,412223148.32477444,3083727475.0,3092344011.0,3093133959.8,3093359171.0,3078253026.18737,319.0,319.0,319.0,319.0,318.8972935461485,3.0,3.0,3.0,3.0,3.0,15.02395129999968,14.967393300000367,96.20913749891002,1834021.1679723603,10.050618308380912,not observed; save counters deliberately omitted,87251,87251,0,14220,14220,0,417357824,405708800,-11649024,1722460725,1722250416,-210309,3569065984,3569065984,0,1378,1379,1,1378,1379,1,1378,1379,1,-1,1,3840,2160,River,480,732,79,69,97,50,1.0,1.0,False,False,False,False,True,True,161.8676,,,,,,,,,
taste-10-closed-r3,1636,15.0,5.0,Editor,44.82310265302658,8.629800000107934,11.819175000027826,13.666489999923218,37.25829999984853,9.153567909535148,8.628252428025007,11.820202460512519,13.447879673913132,38.721904158592224,9.154324928437495,8.6355,11.772775,13.557000000000013,37.2006,9.150406356968215,2.7077999999999998,5.19215,5.976420000000002,28.845399999999998,3.016532334963325,0.21534999999999999,2.461125,2.8492350000000015,3.2089,0.4421267726161369,0.459264,1.2871679999999999,1.3206016,1.3742079999999999,0.5014764517114915,0.0,0.0,0.0,0.0,0.0,16399.0,33309.0,36471.0,45319.0,18745.490831295843,414416896.0,437860352.0,438681600.0,438886400.0,421113255.1198044,3080511441.0,3105240244.0,3106153159.2,3106378292.0,3087292673.0709047,319.0,319.0,319.0,319.0,319.0,3.0,3.0,3.0,3.0,3.0,15.028322299999672,14.963943099999597,109.26264481719689,2048181.9066238985,10.047695077713584,not observed; save counters deliberately omitted,87251,87251,0,14220,14220,0,431284224,417890304,-13393920,1722967390,1722778339,-189051,3569065984,3569065984,0,1379,1380,1,1379,1380,1,1379,1380,1,-1,1,3840,2160,River,480,732,79,69,97,50,1.0,1.0,False,False,False,False,True,True,150.1266,,,,,,,,,
taste-10-open-r1,923,15.0,5.0,Editor,64.52099978923798,13.290599999891128,33.63239000018439,36.88948399945729,54.881299999578914,16.21798667388923,13.29370029270649,33.74236486852169,36.869154274463654,40.96939414739609,16.217668788993926,13.304,33.60595,36.814434,54.829699999999995,16.214054604550377,4.598199999999999,25.142909999999997,27.059275999999997,46.7264,8.370768255687974,0.8134,3.54274,3.9485239999999995,4.245299999999999,1.2286484290357529,0.589824,1.2767231999999997,2.8158976,4.6469119999999995,0.6439573185265438,0.0,0.024989999999999995,0.029989999999999985,0.2914,0.010322210184182015,16743.0,35873.0,36563.0,44473.0,20793.741061755147,334000128.0,452435148.8,453303910.4,453529600.0,389059367.6619718,3006347236.0,3123297690.1,3125811379.34,3127237531.0,3058318565.775731,757.0,757.0,757.0,757.0,756.73022751896,3.0,3.0,3.0,3.0,3.0,15.023885899999186,14.958253300000251,61.63821279854811,1281689.0364423716,9.984101383518103,not observed; save counters deliberately omitted,87341,87341,0,14220,14220,0,446668800,335675392,-110993408,1725629398,1724153864,-1475534,3569065984,3569065984,0,1380,1381,1,1380,1381,1,1380,1381,1,-1,1,3840,2160,River,480,732,79,69,97,50,1.0,1.0,False,False,False,False,True,True,187.40300000000002,,,,,,,,,
taste-10-open-r2,886,15.0,5.0,Editor,154.64650094509125,13.028249999933905,35.775300000068455,39.87855499967736,154.22269999999116,16.9014382618516,13.013601768761873,35.78230086714029,39.934404008090496,154.64650094509125,16.9044313763119,12.9986,35.6216,39.876509999999996,176.4966,16.89735665914221,4.42575,26.9238,30.176475,34.2372,8.61399243792325,0.83875,3.6369249999999997,4.059455,4.5074,1.2805769751693001,0.510976,1.323776,1.7271295999999996,4.609024,0.6062276241534988,0.0,0.026924999999999998,0.030929999999999992,0.24439999999999998,0.010824492099322798,16756.0,38438.0,43115.0,14840671.0,37773.53498871332,346828800.0,349546496.0,349814784.0,353120256.0,344810854.28442436,3015101336.5,3021399509.75,3023060035.55,3023478380.0,3013707800.8295712,757.0,757.0,757.0,757.0,756.6681715575621,3.0,3.0,3.0,3.0,3.0,15.036496099999567,14.938068700000258,59.244606366014686,2237878.2114592036,9.975728321440812,not observed; save counters deliberately omitted,87341,87341,0,14220,14220,0,353067008,351457280,-1609728,1724615182,1725113343,498161,3569065984,3569065984,0,1381,1382,1,1381,1382,1,1381,1382,1,-1,1,3840,2160,River,480,732,79,69,97,50,1.0,1.0,False,False,False,False,True,True,165.8942,,,,,,,,,
taste-10-open-r3,911,15.0,5.0,Editor,41.48699715733528,13.23339999999007,33.995750000485714,36.83381000009831,41.150800000650634,16.419447200878274,13.23169656097889,34.05174985527992,36.98229864239693,41.48699715733528,16.422125895259214,13.2607,34.00645,36.929539999999996,41.047399999999996,16.415084851811194,4.6499,25.203849999999996,27.2076,31.330199999999998,8.424264215148188,0.8298,3.6212999999999997,4.0014199999999995,4.5732,1.2528116355653127,0.5724159999999999,1.29536,2.8549118999999807,4.487168,0.6564458144895718,0.0,0.0255,0.029469999999999993,0.21509999999999999,0.010233479692645445,17394.0,35168.5,36903.0,46863.0,20838.59275521405,361480192.0,364523520.0,364838092.8,364908544.0,361682514.6169045,3032037203.0,3037149924.5,3039490438.2,3040156161.0,3032145427.4983535,757.0,757.0,757.0,757.0,756.7376509330406,3.0,3.0,3.0,3.0,3.0,15.02606410000044,14.948038800000177,60.87755137483248,1268602.5010347553,9.982654073730167,not observed; save counters deliberately omitted,87341,87341,0,14220,14220,0,359145472,366538752,7393280,1725312762,1726729829,1417067,3569065984,3569065984,0,1383,1383,0,1383,1383,0,1383,1383,0,-1,1,3840,2160,River,480,732,79,69,97,50,1.0,1.0,False,False,False,False,True,True,155.1663,,,,,,,,,
taste-100-closed-r1,1579,15.0,5.0,Editor,84.83510464429855,9.173999999802618,12.06704999949579,13.601323999846505,84.42089999971358,9.486345535149182,9.176800027489662,11.967595852911465,13.40863144025207,84.83510464429855,9.485727426153032,9.165899999999999,12.056259999999998,13.489008,86.966,9.482890373654211,2.819,5.357409999999998,6.136546000000002,27.4061,3.167955224825839,0.2133,2.6397399999999984,3.00227,3.3501,0.45095851804939835,0.462848,1.2995583999999998,1.35133184,1.898496,0.49122233185560477,0.0,0.0,0.0,0.0,0.0,16399.0,34861.0,36261.74,7044235.0,23889.34198860038,374714368.0,386991308.8,387781017.6,388014080.0,377009017.75807476,3042577167.0,3056287558.8,3057212884.4,3057476998.0,3044906045.490184,319.0,319.0,319.0,319.0,319.0,3.0,3.0,3.0,3.0,3.0,15.021155800000088,14.970170200000211,105.4096231985377,2518166.5374793713,100.52488770537825,not observed; save counters deliberately omitted,87251,87251,0,14220,14220,0,372588544,371830784,-757760,1723396577,1723301781,-94796,3569065984,3569065984,0,1384,1385,1,1384,1385,1,1384,1385,1,-1,1,3840,2160,River,480,732,79,69,97,50,1.0,1.0,False,False,False,False,True,True,167.4019,,,,,,,,,
taste-100-closed-r2,1638,15.0,5.0,Editor,42.49119758605957,8.69700000021112,11.589170000479493,13.192464000439939,35.866499999428925,9.14346770451753,8.685650303959846,11.589939473196864,13.310161670669906,34.13480147719383,9.14405427744637,8.6919,11.585464999999997,13.158606999999998,35.864999999999995,9.140450854700854,2.6945499999999996,5.081384999999997,5.879392999999999,27.513299999999997,3.06591568986569,0.21509999999999999,2.4978949999999998,2.8381089999999958,3.3201,0.43825,0.454656,1.2781055999999997,1.3287731199999997,1.422336,0.48735334737484737,0.0,0.0,0.0,0.0,0.0,16399.0,33309.0,34917.0,50372.0,19284.91147741148,380635136.0,397255884.8,398063697.92,398266368.0,384456573.96825397,3048742149.0,3066155718.8,3067087735.12,3067326098.0,3052406324.5592184,319.0,319.0,319.0,319.0,319.0,3.0,3.0,3.0,3.0,3.0,15.025444900000366,14.966898300000139,109.37469923210374,2109281.3925596257,100.03031590764833,not observed; save counters deliberately omitted,87251,87251,0,14220,14220,0,392794112,384548864,-8245248,1724482772,1725055143,572371,3569065984,3569065984,0,1385,1386,1,1385,1386,1,1385,1386,1,-1,1,3840,2160,River,480,732,79,69,97,50,1.0,1.0,False,False,False,False,True,True,138.2225,,,,,,,,,
taste-100-closed-r3,1592,15.0,5.0,Editor,84.9548950791359,8.799100000032922,12.624700000151277,14.3798880000304,84.39249999992171,9.406488693467216,8.76969937235117,12.662213295698162,14.450772600248456,84.9548950791359,9.407035672999731,8.785,12.605184999999995,14.261151999999987,92.2047,9.403119849246231,2.7470499999999998,5.950184999999999,6.96655,26.9038,3.1426711683417086,0.2128,2.5337199999999998,2.9690619999999996,3.5471,0.44971890703517586,0.454656,0.8321535999998813,1.3426483199999997,1.381376,0.4689591871859296,0.0,0.0,0.0,0.0,0.0,16399.0,34861.0,44552.389999999956,5090419.0,22595.433417085427,391274496.0,401881907.2,402568273.92,413024256.0,392366859.57788944,3059393487.0,3071465968.4,3072251258.32,3082690212.0,3060490462.3052764,319.0,319.0,319.0,319.0,318.5634422110553,3.0,3.0,3.0,3.0,3.0,15.027157100000295,14.96239549999973,106.33324055630189,2402645.6570128473,99.81927985566682,not observed; save counters deliberately omitted,87251,87251,0,14220,14220,0,412913664,404332544,-8581120,1725976678,1726061916,85238,3569065984,3569065984,0,1386,1387,1,1386,1387,1,1386,1387,1,-1,1,3840,2160,River,480,732,79,69,97,50,1.0,1.0,False,False,False,False,True,True,160.0686,,,,,,,,,
taste-100-open-r1,960,15.0,5.0,Editor,51.30120366811752,12.012050000066665,34.71134499973231,36.73777399937534,38.474300000416406,15.57022010416631,11.989200487732887,34.96643304824829,36.877159886062145,38.82249817252159,15.569069285993464,12.0344,34.69805999999999,36.695396,38.2539,15.566260625,4.2105,26.303444999999996,27.878113,28.718799999999998,8.143087187499999,0.7961499999999999,3.6094199999999996,3.8932379999999998,4.039899999999999,1.199569375,0.5099509999999999,1.041407,2.9319167999999993,3.288064,0.6014943802083333,0.0,0.023204999999999993,0.027940999999999994,0.0317,0.00875875,17360.0,35149.0,39224.82999999993,47244.0,21544.432291666668,411166720.0,414359756.8,414741422.08,414859264.0,411335210.6666667,3082792330.0,3088032903.4,3090859448.51,3091641733.0,3082914955.9166665,757.0,757.0,757.0,757.0,756.9083333333333,3.0,3.0,3.0,3.0,3.0,15.025164799999402,14.931788899999447,64.22539231049774,1383699.6160392475,100.16529069951099,not observed; save counters deliberately omitted,87341,87341,0,14220,14220,0,408694784,416489472,7794688,1726220833,1728272224,2051391,3569065984,3569065984,0,1388,1388,0,1388,1388,0,1388,1388,0,-1,1,3840,2160,River,480,732,79,69,97,50,1.0,1.0,False,False,False,False,True,True,161.20000000000002,,,,,,,,,
taste-100-open-r2,973,15.0,5.0,Editor,53.69699373841286,12.019199999485863,34.54008000007888,36.5161199999784,37.87630000078934,15.364453237409837,12.023299001157284,34.71784070134163,36.786726117134094,37.91539743542671,15.391858644928986,12.039299999999999,34.509859999999996,36.45713599999999,37.9666,15.360547687564233,4.2475,26.163119999999996,27.823828,28.5261,8.051645323741006,0.7842,3.5734399999999993,3.815428,3.969,1.191998561151079,0.731136,1.2744703999999984,1.75394816,5.328895999999999,0.752193766700925,0.0,0.0225,0.02905599999999999,0.2703,0.009466700924974305,17360.0,35856.0,36106.51999999998,43766.0,21497.084275436795,426180608.0,428539904.0,428782059.52,428834816.0,426330463.50668037,3097179773.0,3102464375.0,3104453188.24,3105037400.0,3097480424.2004113,757.0,757.0,757.0,757.0,756.9208633093525,3.0,3.0,3.0,3.0,3.0,15.030397700000321,14.931749299999865,65.09619070553299,1399378.297606748,99.79775851173704,not observed; save counters deliberately omitted,87341,87341,0,14220,14220,0,424595456,430465024,5869568,1725999844,1728394269,2394425,3569065984,3569065984,0,1389,1389,0,1389,1389,0,1389,1389,0,-1,1,3840,2160,River,480,732,79,69,97,50,1.0,1.0,False,False,False,False,True,True,157.4992,,,,,,,,,
taste-100-open-r3,903,15.0,5.0,Editor,52.32370272278786,13.146299999789335,35.11378999983208,39.14433600111806,73.29749999917112,16.560565227021815,13.145401142537594,35.30142419040203,39.24013078212738,50.30819773674011,16.58943767534571,13.133999999999999,35.116589999999995,39.111138,73.2683,16.55650376522702,4.6624,26.376219999999996,29.215770000000003,63.901999999999994,8.708542081949059,0.8482,3.5938199999999996,3.95322,4.5142999999999995,1.2624972314507197,0.48947199999999996,1.1631615999999998,2.5518694400000017,4.0181759999999995,0.5895586400885936,0.0,0.0258,0.029398,0.0346,0.009956921373200443,17411.0,35149.0,38245.90000000001,44205.0,21853.210409745294,342183936.0,464927539.2,465952194.56,466214912.0,360593383.05204874,3012639273.0,3137725826.2,3141292182.08,3143471524.0,3031573053.2181616,757.0,757.0,757.0,757.0,757.0,3.0,3.0,3.0,3.0,3.0,15.032406199999969,14.936074100000042,60.39070199845872,1319730.717564544,99.9839932478676,not observed; save counters deliberately omitted,87341,87341,0,14220,14220,0,462495744,344834048,-117661696,1728563559,1727026768,-1536791,3569065984,3569065984,0,1389,1390,1,1389,1390,1,1389,1390,1,-1,1,3840,2160,River,480,732,79,69,97,50,1.0,1.0,False,False,False,False,True,True,197.7118,,,,,,,,,
taste-1000-closed-r1,1313,15.0,5.0,Editor,60.17640233039856,10.071599999719183,21.76268000075651,24.921195998831532,55.43980000038573,11.405803427266349,10.076601058244705,21.827500686049454,24.964077547192566,38.956400007009506,11.403493144849467,10.061399999999999,21.699579999999997,24.902831999999993,55.374399999999994,11.4017900990099,2.9762999999999997,14.077379999999996,16.16554799999997,46.8174,4.378917745620716,0.2423,2.7481799999999996,3.164399999999995,3.6317,0.5043330540746382,0.4608,1.0008571999999998,1.4647295999999994,1.948672,0.4889845643564356,0.0,0.0,0.0,0.0,0.0,16399.0,94780.8,103581.64,118450.0,26550.130236100533,354967552.0,360996044.8,361630760.96,361775104.0,355121006.93983245,3026542882.0,3036113676.8,3037095312.08,3037294970.0,3026524408.715156,319.0,319.0,319.0,319.0,319.0,3.0,3.0,3.0,3.0,3.0,15.025969200001782,14.966700099999798,87.6612741107853,2327418.2443038574,998.0055063601635,not observed; save counters deliberately omitted,87251,87251,0,14220,14220,0,352817152,351502336,-1314816,1725513276,1725042742,-470534,3569065984,3569065984,0,1391,1392,1,1391,1392,1,1391,1392,1,-1,1,3840,2160,River,480,734,79,69,97,50,1.0,1.0,False,False,False,False,True,True,146.06300000000002,,,,,,,,,
taste-1000-closed-r2,1264,15.0,5.0,Editor,54.48239669203758,10.42310000048019,22.446535000108266,24.876359000900262,40.85540000050969,11.847632753163545,10.39595017209649,22.440935391932722,24.920004568994038,39.420995861291885,11.849332839557075,10.40995,22.386144999999996,24.824137999999998,40.8206,11.843735838607595,3.086,14.386479999999997,15.963904,32.3334,4.536632832278481,0.24589999999999998,2.748414999999999,3.1268359999999964,3.3226999999999998,0.5240924841772152,0.464896,1.266688,1.4674636799999987,1.866752,0.5159647523734177,0.0,0.0,0.0,0.0,0.0,16399.0,94957.95,103318.11,119955.0,26934.23180379747,357914624.0,365210419.2,366124728.32,370614272.0,359215820.15189874,3028714082.0,3039785777.2,3041065518.33,3042144083.0,3030046095.016614,319.0,319.0,319.0,319.0,319.0,3.0,3.0,3.0,3.0,3.0,15.029589199999464,14.961180700000114,84.41847106358327,2273746.6681487206,996.4344201770022,not observed; save counters deliberately omitted,87251,87251,0,14220,14220,0,370520064,367898624,-2621440,1727819053,1731313208,3494155,3569065984,3569065984,0,1392,1393,1,1392,1393,1,1392,1393,1,-1,1,3840,2160,River,480,734,79,69,97,50,1.0,1.0,False,False,False,False,True,True,176.7543,,,,,,,,,
taste-1000-closed-r3,1417,15.0,5.0,Editor,280.192106962204,8.894299999155919,20.391759999984064,23.651811999443442,279.77410000130476,10.566250599858147,8.87949950993061,20.444661006331447,23.650112450122823,280.192106962204,10.566924917843552,8.8858,20.327679999999997,23.350911999999994,317.1638,10.562851376146789,2.7655,13.7537,15.508143999999998,39.2673,4.050698800282286,0.2185,2.64468,3.0267199999999996,3.9873,0.46106323218066336,0.44544,0.6109184000000003,1.3491404799999998,2.694144,0.4214941411432604,0.0,0.0,0.0,0.0,0.0,16399.0,94469.40000000001,102889.12,17996113.0,38300.1030345801,380383232.0,381981491.2,382152704.0,382439424.0,379621699.748765,3051753025.0,3055893561.8,3056323962.6,3056444921.0,3051511049.812985,318.0,319.0,319.0,319.0,318.4107268877911,3.0,3.0,3.0,3.0,3.0,15.027927200000704,14.963864100000137,94.62796444402265,3624260.7881586496,999.6721304318866,not observed; save counters deliberately omitted,87251,87251,0,14220,14220,0,375697408,383782912,8085504,1725791847,1730645763,4853916,3569065984,3569065984,0,1394,1395,1,1394,1395,1,1394,1395,1,-1,1,3840,2160,River,480,734,79,69,97,50,1.0,1.0,False,False,False,False,True,True,149.2504,,,,,,,,,
taste-1000-open-r1,774,15.0,5.0,Editor,80.68519830703735,13.199900000472553,48.71870500055592,51.780390000130865,80.54280000033032,19.34397674418642,13.206894975155592,48.718012496829026,51.71685468405485,80.26240020990372,19.298597805692935,13.1839,48.60284499999998,51.674882999999994,127.48349999999999,19.339221834625324,4.458,38.92296499999999,41.37875699999999,49.9773,10.924802067183462,0.8566499999999999,3.917444999999999,4.310521999999999,4.8927,1.3354926356589147,0.483328,1.3808127999999993,1.8204262399999982,4.073471,0.5814890891472868,0.0,0.02583499999999999,0.03216199999999999,0.17149999999999999,0.011484108527131782,16704.0,100167.29999999993,107988.55999999995,5740272.0,43954.11627906977,394434560.0,404953702.4,405662064.64,411783168.0,396749810.77002585,3071677011.5,3086026281.55,3090042471.11,3091291114.0,3073851828.8113694,757.0,757.0,757.0,757.0,756.8914728682171,3.0,3.0,3.0,3.0,3.0,15.033446600000389,14.922924399999829,51.79949849508109,2276801.180050294,1000.5689580192217,not observed; save counters deliberately omitted,87341,87341,0,14220,14220,0,411504640,407343104,-4161536,1735717546,1736861985,1144439,3569065984,3569065984,0,1395,1396,1,1395,1396,1,1395,1396,1,-1,1,3840,2160,River,480,734,79,69,97,50,1.0,1.0,False,False,False,False,True,True,151.9575,,,,,,,,,
taste-1000-open-r2,815,15.0,5.0,Editor,51.652103662490845,12.214299998959177,46.145460000661835,49.94493400030479,51.64680000052613,18.327994601227175,12.254195287823677,46.14861980080604,49.78127673268318,51.652103662490845,18.340781472760476,12.224699999999999,46.10618999999999,49.908436,51.4418,18.323885766871165,4.2172,37.13764999999998,39.921274,41.666599999999995,10.276001349693251,0.8140999999999999,3.640329999999999,4.05169,4.2249,1.2567408588957054,0.57344,1.4708735999999996,2.5946316800000067,4.919296,0.673050690797546,0.0,0.0248,0.0283,0.0667,0.010578036809815951,16687.0,100244.5,106975.88000000002,115255.0,32886.83435582822,416972800.0,428609126.4,429963018.24,430247936.0,418993304.02944785,3097134772.0,3111666305.2,3114683565.98,3117487433.0,3098626150.3546014,757.0,757.0,757.0,757.0,757.0,3.0,3.0,3.0,3.0,3.0,15.036850500000583,14.923778200000015,54.54382858624897,1793773.8558486581,1000.3424586817177,not observed; save counters deliberately omitted,87341,87341,0,14220,14220,0,414052352,431878144,17825792,1730998644,1738701532,7702888,3569065984,3569065984,0,1397,1397,0,1397,1397,0,1397,1397,0,-1,1,3840,2160,River,480,734,79,69,97,50,1.0,1.0,False,False,False,False,True,True,166.9023,,,,,,,,,
taste-1000-open-r3,817,15.0,5.0,Editor,51.66960135102272,12.157299999671523,46.9271200003277,49.37631200082251,51.31219999930181,18.295192166462837,12.11989764124155,47.04911857843399,49.37929704785347,51.66960135102272,18.261207345157242,12.1661,46.86811999999999,49.289652,51.337199999999996,18.289949204406366,4.1796999999999995,37.89152,39.916392,41.5697,10.269243451652386,0.8106,3.732919999999999,4.027948,4.4273,1.2541167686658505,0.589824,1.2341247999999958,2.9293363200000018,4.49024,0.6983579498164014,0.0,0.02551999999999999,0.029304000000000018,0.1782,0.011057772337821297,16687.0,99670.4,107719.56000000001,116800.0,32879.80660954712,447840256.0,457035776.0,458351411.2,458752000.0,449179076.46511626,3127495618.0,3140231495.2,3143970165.28,3145897869.0,3128851202.3219094,757.0,757.0,757.0,757.0,756.937576499388,3.0,3.0,3.0,3.0,3.0,15.03529510000044,14.935742599998775,54.634042769327515,1796356.760553215,1004.6360845953438,not observed; save counters deliberately omitted,87341,87341,0,14220,14220,0,445566976,460382208,14815232,1731086590,1738795720,7709130,3569065984,3569065984,0,1398,1398,0,1398,1398,0,1398,1398,0,-1,1,3840,2160,River,480,734,79,69,97,50,1.0,1.0,False,False,False,False,True,True,174.2954,,,,,,,,,
taste-empty-cards-closed,2068,20.0,5.0,Editor,52.153896540403366,9.280749999561522,13.048349999917262,14.264017999357746,51.100900000164984,9.659816054159217,9.260150603950024,13.03096320480108,14.258481571450828,52.153896540403366,9.66009162965355,9.2798,12.969689999999998,14.242253999999997,51.064899999999994,9.656292843326886,2.88065,5.66904,6.564151999999999,43.2044,3.2283311895551257,0.2256,2.6880499999999996,2.9881309999999996,3.9103,0.4709789651837524,0.438272,1.2240895999999997,1.3585203199999998,1.7858559999999999,0.46179179245283014,0.0,0.0,0.0,0.0,0.0,16399.0,39358.94999999999,51755.07999999999,60878.0,19589.049323017407,438134784.0,445210624.0,446238679.04,446533632.0,436971858.6924565,9728983429.0,9737559909.0,9738711759.24,9739050445.0,9727840135.315763,319.0,319.0,319.0,319.0,318.7828820116054,3.0,3.0,3.0,3.0,3.0,20.022091900000305,19.968090000000302,103.51515843528193,2027763.5442686991,100.13938653432959,live GameplayStatTracker; one-frame boundary uncertainty,87377,87377,0,14220,14220,0,436105216,430190592,-5914624,3745348875,3745393220,44345,6790881280,6790881280,0,1462,1463,1,1462,1463,1,1462,1463,1,-1,1,3840,2160,River,480,11,77,69,97,50,1.0,1.0,False,False,False,False,True,True,286.1157,19.99155939999946,0.0,0.0,0.0,0.0,0,0.0,19.98970840000038,
taste-empty-cards-open,1269,20.0,5.0,Editor,74.04209673404694,12.134700000387966,36.04682000041066,39.2076679995807,58.82930000007036,15.737336012607901,12.123696506023407,36.196159571409225,39.11003753542895,74.04209673404694,15.736840271234653,12.1299,36.05247999999999,39.10135199999997,58.762,15.73312781717888,4.2391,27.095259999999993,29.330495999999993,49.8225,8.019025295508273,0.855,3.58994,3.8818519999999994,4.8475,1.2499744680851064,0.585728,1.4168063999999998,3.171778559999994,4.14208,0.6709443120567375,0.0194,0.028399999999999998,0.03692399999999995,0.1557,0.012368321513002364,16756.0,38764.99999999996,49050.55999999985,58821.0,21858.769897557133,438411264.0,441262080.0,459698012.16,459870208.0,439205074.6099291,9732516904.0,9737734890.6,9753077663.44,9756377886.0,9732948497.279747,766.0,772.0,774.0,775.0,765.822695035461,3.0,3.0,3.0,3.0,3.0,20.02554240000063,19.9580662999997,63.53320912657851,1388757.7991512564,100.02225957185244,live GameplayStatTracker; one-frame boundary uncertainty,87145,87145,0,14153,14153,0,459427840,443064320,-16363520,3748497431,3749461317,963886,6790881280,6790881280,0,1463,1464,1,1463,1464,1,1463,1464,1,-1,1,3840,2160,River,480,11,71,69,97,50,1.0,1.0,False,False,False,False,True,True,321.1972,19.989790699999503,0.0,0.0,0.0,0.0,0,0.0,19.98742929999935,
taste-maxed-infinity-closed,1950,20.0,5.0,Editor,44.25770416855812,9.886699999697157,12.858320000032109,14.314285999844287,15.40480000039679,10.244206256410017,9.89700248464942,12.897884612902999,14.384949002414942,15.406802296638489,10.245693392860584,9.9109,12.844304999999999,14.303298,15.3819,10.24015964102564,3.0195,5.511264999999999,6.304056999999999,7.0051,3.362922717948718,0.2476,2.61204,2.9836699999999996,3.3302,0.5033988717948717,0.42086399999999996,1.2290047999999998,1.38499072,1.78176,0.4665821861538461,0.0,0.0,0.0,0.0,0.0,16399.0,33309.0,34033.0,53252.0,19630.80871794872,503046144.0,514038784.0,515315834.88,515612672.0,504177015.9917949,9797000207.0,9809654127.0,9811073168.28,9811406383.0,9798154044.407179,319.0,319.0,319.0,319.0,318.78205128205127,3.0,3.0,3.0,3.0,3.0,20.02670120000039,19.966128000000026,97.61532130816738,1916267.7005417377,99.56707198487393,live GameplayStatTracker; one-frame boundary uncertainty,87377,87377,0,14220,14220,0,497041408,517242880,20201472,3747433146,3751076701,3643555,6790881280,6790881280,0,1467,1467,0,1467,1467,0,1467,1467,0,-1,1,3840,2160,River,480,732,79,69,97,50,1.0,1.0,False,False,False,False,True,True,312.8908,19.992890999999872,0.0,0.0,0.0,0.0,0,0.0,19.990647599999647,
taste-maxed-infinity-open,1253,20.0,5.0,Editor,46.55590280890465,12.648300000364543,34.494499998982064,38.18894799929695,40.324199999304255,15.944701037510484,12.63749971985817,34.571043401956544,38.46244588494301,40.5891016125679,15.927376441140224,12.615699999999999,34.456179999999996,38.231376,40.3857,15.940400239425378,4.3993,25.92172,28.311435999999997,29.912899999999997,8.309179808459696,0.84,3.6174199999999996,4.008384,5.35,1.2355261771747805,0.612352,1.2333055999999998,2.1672755200000005,3.140608,0.6307022697525937,0.0,0.028939999999999983,0.0351,0.2781,0.011166719872306463,17377.0,35166.0,41944.12000000001,55946.0,21639.442936951316,523898880.0,529516134.4,530091704.32,530227200.0,524478115.85634476,9820214009.0,9827052035.4,9829147683.56,9830663889.0,9820787773.03272,757.0,757.0,757.0,757.0,756.9353551476456,3.0,3.0,3.0,3.0,3.0,20.026315000000977,19.969020900000032,62.69711500977987,1356730.6425656055,100.1182693870491,live GameplayStatTracker; one-frame boundary uncertainty,87467,87467,0,14220,14220,0,520491008,531857408,11366400,3749738473,3752429792,2691319,6790881280,6790881280,0,1468,1468,0,1468,1468,0,1468,1468,0,-1,1,3840,2160,River,480,732,79,69,97,50,1.0,1.0,False,False,False,False,True,True,464.7885,19.973339100000885,0.0,0.0,0.0,0.0,0,0.0,19.97142089999943,
taste-native-cap144-r1,1897,20.0,5.0,Editor,107.84079879522324,10.091100000863662,14.115800000217858,16.631880000204543,107.46280000057595,10.532147654190966,10.099602863192558,14.204879850149151,16.599895805120465,107.84079879522324,10.532924146418454,10.096499999999999,14.154159999999997,16.659411999999996,110.73129999999999,10.52821143911439,3.097,5.605339999999996,7.175228,8.6246,3.4345279915656297,0.24209999999999998,2.6289799999999994,3.2047279999999994,4.0813999999999995,0.5054323141802847,0.453632,1.2763135999999995,1.5588966399999995,1.9609599999999998,0.49767154085397997,0.0,0.0,0.0,0.0,0.0,16399.0,33309.0,44357.0,12718695.0,26638.52451238798,500342784.0,511065292.8,512537559.04,512962560.0,500036441.20189774,9799082084.0,9811393069.6,9813008139.68,9813466908.0,9798733466.185556,319.0,319.0,319.0,319.0,319.0,3.0,3.0,3.0,3.0,3.0,20.026721700000053,19.967964100000245,94.9520937890697,2529383.6779026957,100.06630291367132,live GameplayStatTracker; one-frame boundary uncertainty,87377,87377,0,14220,14220,0,487391232,514592768,27201536,3752072857,3755787478,3714621,6790881280,6790881280,0,1458,1458,0,1458,1458,0,1458,1458,0,144,0,3840,2160,River,480,732,79,69,97,50,1.0,1.0,False,False,False,False,True,True,146.14000000000001,19.994468900000356,0.0,0.0,0.0,0.0,0,0.0,19.99232160000065,
taste-native-cap144-r2,1850,20.0,5.0,Editor,117.23329871892929,10.243150000860624,14.588154999273684,17.03063199947792,117.17479999970237,10.79861405405363,10.217953007668257,14.618914853781462,16.89057633280754,117.23329871892929,10.79779421608593,10.23525,14.591769999999999,17.017929,122.8701,10.794587837837838,3.10485,5.934074999999999,7.559939,9.1588,3.4999149189189187,0.24439999999999998,2.7699949999999998,3.212059,3.7178,0.5228499999999999,0.454656,1.2125183999999998,1.383424,2.123776,0.48677968,0.0,0.0,0.0,0.0,0.0,16399.0,34861.0,42292.0,14360126.0,27574.54918918919,417499136.0,422703513.6,423391313.92,423579648.0,416859130.46486485,9708224525.0,9714994634.6,9715820409.32,9716043841.0,9707569831.545406,319.0,319.0,319.0,319.0,319.0,3.0,3.0,3.0,3.0,3.0,20.026063299999805,19.968382199998814,92.59638469861167,2553303.564612953,99.91978802943359,live GameplayStatTracker; one-frame boundary uncertainty,87377,87377,0,14220,14220,0,410710016,413806592,3096576,3744729699,3744878827,149128,6790881280,6790881280,0,1459,1460,1,1459,1460,1,1459,1460,1,144,0,3840,2160,River,480,732,79,69,97,50,1.0,1.0,False,False,False,False,True,True,159.21120000000002,19.991005699999732,0.0,0.0,0.0,0.0,0,0.0,19.98894889999974,
taste-native-cap144-r3,1836,20.0,5.0,Editor,70.41089981794357,10.54669999939506,14.056600000458275,15.501334999498795,70.55659999969066,10.880718736384186,10.520400945097208,14.024126576259732,15.562935173511514,70.41089981794357,10.877980383961159,10.51685,14.081375,15.451685000000001,70.5489,10.876356699346404,3.1435,5.878925,6.5661,7.877999999999999,3.5134123638344223,0.24839999999999998,2.82945,3.2182650000000024,3.6167,0.5337400871459694,0.421888,1.261568,1.3932032000000005,1.965056,0.4823976988017429,0.0,0.0,0.0,0.0,0.0,16399.0,34861.0,39046.0,46963.0,19823.98148148148,418961408.0,431011840.0,431618662.4,431779840.0,421952547.6949891,9709882693.0,9722735138.0,9723494170.0,9723672914.0,9712606881.28159,319.0,319.0,319.0,319.0,318.63834422657953,3.0,3.0,3.0,3.0,3.0,20.022830099998828,19.967263900000034,91.90042307198618,1821832.2851193675,99.9858656344548,live GameplayStatTracker; one-frame boundary uncertainty,87377,87377,0,14220,14220,0,427728896,421781504,-5947392,3745991624,3746711597,719973,6790881280,6790881280,0,1460,1461,1,1460,1461,1,1460,1461,1,144,0,3840,2160,River,480,732,79,69,97,50,1.0,1.0,False,False,False,False,True,True,152.5968,19.98663469999883,0.0,0.0,0.0,0.0,0,0.0,19.984754600000088,
taste-native-cap30-r1,600,20.0,5.0,Editor,60.84759905934334,32.824750000145286,40.10334500017052,41.83613699944544,55.68130000028759,33.346857833333466,33.29114615917206,36.62348408252001,37.43783727288246,56.15580454468727,33.34971635912856,33.266099999999994,36.635709999999996,37.533401,55.7331,33.3490205,3.57095,7.198329999999996,8.208375999999985,41.622,4.4024285,0.32339999999999997,2.8476399999999997,3.0495379999999996,3.6873,0.9825401666666667,3.33568,4.855347199999999,5.461565439999999,7.202815999999999,3.2610918333333334,0.0,0.0,0.0,0.0,0.0,98827.5,119570.34999999999,125454.34,134467.0,98336.28,397998080.0,407321190.4,408814100.48,409120768.0,399280892.58666664,9696414024.0,9707222337.4,9708950080.84,9709305438.0,9697215727.153334,319.0,319.0,319.0,319.0,318.765,3.0,3.0,3.0,3.0,3.0,20.0513964999991,19.97224819999974,29.991616066538157,2949263.955171595,99.79354804539872,live GameplayStatTracker; one-frame boundary uncertainty,87377,87377,0,14220,14220,0,399519744,400363520,843776,3752376357,3753929231,1552874,6790881280,6790881280,0,1449,1450,1,1449,1450,1,1449,1450,1,30,0,3840,2160,River,480,732,79,69,97,50,1.0,1.0,False,False,False,False,True,True,156.8175,19.989114199999676,0.0,0.0,0.0,0.0,0,0.0,20.022631199999523,
taste-native-cap30-r2,599,20.0,5.0,Editor,72.52279669046402,32.790200000818004,40.96393000072567,42.19627599999512,78.76989999931538,33.354785809684664,33.17699953913689,37.12683580815792,38.03423449397087,72.52279669046402,33.35508457283942,33.1556,36.989129999999996,38.07733399999999,39.1737,33.25793439065109,3.5101999999999998,7.30023,8.06607,9.9267,4.357355592654423,0.31,2.90058,3.082995999999999,3.9623999999999997,0.9861661101836393,3.00032,4.728729599999999,5.408153599999994,8.524799999999999,2.998449772954925,0.0,0.0,0.0,0.0,0.0,93295.0,115988.00000000001,124800.29999999997,130953.0,93734.4507512521,408076288.0,421632409.6,423515176.96,423878656.0,410728130.0300501,9705944073.0,9722047724.7,9724163370.86,9724567438.0,9708922076.447412,319.0,319.0,319.0,319.0,318.85475792988314,3.0,3.0,3.0,3.0,3.0,20.030113900000288,19.94678440000098,29.9797695712784,2810137.234412881,99.79973204246089,live GameplayStatTracker; one-frame boundary uncertainty,87377,87377,0,14220,14220,0,406343680,409796608,3452928,3752366964,3753084045,717081,6790881280,6790881280,0,1451,1452,1,1451,1452,1,1451,1452,1,30,0,3840,2160,River,480,732,79,69,97,50,1.0,1.0,False,False,False,False,True,True,138.2387,19.95987419999983,0.0,0.0,0.0,0.0,0,0.0,19.998708299999635,
taste-native-cap30-r3,600,20.0,5.0,Editor,77.47749984264374,32.94685000037134,41.345724999791855,42.715582000182614,66.48759999916365,33.355035166666006,33.080147579312325,37.46727854013443,38.56345560401678,61.78859993815422,33.34835083068659,33.039699999999996,37.38101499999999,38.550115999999996,38.858399999999996,33.267182,3.6661,7.460979999999993,8.295906999999998,11.910599999999999,4.5018595,0.29595,2.9698299999999995,3.19323,3.4993999999999996,0.996761,2.6675199999999997,4.305356799999999,5.443266559999999,10.778623999999999,2.704085315,0.0,0.0,0.0,0.0,0.0,85354.5,108492.0,116419.51,123106.0,85285.17333333334,417456128.0,432122675.2,433324769.28,433721344.0,420021917.0133333,9715940777.5,9732512297.6,9734221556.8,9734680256.0,9718476180.861666,319.0,319.0,319.0,319.0,319.0,3.0,3.0,3.0,3.0,3.0,20.06520350000028,19.98182269999961,29.977245269022013,2556614.5588243892,100.52227977652815,live GameplayStatTracker; one-frame boundary uncertainty,87377,87377,0,14220,14220,0,432254976,435392512,3137536,3754477923,3756232755,1754832,6790881280,6790881280,0,1452,1453,1,1452,1453,1,1452,1453,1,30,0,3840,2160,River,480,732,79,69,97,50,1.0,1.0,False,False,False,False,True,True,137.3948,19.983994299998812,0.0,0.0,0.0,0.0,0,0.0,20.025918600000296,
taste-native-cap60-r1,1197,20.0,5.0,Editor,60.038696974515915,17.102499999964493,23.368319999644886,25.996236001010395,65.0487000002613,16.68955538847218,16.926700249314308,22.157898917794228,24.23410438001156,60.038696974515915,16.689265915562235,15.431199999999999,21.26508,22.93720799999999,25.2017,15.447900250626565,3.2539,6.8099,7.1762999999999995,8.4339,3.993488888888889,0.26339999999999997,2.7374,3.0913,3.423,0.8882483709273182,1.102848,2.5192448,3.066552319999998,3.700736,1.1725766457811193,0.0,0.0,0.0,0.0,0.0,39540.0,57184.200000000084,63771.0,75821.0,38358.96574770259,439017472.0,453452595.2,454860800.0,455188480.0,440918556.65831244,9737612250.0,9754213352.4,9755781202.0,9756150818.0,9739490411.773602,319.0,319.0,319.0,319.0,319.0,3.0,3.0,3.0,3.0,3.0,20.03195030000097,19.968296500001088,59.8949439678009,2297508.1041214406,100.0401843049652,live GameplayStatTracker; one-frame boundary uncertainty,87377,87377,0,14220,14220,0,435179520,434196480,-983040,3752221709,3751906861,-314848,6790881280,6790881280,0,1454,1455,1,1454,1455,1,1454,1455,1,60,0,3840,2160,River,480,732,79,69,97,50,1.0,1.0,False,False,False,False,True,True,188.73870000000002,19.994266899999275,0.0,0.0,0.0,0.0,0,0.0,19.998386199999004,
taste-native-cap60-r2,1198,20.0,5.0,Editor,62.07110360264778,17.46660000026168,22.45542500013471,23.740060000491212,66.617700000279,16.683156677797413,17.33875460922718,21.51310062035918,23.090397361665964,62.07110360264778,16.686736319979065,17.0794,21.239619999999974,22.992028999999995,23.9484,15.972223539232052,3.00495,5.6383,6.374099999999999,7.3447,3.676753923205342,0.25229999999999997,2.539945,2.6721999999999997,2.7502,0.7883447412353923,1.50528,2.48832,2.592542719999999,3.2368639999999997,1.3235259557595993,0.0,0.0,0.0,0.0,0.0,46861.0,62216.95,69226.14999999997,79086.0,43492.579298831384,445988864.0,462713036.8,464061767.68,464351232.0,449047105.8163606,9744703133.0,9762035184.8,9763584002.8,9763917918.0,9747138318.055927,319.0,319.0,319.0,319.0,318.4432387312187,3.0,3.0,3.0,3.0,3.0,20.035362700000405,19.97704750000048,59.91876427184604,2606021.6065812483,100.07305732478501,live GameplayStatTracker; one-frame boundary uncertainty,87377,87377,0,14220,14220,0,454328320,451854336,-2473984,3753036492,3754767468,1730976,6790881280,6790881280,0,1455,1456,1,1455,1456,1,1455,1456,1,60,0,3840,2160,River,480,732,79,69,97,50,1.0,1.0,False,False,False,False,True,True,140.894,19.988093400001162,0.0,0.0,0.0,0.0,0,0.0,20.00448099999994,
taste-native-cap60-r3,1199,20.0,5.0,Editor,49.609702080488205,16.749500000514672,23.691629998938875,25.562694000836927,27.186999999685213,16.666121184319675,16.46740362048149,22.13140185922384,23.032703883945942,23.976700380444527,16.668885481000892,15.517299999999999,21.511609999999997,22.801453999999996,24.0828,15.491937531276063,3.1913,6.603139999999999,6.911731999999999,8.06,3.945762635529608,0.2597,2.7101499999999996,2.8219,3.0459,0.8853405337781484,1.006591,2.332569599999999,2.614169599999997,3.411968,1.087950874061718,0.0,0.0,0.0,0.0,0.0,39126.0,54755.7,62850.02,79086.0,39093.6647206005,467714048.0,483295232.0,485421056.0,485941248.0,469870573.21100914,9766234415.0,9783961722.0,9786245570.0,9786814930.0,9768387341.713928,319.0,319.0,319.0,319.0,319.0,3.0,3.0,3.0,3.0,3.0,20.039156299999377,19.972807099999045,59.981553619473814,2344898.7466204306,100.45333096184606,live GameplayStatTracker; one-frame boundary uncertainty,87377,87377,0,14220,14220,0,462659584,487600128,24940544,3751430113,3756166105,4735992,6790881280,6790881280,0,1457,1457,0,1457,1457,0,1457,1457,0,60,0,3840,2160,River,480,732,79,69,97,50,1.0,1.0,False,False,False,False,True,True,146.8725,19.997291600000608,0.0,0.0,0.0,0.0,0,0.0,20.00516620000053,
taste-tier-boundary-closed,1931,20.0,5.0,Editor,45.375898480415344,10.014699999373988,12.878300000011222,14.531749998968735,15.246900000420283,10.3472555670639,10.008900426328182,12.880849651992321,14.490384049713612,15.191297978162766,10.349392799293051,10.007299999999999,12.876149999999999,14.47478,15.1154,10.343261108234076,3.0252999999999997,5.594049999999999,6.3262599999999996,6.6929,3.3105082340756082,0.2437,2.71825,3.0675,3.3348999999999998,0.5077149663386846,0.41676799999999997,1.2223999999999997,1.34421504,2.106368,0.46532947564766836,0.0,0.0,0.0,0.0,0.0,16399.0,35568.0,39606.00000000001,45895.0,19203.870533402383,455487488.0,463931392.0,464908697.6,465158144.0,456394704.27343345,9747294585.0,9757184865.0,9758288379.5,9758573529.0,9748192926.226826,319.0,319.0,319.0,319.0,318.7332988089073,3.0,3.0,3.0,3.0,3.0,20.033297399999356,19.969719000000623,96.6463273719545,1855983.5583798373,100.23312487738862,live GameplayStatTracker; one-frame boundary uncertainty,87377,87377,0,14220,14220,0,451198976,466788352,15589376,3745475787,3748684915,3209128,6790881280,6790881280,0,1465,1465,0,1465,1465,0,1465,1465,0,-1,1,3840,2160,River,480,732,79,69,97,50,1.0,1.0,False,False,False,False,True,True,309.9284,19.998483999999735,0.0,0.0,0.0,0.0,0,0.0,19.996299700000236,
taste-tier-boundary-open,1189,20.0,5.0,Editor,120.78829854726791,13.4500999993179,34.332059999360354,38.18932800175385,120.3378000009252,16.777507148864657,13.44939786940813,34.33216065168381,38.56158614158627,120.78829854726791,16.78394244574919,13.4276,34.275999999999996,38.19034799999995,136.976,16.77331698906644,4.7138,25.553359999999994,27.947607999999992,31.477,8.573598990748527,0.859,3.629959999999999,4.062923999999999,4.2707,1.2960811606391924,0.6553599999999999,1.5175679999999994,1.889935359999989,4.358144,0.7185413944491169,0.0,0.0305,0.03525999999999994,0.3116,0.012259041211101766,17394.0,35149.0,42647.439999999944,6223334.0,30554.13204373423,481746944.0,493612236.8,494244331.52,494358528.0,482303328.24222034,9777248436.0,9790000877.6,9792888943.76,9793846874.0,9777506595.929352,757.0,757.0,757.0,757.0,757.0,3.0,3.0,3.0,3.0,3.0,20.02389519999997,19.936854699999458,59.58813553474071,1820663.7613683993,100.08042790795284,live GameplayStatTracker; one-frame boundary uncertainty,87467,87467,0,14220,14220,0,476033024,495988736,19955712,3747956705,3751498034,3541329,6790881280,6790881280,0,1466,1466,0,1466,1466,0,1466,1466,0,-1,1,3840,2160,River,480,732,79,69,97,50,1.0,1.0,False,False,False,False,True,True,353.70840000000004,19.99036789999991,0.0,0.0,0.0,0.0,0,0.0,19.988182900000538,
timeline-alterEchoes,182,3.0,2.0,Editor,53.06049436330795,15.396850000797713,24.788624999655426,30.134413000159835,32.959099999061436,16.334163736266397,15.364200808107853,24.786280840635285,30.142249111086127,32.56950154900551,16.337914873364863,15.3342,24.766129999999986,30.133080999999997,32.5512,16.316081868131867,6.5504,9.601964999999998,11.06825,11.1596,6.900802747252747,1.9943,5.151714999999999,5.618627999999999,5.8438,2.462003846153846,6.373887999999999,7.645439999999999,12.217794559999998,13.78816,5.359323428571428,0.025099999999999997,0.031764999999999995,0.0780999999999998,0.1561,0.02735,115219.0,146034.49999999994,154332.28,158946.0,122041.7032967033,497596416.0,507996160.0,509019422.72,509255680.0,498468458.9010989,9281378887.5,10006922864.05,10095791602.61,10102786094.0,9278552804.26923,343.0,343.0,344.0,344.0,343.02197802197804,3.0,3.0,3.0,3.0,3.0,3.043025499999203,2.9592550000015763,61.16404297700049,7464563.985425903,100.88643687017424,live GameplayStatTracker; one-frame boundary uncertainty,87695,87695,0,14220,14220,0,489721856,511008768,21286912,3500677586,3897549846,396872260,5717008384,6790946816,1073938432,1446,1446,0,1446,1446,0,1446,1446,0,-1,1,3840,2160,River,480,732,79,69,97,50,1.0,1.0,False,False,False,False,True,True,862.7578000000001,2.997861699999703,0.0,0.0,0.0,0.0,0,0.0,2.995652199999313,
timeline-cauldron,161,3.0,2.0,Editor,67.31560081243515,14.950300001146388,36.748499998793704,42.46578000056617,45.867599999837694,18.539211801252808,14.854400418698788,37.11649775505066,42.278218269348166,45.91679945588112,18.389335428567037,14.8347,37.0828,42.263480000000015,45.9058,18.367591925465838,6.627,25.923199999999998,27.957720000000005,30.5811,9.171395652173912,0.9027999999999999,3.5871,3.79142,3.9652,1.344704347826087,6.457344,8.665087999999999,11.576524800000008,12.519423999999999,6.168569639751553,0.0,0.0294,0.03592000000000001,0.0368,0.011886335403726708,17508.0,49255.0,61931.60000000005,69115.0,25220.726708074533,438820864.0,439521280.0,439574528.0,439578624.0,438858338.5838509,7359885472.0,7690573014.0,7707899401.2,7713298990.0,7342210944.720497,757.0,758.0,758.0,758.0,757.0621118012423,3.0,3.0,3.0,3.0,3.0,3.042848999999478,2.972701800001232,53.82309116909529,1357457.4729595322,99.90637064147847,live GameplayStatTracker; one-frame boundary uncertainty,87475,87475,0,14220,14220,0,438161408,441217024,3055616,2927279642,3311230237,383950595,5179940864,5716942848,537001984,1444,1444,0,1444,1444,0,1444,1444,0,-1,1,3840,2160,River,480,732,79,69,97,50,1.0,1.0,False,False,False,False,True,True,753.3414,2.9837705999998434,0.0,0.0,0.0,0.0,0,0.0,2.9817385000005743,
timeline-closed,236,3.0,2.0,Editor,58.98759886622429,11.849050000819261,16.86412500021106,23.00362999922072,55.78419999983453,12.586811864405147,11.869398411363363,17.021575942635536,22.29277184233071,58.98759886622429,12.58940122216561,11.83945,17.01365,23.002209999999998,56.0162,12.582571186440678,3.5338499999999997,6.41355,8.208145000000002,45.7788,4.136958474576271,0.26439999999999997,2.8815,3.0484299999999998,3.161,0.585360593220339,6.675456,7.792383999999999,8.809369600000004,10.172416,6.429251245762711,0.0,0.0,0.0,0.0,0.0,17041.0,44971.75,55466.60000000003,66545.0,22540.415254237287,420552704.0,420758528.0,446177280.0,446246912.0,421653590.779661,6256964398.0,6467209538.0,6482630582.15,6486400708.0,6262449140.423729,319.0,319.0,320.0,320.0,319.0169491525424,3.0,3.0,3.0,3.0,3.0,3.036425700000109,2.953449399999954,79.56797905527132,1793495.2888462706,100.11771406097277,live GameplayStatTracker; one-frame boundary uncertainty,87383,87385,2,14220,14220,0,446087168,422391808,-23695360,2285523099,2712816098,427292999,4106067968,4643004416,536936448,1442,1443,1,1442,1443,1,1442,1443,1,-1,1,3840,2160,River,480,732,79,69,97,50,1.0,1.0,False,False,False,False,True,True,420.1752,2.99595059999956,0.0,0.0,0.0,0.0,0,0.0,2.9935432999991463,
timeline-map-loadout,390,15.0,0.0,Editor,196.92839682102203,30.729499999324617,113.26006999970507,147.38739600044943,195.55860000036773,38.234670000001174,30.55819869041443,106.72458596527566,149.6440994739533,196.92839682102203,38.27442163362717,30.541449999999998,113.86147999999949,149.58245300000004,196.9348,38.259332564102564,6.56475,16.742734999999985,66.133936,84.40849999999999,8.528553076923076,1.5575,3.120204999999999,5.5320200000000055,12.401399999999999,1.8242158974358973,9.434624,14.239078399999999,79.24820992000002,136.312832,9.627182597435898,0.041999999999999996,0.06561999999999998,0.07702900000000006,0.2011,0.04201076923076923,196913.0,2630817.2499999986,11627787.41,25701564.0,762448.6589743589,555270144.0,601053593.6,614475038.72,614932480.0,560800636.7179487,11320564883.0,11961585222.5,12037475391.91,12045522625.0,11239836239.03077,119.0,132.0,134.11,136.0,117.83076923076923,5.0,7.0,7.0,7.0,5.420512820512821,15.032920999999988,14.876653299999816,26.148354213511503,19936777.604478374,100.31317266950323,live GameplayStatTracker; one-frame boundary uncertainty,100848,101061,213,17452,17505,53,537419776,548360192,10940416,3933038183,5260513203,1327475020,6790881280,8947015680,2156134400,1579,1583,4,1579,1583,4,1579,1583,4,-1,1,3840,2160,Farmlands,480,733,79,69,97,50,4.0,4.0,True,True,False,False,True,True,73.9925,14.98340570000073,5.272499562632556,1.0011075118922574,84.9872,271.912476,2,0.0,14.98071660000096,
town-developed-no-taste-r1,1591,15.0,5.0,Editor,40.71959853172302,8.998500001325738,12.178099999800907,13.60610999909113,38.96530000019993,9.414680012570502,8.990703150629997,12.211302295327187,13.606472406536327,38.982998579740524,9.414656241708286,9.0076,12.16515,13.67811,38.9092,9.411291389063482,2.7797,5.3765,6.068179999999998,30.8461,3.084657133878064,0.21719999999999998,2.6343499999999995,3.0017099999999983,3.3426,0.4546472658705217,0.46694399999999997,1.298432,1.3600767999999999,1.4694399999999999,0.49494663419233187,0.0,0.0,0.0,0.0,0.0,16399.0,34861.0,35585.0,46813.0,18324.20930232558,418787328.0,423493632.0,424182988.8,424370176.0,414218297.9258328,3091873414.0,3097613590.0,3098406834.8,3098612806.0,3087362479.1753616,319.0,319.0,319.0,319.0,318.89629164047767,3.0,3.0,3.0,3.0,3.0,15.02284729999883,14.970304899999974,106.21026162266092,1946219.064028397,0.0,live GameplayStatTracker; one-frame boundary uncertainty,87251,87251,0,14220,14220,0,418344960,408649728,-9695232,1729279552,1729399651,120099,3569065984,3569065984,0,1403,1404,1,1403,1404,1,1403,1404,1,-1,1,3840,2160,River,480,732,79,69,97,50,1.0,1.0,False,False,False,False,False,False,161.34390000000002,14.991636500000823,0.0,0.0,0.0,0.0,0,,,
town-developed-no-taste-r2,1604,15.0,5.0,Editor,45.90890184044838,8.886349999556842,11.773585001355968,13.482131001328526,39.305300000705756,9.33969993765597,8.887397591024637,11.768928123638034,13.449767818674445,39.25279900431633,9.339927490730943,8.89245,11.76058,13.500461999999999,39.3208,9.336229052369077,2.7369,5.130439999999999,5.898214,30.788899999999998,3.0309643391521197,0.22094999999999998,2.4500399999999996,2.843561,3.0934999999999997,0.44457125935162095,0.434176,1.2267007999999993,1.5378944,1.905664,0.47013538154613466,0.0,0.0,0.0,0.0,0.0,16399.0,33292.0,35568.0,37511.0,18303.86221945137,416733184.0,435931340.8,436695040.0,436912128.0,421652344.6583541,3089987452.0,3110259068.2,3111109385.0,3111357753.0,3094918507.526808,319.0,319.0,319.0,319.0,319.0,3.0,3.0,3.0,3.0,3.0,15.032126300000527,14.971770500000275,107.06816538498039,1959760.9472961135,0.0,live GameplayStatTracker; one-frame boundary uncertainty,87251,87251,0,14220,14220,0,431058944,419688448,-11370496,1730037927,1730012354,-25573,3569065984,3569065984,0,1404,1405,1,1404,1405,1,1404,1405,1,-1,1,3840,2160,River,480,732,79,69,97,50,1.0,1.0,False,False,False,False,False,False,146.2075,14.996995100000277,0.0,0.0,0.0,0.0,0,,,
town-developed-no-taste-r3,1596,15.0,5.0,Editor,42.10199788212776,8.92924999971001,11.779525000747526,13.35275500105126,42.673300000387826,9.389780137845085,8.936649654060602,11.864025378599763,13.478704448789358,40.766000747680664,9.38892783422051,8.943850000000001,11.713175,13.334434999999997,42.6353,9.386320112781954,2.7341499999999996,5.114649999999999,5.834219999999998,34.2149,3.0418182957393483,0.21869999999999998,2.4216499999999996,2.7898499999999995,3.0181999999999998,0.4472162280701754,0.427008,0.990208,1.5249919999999997,1.631232,0.44807827568922304,0.0,0.0,0.0,0.0,0.0,16399.0,33309.0,34033.0,46038.0,18313.04573934837,427081728.0,448428032.0,449204428.8,449388544.0,430164735.358396,3100355881.0,3123001703.0,3123857523.8,3124062371.0,3103484238.1754384,319.0,319.0,319.0,319.0,319.0,3.0,3.0,3.0,3.0,3.0,15.031432199999472,14.97730109999975,106.49448718100665,1950238.4147342234,0.0,live GameplayStatTracker; one-frame boundary uncertainty,87251,87251,0,14220,14220,0,446390272,432087040,-14303232,1730673717,1730413731,-259986,3569065984,3569065984,0,1405,1406,1,1405,1406,1,1405,1406,1,-1,1,3840,2160,River,480,732,79,69,97,50,1.0,1.0,False,False,False,False,False,False,148.904,14.99857990000055,0.0,0.0,0.0,0.0,0,,,
town-developed-r1,1426,15.0,5.0,Editor,66.4282962679863,9.7414500000923,13.18712500028596,19.85300000001189,66.44039999991946,10.464414516129212,9.75494971498847,13.276077108457685,19.857701379805803,66.4282962679863,10.465965503735303,9.7668,13.176175,19.85515,66.4559,10.460319495091163,2.9715,5.819299999999999,12.55595,57.4591,3.772014866760168,0.2296,2.7186500000000002,3.124425,3.9425999999999997,0.4886276297335203,0.42803199999999997,1.2204031999999994,1.5588966399999997,1.933312,0.44967396982456137,0.0,0.0,0.0,0.0,0.0,16399.0,34861.0,46874.75,369872.0,22583.304347826088,340819968.0,356948992.0,358020096.0,358322176.0,344705816.7741935,3000999181.0,3026719043.0,3027876905.0,3028219579.0,3007820306.8737726,319.0,319.0,319.0,319.0,319.0,3.0,3.0,3.0,3.0,3.0,15.024937000000136,14.911872600000606,95.56143874243816,2158093.05503662,558.205335569788,not observed; save counters deliberately omitted,87155,87155,0,14220,14220,0,347303936,343953408,-3350528,1722228341,1717010431,-5217910,3569065984,3569065984,0,1354,1355,1,1354,1355,1,1354,1355,1,-1,0,3840,2160,River,480,737,79,69,97,50,1.0,1.0,False,False,False,False,True,True,153.22660000000002,,,,,,,,,
town-developed-r2,1442,15.0,5.0,Editor,43.877799063920975,10.131000000001222,13.339679999580767,14.841555000202783,17.73259999936272,10.389112413314717,10.138300713151693,13.31742061302066,14.831385258585208,17.73950457572937,10.388680855161025,10.10305,13.282365,14.691574999999997,17.6805,10.385146047156727,3.0,5.56429,6.456491999999997,8.018799999999999,3.3575434812760054,0.2412,2.72492,3.1585269999999994,3.855,0.4995002773925104,0.40038399999999996,0.8999424000000001,1.562685439999997,2.9624319999999997,0.4221564244105409,0.0,0.0,0.0,0.0,0.0,16399.0,34861.0,42447.31999999994,379199.0,19972.53675450763,367792128.0,381971251.2,383336243.2,383680512.0,369862153.23162276,3031036008.0,3046454698.8,3047689417.4,3048061547.0,3033109785.824549,319.0,319.0,319.0,319.0,318.8821081830791,3.0,3.0,3.0,3.0,3.0,15.032583799999884,14.970315199999277,96.25715829951727,1922499.6320215678,99.98281200335046,not observed; save counters deliberately omitted,87161,87161,0,14220,14220,0,361947136,385314816,23367680,1718189191,1720751105,2561914,3569065984,3569065984,0,1357,1357,0,1357,1357,0,1357,1357,0,-1,0,3840,2160,River,480,732,79,69,97,50,1.0,1.0,False,False,False,False,True,True,117.3104,,,,,,,,,
town-developed-r3,1491,15.0,5.0,Editor,38.49800303578377,9.654299999965588,13.012349999826256,14.66881000005742,33.851899999717716,10.052199664654303,9.67379566282034,13.056349474936724,14.464372023940086,30.827395617961884,10.05184869416243,9.7016,13.00865,14.651189999999994,33.7253,10.048445271629777,2.9436999999999998,5.734999999999999,6.597819999999998,9.5635,3.3353268276324615,0.2362,2.60215,3.0125999999999986,3.3486,0.4856676056338028,0.447488,1.235456,1.3404159999999998,1.7664,0.4791777303822937,0.0,0.0,0.0,0.0,0.0,16399.0,34844.0,41962.09999999991,51592.0,19573.044936284372,395182080.0,408418304.0,409831014.4,410181632.0,396143186.7578806,3069956851.0,3084467387.0,3086013161.4,3086379835.0,3070946211.228035,319.0,319.0,319.0,319.0,319.0,3.0,3.0,3.0,3.0,3.0,15.029506999999285,14.979684899999484,99.46804688795899,1946892.5514624622,99.60406552257976,not observed; save counters deliberately omitted,87161,87161,0,14220,14220,0,389378048,323887104,-65490944,1730060041,1716599251,-13460790,3569065984,3569065984,0,1359,1360,1,1359,1360,1,1359,1360,1,-1,0,3840,2160,River,480,732,79,69,97,50,1.0,1.0,False,False,False,False,True,True,162.399,,,,,,,,,
town-fresh-r1,1648,15.0,5.0,Editor,36.41220182180405,8.91044999980295,11.588609999535034,13.022195999874382,30.09939999992639,9.0926509708739,8.911497425287962,11.584441643208264,13.061677487567064,28.062202036380768,9.09343168186928,8.91355,11.52928,12.957610999999998,30.057699999999997,9.089141808252426,2.9796,4.832784999999998,5.789712999999998,21.429,3.198919235436893,0.46754999999999997,2.2573749999999992,2.6099509999999997,3.1944999999999997,0.640697390776699,0.421888,1.0946559999999999,1.156096,1.5749119999999999,0.44559347572815533,0.0,0.0,0.0,0.0,0.0,19401.0,33782.0,33836.12,43786.0,20887.492718446603,345229312.0,362600857.6,363590123.52,363839488.0,346998137.78640777,3000373625.0,3031263500.6,3032412341.24,3032700691.0,3003390962.8549757,212.0,212.0,212.0,212.0,211.8628640776699,3.0,3.0,3.0,3.0,3.0,15.026811899999302,14.975806399999783,109.97738325463554,2297151.791925011,0.0,not observed; save counters deliberately omitted,70118,70118,0,10253,10253,0,361226240,354291712,-6934528,1724668129,1713053971,-11614158,3569065984,3569065984,0,1355,1356,1,1355,1356,1,1355,1356,1,-1,1,3840,2160,River,0,1,0,0,2,0,1.0,1.0,False,False,False,False,False,False,93.3001,,,,,,,,,
town-fresh-r2,1642,15.0,5.0,Editor,38.04170340299606,9.035649999532325,11.385955000423563,12.360299999681933,16.134100000272156,9.121831425091486,9.050850290805101,11.391166830435393,12.395695177838176,16.136806458234787,9.123199585037948,9.0437,11.354869999999998,12.497203999999996,16.3247,9.118367052375152,3.0183,4.824474999999999,5.411005999999994,7.0291999999999994,3.1913789281364187,0.48119999999999996,2.2212749999999994,2.5172699999999995,3.2624999999999997,0.650211084043849,0.43724799999999997,1.072128,1.17308416,1.540096,0.4542531303288672,0.0,0.0,0.0,0.0,0.0,19401.0,33514.35,34187.0,39079.0,20890.130328867235,378128384.0,391146496.0,392766914.56,393175040.0,379131462.47015834,3034975057.0,3049766393.0,3051543323.56,3051990833.0,3035977926.4756393,212.0,212.0,212.0,212.0,212.0,3.0,3.0,3.0,3.0,3.0,15.020753400000103,14.967029299999922,109.6409960258452,2290414.696366721,0.0,not observed; save counters deliberately omitted,70118,70118,0,10253,10253,0,370442240,394473472,24031232,1711098523,1715044699,3946176,3569065984,3569065984,0,1358,1358,0,1358,1358,0,1358,1358,0,-1,1,3840,2160,River,0,1,0,0,2,0,1.0,1.0,False,False,False,False,False,False,88.22710000000001,,,,,,,,,
town-fresh-r3,1651,15.0,5.0,Editor,36.375802010297775,8.900399999220099,11.370950000127777,12.77624999966065,32.85929999947257,9.073448940036595,8.907504379749298,11.400800663977861,13.01340339705348,30.23489937186241,9.072325490798681,8.901,11.3383,12.75245,32.8425,9.069634766807996,2.9794,4.983,5.6301499999999995,24.0672,3.1944008479709267,0.46559999999999996,2.2958999999999996,2.63,2.9907999999999997,0.6424760145366444,0.447488,1.11616,1.171456,1.229824,0.4586589654754694,0.0,0.0,0.0,0.0,0.0,19401.0,33782.0,33838.0,44522.0,20883.079951544518,325009408.0,333996032.0,334501888.0,334643200.0,327014093.6062992,2980627453.0,3002256220.0,3002919532.0,3003100284.0,2986254764.049667,212.0,212.0,212.0,212.0,211.89218655360386,3.0,3.0,3.0,3.0,3.0,15.020100699999603,14.972231900000224,110.2040103987419,2301399.1601377707,0.0,not observed; save counters deliberately omitted,70118,70118,0,10253,10253,0,331112448,327819264,-3293184,1723409078,1712370314,-11038764,3569065984,3569065984,0,1360,1361,1,1360,1361,1,1360,1361,1,-1,1,3840,2160,River,0,1,0,0,2,0,1.0,1.0,False,False,False,False,False,False,74.46600000000001,,,,,,,,,
ui-cycles-1,1707,45.0,5.0,Editor,181.0906082391739,12.466100000892766,83.89423999960853,170.88001000014637,182.55479999970703,26.330066022261608,13.442602008581161,73.76085370779023,169.24798190593725,181.0906082391739,26.308473779022798,12.6717,80.90420999999999,162.44285000000002,171.4621,26.323804920913883,3.6500999999999997,42.71089,140.886348,147.4334,12.404614176918571,0.3418,3.0865799999999983,3.5061640000000005,6.0857,0.8491297598125366,0.284672,0.9745407999999998,2.9316710400000017,4.7871999999999995,0.3985981411833626,0.0,0.0346,0.05186200000000012,0.2839,0.007321792618629174,25724.0,913862.0,1258187.4800000002,1533517.0,135222.0632688928,420458496.0,434764595.2,438739025.92,441409536.0,420633419.43526655,9829595982.0,9995177335.8,10017817176.06,10027558304.0,9838399229.408905,355.0,384.0,757.0,757.0,358.77387229056825,3.0,3.0,3.0,3.0,3.0,45.028752299998814,44.92592440000044,37.973620415921445,5134871.302430648,99.80289860263613,live GameplayStatTracker; one-frame boundary uncertainty,87377,87496,119,14220,14220,0,405823488,427868160,22044672,3746908295,3885003927,138095632,6790881280,6790881280,0,1469,1473,4,1469,1473,4,1469,1473,4,-1,1,3840,2160,River,480,732,79,69,97,50,1.0,1.0,False,False,False,False,True,True,187.01420000000002,44.92597009999918,0.0,0.0,0.0,0.0,0,0.0,44.923919700000624,
ui-cycles-2,1626,45.0,5.0,Editor,250.66110491752625,13.131149999935587,85.98727499929737,169.46825000013632,255.3422999990289,27.648405965559448,14.388247393071651,76.63912698626518,168.42790320515633,250.66110491752625,27.64321749269284,13.75305,83.79599999999999,162.57795,206.29559999999998,27.644767527675274,3.76965,43.36615,138.71325,168.3563,12.907933579335793,0.3488,3.1204,3.54725,4.076,0.8797593480934809,0.25856,0.919808,3.442176,6.3068159999999995,0.38775402398523984,0.0,0.036199999999999996,0.052375,0.3293,0.007931672816728167,29117.0,913862.0,1260399.75,12098029.0,147320.12853628537,425107456.0,444002304.0,449490944.0,452485120.0,426180041.2103321,9835973181.5,10018344597.25,10047323719.0,10060260742.0,9852562792.346249,355.0,384.0,757.0,757.0,359.1359163591636,3.0,3.0,3.0,3.0,3.0,45.03944960000081,44.939930799999274,36.159379221830626,5327004.394752374,99.73478894377784,live GameplayStatTracker; one-frame boundary uncertainty,87377,87496,119,14220,14220,0,410382336,434089984,23707648,3751302893,3851239633,99936740,6790881280,6790881280,0,1475,1479,4,1475,1479,4,1475,1479,4,-1,1,3840,2160,River,480,732,79,69,97,50,1.0,1.0,False,False,False,False,True,True,141.91150000000002,44.96612540000024,0.0,0.0,0.0,0.0,0,0.0,44.96400889999859,
ui-cycles-3,1645,45.0,5.0,Editor,192.24290549755096,13.127199999871664,85.70756000008258,166.4000799993664,194.03629999942495,27.325423100303002,14.348497614264488,74.49777871370316,166.06023073196405,192.24290549755096,27.33308377429435,13.681899999999999,84.15952,158.04356799999994,245.6265,27.321203404255318,3.762,43.243779999999994,136.41494799999998,159.8234,12.799753920972643,0.34759999999999996,3.1596399999999996,3.5092639999999995,4.084099999999999,0.8795379331306991,0.263168,0.9842687999999998,2.62418432,5.772288,0.38954141519756835,0.0,0.0354,0.05151199999999999,0.1752,0.007442674772036474,29149.0,913862.0,1258300.8,1533517.0,139013.31489361703,428085248.0,445503897.6,450494955.52,453873664.0,429203575.51854104,9868699822.0,10037318496.8,10064497797.52,10070986435.0,9873184695.196352,355.0,384.0,757.0,757.0,359.16048632218843,3.0,3.0,3.0,3.0,3.0,45.033538300000146,44.93563529999847,36.585662782429964,5085894.260965622,100.08096565665562,live GameplayStatTracker; one-frame boundary uncertainty,87377,87495,118,14220,14220,0,414146560,432037888,17891328,3754230055,3781873174,27643119,6790881280,6790881280,0,1481,1485,4,1481,1485,4,1481,1485,4,-1,1,3840,2160,River,480,732,79,69,97,50,1.0,1.0,False,False,False,False,True,True,147.7661,44.98033480000049,0.0,0.0,0.0,0.0,0,0.0,44.97828600000139,
ui-retained-1,973,10.0,5.0,Editor,44.47069764137268,10.037000000011176,13.229299999511566,14.829883999336742,16.533199999685166,10.25410863309413,10.034899227321148,13.254940323531628,14.749939963221545,16.544600948691368,10.255923851719556,10.021899999999999,13.213739999999998,14.728015999999995,16.468999999999998,10.250369578622816,3.0683,5.516179999999999,6.160736,6.8019,3.370294758478931,0.2397,2.6401199999999996,2.9446399999999993,3.5315,0.49698735868448096,0.44646399999999997,1.2873727999999998,1.5562751999999995,1.809408,0.4987900822199383,0.0,0.0,0.0,0.0,0.0,16399.0,33309.0,39123.999999999956,45342.0,19650.105858170606,405082112.0,406804070.4,406991339.52,407040000.0,405115595.6423433,9714734929.0,9717262934.8,9717532132.88,9717606138.0,9714766512.453238,319.0,319.0,319.0,319.0,318.9331963001028,3.0,3.0,3.0,3.0,3.0,10.025188999999955,9.96439250000003,97.5473416969471,1916815.59052815,99.74874289153097,live GameplayStatTracker; one-frame boundary uncertainty,87491,87491,0,14220,14220,0,403406848,408670208,5263360,3763878332,3765731108,1852776,6790881280,6790881280,0,1474,1474,0,1474,1474,0,1474,1474,0,-1,1,3840,2160,River,480,734,79,69,97,50,1.0,1.0,False,False,False,False,True,True,141.2349,9.993023700000776,0.0,0.0,0.0,0.0,0,0.0,9.990857999999207,
ui-retained-2,935,10.0,5.0,Editor,41.37960076332092,10.342800000216812,13.151900000229944,15.18509799905587,16.51289999972505,10.673348449197748,10.29720064252615,13.251307420432568,14.978699255734675,16.661303117871284,10.672281714365445,10.3211,13.026349999999999,15.166055999999998,16.5061,10.669041711229946,3.11,5.69262,6.536435999999997,7.7359,3.4664939037433156,0.2443,2.77534,3.0730519999999997,3.3261,0.521447807486631,0.45772799999999997,1.286144,1.3960191999999998,1.8841599999999998,0.512698713368984,0.0,0.0,0.0,0.0,0.0,16399.0,35568.0,35641.0,47618.0,19794.563636363637,406384640.0,408155340.8,408365711.36,408416256.0,406452029.0566845,9707049105.0,9709628945.0,9709808805.8,9709855649.0,9707117080.462032,319.0,319.0,319.0,319.0,319.0,3.0,3.0,3.0,3.0,3.0,10.025918199999069,9.97075969999969,93.67390530934459,1854234.0797125231,100.24019545662095,live GameplayStatTracker; one-frame boundary uncertainty,87491,87491,0,14220,14220,0,404697088,410046464,5349376,3754916083,3756604363,1688280,6790881280,6790881280,0,1480,1480,0,1480,1480,0,1480,1480,0,-1,1,3840,2160,River,480,734,79,69,97,50,1.0,1.0,False,False,False,False,True,True,137.0291,9.993685699999332,0.0,0.0,0.0,0.0,0,0.0,9.991690700000618,
ui-retained-3,939,10.0,5.0,Editor,45.01759633421898,10.293600000295555,13.503680000576422,15.142223999828277,18.041600000287872,10.627459531416372,10.301997885107994,13.541259430348873,15.005496088415384,17.686203122138977,10.629920341487065,10.2578,13.504579999999999,15.174004000000002,18.0074,10.623524494142705,3.0898,5.70688,6.593726,7.6335,3.444894249201278,0.24109999999999998,2.82277,3.0649019999999996,3.4896,0.5153546325878594,0.41164799999999996,0.9689087999999989,1.3594828799999998,1.9128319999999999,0.43586739829605964,0.0,0.0,0.0,0.0,0.0,16399.0,34861.0,41299.0,47584.0,19766.18423855165,412168192.0,413618995.2,413806018.56,413843456.0,412262142.63684773,9716082112.0,9718321851.2,9718594983.36,9718651504.0,9716172760.810436,319.0,319.0,319.0,319.0,318.9233226837061,3.0,3.0,3.0,3.0,3.0,10.025746799999979,9.969327999999223,94.0885885187119,1859772.3754061349,100.34165235451609,live GameplayStatTracker; one-frame boundary uncertainty,87491,87491,0,14220,14220,0,411107328,415473664,4366336,3758167682,3759973018,1805336,6790881280,6790881280,0,1486,1486,0,1486,1486,0,1486,1486,0,-1,1,3840,2160,River,480,734,79,69,97,50,1.0,1.0,False,False,False,False,True,True,133.21380000000002,9.994748199998867,0.0,0.0,0.0,0.0,0,0.0,9.992707600000358,
