name,calls,inclusive_ms,self_ms,max_inclusive_ms,frames
"EditorLoop",1564,11313.606188091915,11313.606188091915,183.9215087890625,391
"Profiler.FlushMemoryCounters",391,262.8986988067627,262.89559880687011,0.95679998397827148,391
"Assembly-CSharp.dll!TimelessEchoes.MapGeneration::SegmentedMapGenerator.GenerateSegmentAsync() [Coroutine: MoveNext] [Invoke]",63,314.21570026734844,258.20780047398148,58.982398986816406,391
"GarbageCollector.CollectIncremental",391,299.19579787564,216.24759955715854,72.574996948242188,391
"Inl_On Record Render Graph",1173,175.54869953542948,172.35299957857205,0.43349999189376831,391
"Assembly-CSharp.dll!TimelessEchoes.Upgrades::CauldronManager.TasteTickCoroutine() [Coroutine: MoveNext] [Invoke]",112,167.24869894981384,161.06949907337548,3.2892000675201416,391
"CanvasUpdate.PreRender",391,211.13360057771206,136.69050153705757,57.9192008972168,391
"WaitForJobGroupID",10076,180.42429921546136,126.77169948586379,3.1085999011993408,391
"GC.Collect",4,105.47859764099121,105.47859764099121,32.162498474121094,391
"UnityEngine.UI.dll!UnityEngine.EventSystems::EventSystem.Update() [Invoke]",391,78.85089960694313,78.49549961386947,0.56889998912811279,391
"Assembly-CSharp.dll!TimelessEchoes.Hero::EchoController.Update() [Invoke]",2067,147.8590995632112,68.674900149795576,1.6348999738693237,391
"Unaccounted time between: Profiler.SessionMetadata and PlayerLoop",1,59.417900085449219,59.417900085449219,59.417900085449219,391
"Assembly-CSharp.dll!TimelessEchoes::GameManager.Update() [Invoke]",391,54.201599644147791,51.300099714899261,0.6654999852180481,391
"Assembly-CSharp.dll!TimelessEchoes.Hero::HeroBase.Update() [Invoke]",391,53.695100013166666,45.707000040616549,1.7638000249862671,391
"Inl_RenderCameraStack",1173,810.43919712596107,40.485999652810278,2.4184999465942383,391
"Profiler.CollectUIStats",391,40.036599792540073,40.036599792540073,0.36469998955726624,391
"SpriteRenderer.OnChangeSprite",12583,40.098799787054304,39.6941997926333,0.59249997138977051,391
"Tilemap.UpdateTileAnimation()",4301,36.332299864894594,36.332299864894594,0.32400000095367432,391
"EarlyUpdate.UpdateCanvasRectTransform",391,35.290599826723337,35.290599826723337,0.35609999299049377,391
"UGUI.Rendering.UpdateBatches",391,391.05009962618351,34.622401615022682,58.222999572753906,391
"AstarPathfindingProject.dll!Pathfinding.RVO::RVOSimulator.Update() [Invoke]",391,58.53839984536171,32.865199948195368,0.39320001006126404,391
"CanvasUpdate.Layout",391,38.182299873929878,32.41289987941127,0.85979998111724854,391
"DrawScreenSpaceUI",782,53.987999826669693,30.530999932903796,0.39469999074935913,391
"OnUpdate",3300,31.520599855728506,29.190199888362258,0.29499998688697815,391
"TMP.SetArraySizes",1703,26.991399840451777,26.989299840504827,0.20280000567436218,391
"UnityEngine.TilemapModule.dll!UnityEngine.Tilemaps::ITilemap.GetAllTileData() [Invoke]",384,26.980599943548441,26.980599943548441,0.37450000643730164,391
"UIEvents.UpdateCanvasRectTransform",391,26.946799967437983,26.946799967437983,0.22630000114440918,391
"Inl_NRPRGComp_ExecuteBeginRenderpassCommand",5474,26.86369987251237,26.86369987251237,0.14869999885559082,391
"Calling Path Callbacks",394,29.647299861884676,26.54639988202689,0.24029999971389771,391
"Unity.Cinemachine.dll!Unity.Cinemachine::CinemachineBrain.LateUpdate() [Invoke]",391,25.29389999806881,25.29389999806881,0.31240001320838928,391
"TilemapRenderer.DistributeJobs",744,24.917899828404188,23.470799843635177,0.29139998555183411,391
"Inl_UniversalRenderTotal",391,841.47339761257172,22.632900557655375,3.3447000980377197,391
"Inl_UniversalRenderPipeline.RenderSingleCameraInternal: BGCamera",391,175.18879985809326,22.072300322208321,0.77380001544952393,391
"UGUI.Rendering.EmitWorldScreenspaceCameraGeometry",782,21.577399900648743,21.577399900648743,0.29249998927116394,391
"TransformChangeSystem",152739,35.380199621249631,21.185599709948292,0.31119999289512634,391
"GameObject.ActivateAwakeRecursively",6871,71.7459996646503,20.508199961564969,0.66350001096725464,391
"Assembly-CSharp.dll!TimelessEchoes.Buffs::BuffUIManager.Update() [Invoke]",391,20.062199995853007,19.391300011207932,0.65210002660751343,391
"UpdateScene",391,2443.5795936584473,19.229611944290809,81.5884017944336,391
"TMP GenerateText - Phase II",1537,18.25309990067035,18.25309990067035,0.16779999434947968,391
"Inl_UniversalRenderPipeline.RenderSingleCameraInternal: Main Camera",391,281.19119888544083,18.248099513759371,1.3839999437332153,391
"PostLateUpdate.MemoryFrameMaintenance",391,18.059199899435043,18.059199899435043,0.21539999544620514,391
"TMP GenerateText - Phase I",1537,38.349699791520834,17.815100198895379,0.28580000996589661,391
"Assembly-CSharp.dll!TimelessEchoes.Upgrades::RunBreakdownManager.Update() [Invoke]",391,17.689899865537882,17.43189987205551,0.58050000667572021,391
"Inl_ComputeHashRenderGraph",1173,17.315599934197962,17.315599934197962,0.22849999368190765,391
"UnityEngine.TilemapModule.dll!UnityEngine.Tilemaps::ITilemap.FindAllRefreshPositions() [Invoke]",384,62.397999815642834,16.909599947124661,0.504800021648407,391
"Inl_UniversalRenderPipeline.RenderSingleCameraInternal: UI Cam",391,154.76239934563637,16.829899742355337,0.68870002031326294,391
"Canvas.BuildBatch",2764,16.24609992322803,16.245499923243187,0.17779999971389771,391
"BehaviourUpdate",391,713.66199922561646,16.136101716328994,12.401200294494629,391
"GetComponentNullErrorWrapper",10950,15.343299807391304,14.534099820310075,0.24670000374317169,391
"Destroy previous nodes",3,14.070700168609619,14.070700168609619,4.874000072479248,391
"UnityEngine.UIModule.dll!UnityEngine::Canvas.SendPreWillRenderCanvases() [Invoke]",391,13.900499923154712,13.900499923154712,0.086999997496604919,391
"Read agent data",391,13.873899929225445,13.873899929225445,0.28580000996589661,391
"GC.Alloc",372336,13.546699694226845,13.546699694226845,0.17339999973773956,391
"Assembly-CSharp.dll!TimelessEchoes::Projectile.Update() [Invoke]",23,20.28890002053231,13.296400063474721,2.2404000759124756,391
"Inl_UniversalRenderPipeline.InitializeAdditionalCameraData",1564,13.2610998833552,13.2610998833552,0.27199998497962952,391
"Assembly-CSharp.dll!TimelessEchoes.NpcGeneration::AlterEchoGenerationManager.Update() [Invoke]",391,13.403099976480007,13.104899983954965,0.17499999701976776,391
"Inl_UniversalRenderPipeline.CreateCameraData",1173,21.378099880181253,13.019799930043519,0.26429998874664307,391
"UnityEngine.TilemapModule.dll!UnityEngine.Tilemaps::ITilemap.GetAllTileAnimationData() [Invoke]",384,12.927499931305647,12.927499931305647,0.078599996864795685,391
"Submit Gizmos",1173,20.244699908420444,12.788899932987988,0.267300009727478,391
"Inl_NRPRGComp_ExecuteInitializeResources",12121,12.765499901746807,12.765499901746807,0.25009998679161072,391
"Inl_ScriptableRenderContext.Submit",1173,113.3855996876955,12.681600124022225,0.49540001153945923,391
"Inl_ScriptableRenderer.SetPerCameraShaderVariables",1173,12.327099923975766,12.327099923975766,0.15680000185966492,391
"AIPath",391,54.518299859017134,11.964100057455653,0.43740001320838928,391
"CoroutinesDelayedCalls",2321,548.76589833316393,11.750400026729039,60.369598388671875,391
"Main Thread",391,15040.11340045929,11.480817986506736,196.95640563964844,391
"Unity.2D.Animation.Runtime.dll!UnityEngine.U2D.Animation::SpriteResolver.LateUpdate() [Invoke]",2959,15.759599933808204,11.327399952511769,0.31499999761581421,391
"Inl_ExecuteRenderGraph",1173,154.45759961009026,10.918100525581394,0.45140001177787781,391
"TMP GenerateText - Phase III",1537,10.84229992562905,10.840499925645418,0.26359999179840088,391
"Inl_NRPRGComp_ExecuteDestroyResources",12121,10.69479988860985,10.69479988860985,0.18950000405311584,391
"Inl_CompileRenderGraph",1173,10.013799948152155,10.013799948152155,0.089699998497962952,391
"SpriteRenderer.PrepareNode",1973,9.9704999463865533,9.9704999463865533,0.25529998540878296,391
"Assembly-CSharp.dll!TimelessEchoes.Gear.UI::ForgeWindowUI.LateUpdate() [Invoke]",391,9.93620000492956,9.5619000103179133,0.40880000591278076,391
"GetComponentNullErrorMessage",10920,9.2129997762385756,9.2129997762385756,0.14169999957084656,391
"UnityEngine.CoreModule.dll!UnityEngine.Rendering::RenderPipelineManager.DoRenderLoop_Internal() [Invoke]",391,850.60009825229645,9.1267006397247314,3.372499942779541,391
"QFSW.QC.dll!QFSW.QC::QuantumConsole.Update() [Invoke]",391,8.97339996881783,8.97339996881783,0.27480000257492065,391
"Assembly-CSharp.dll!TimelessEchoes.Enemies::Enemy.Update() [Invoke]",2956,8.81209997786209,8.6796999780999613,0.34790000319480896,391
"Cull 2D Lights and Shadow Casters",1173,8.6338999541476369,8.6338999541476369,0.26570001244544983,391
"Inl_CopyDepth",1173,8.552099944325164,8.552099944325164,0.15389999747276306,391
"ExecuteRenderGraph",1173,94.622299568727612,8.4761999310721876,0.47819998860359192,391
"Inl_ColorGradingLUT",391,8.4693999662995338,8.4693999662995338,0.22660000622272491,391
"Inl_UniversalRenderPipeline.InitializeStackedCameraData",1173,8.3582999501377344,8.3582999501377344,0.17309999465942383,391
"RenderPlayModeViewCameras",391,893.90509760379791,8.356899524180335,3.5643000602722168,391
"Animator.WriteProperties",14337,37.805799833266065,8.30019999641081,0.59320002794265747,391
"Inl_BlitFinalToBackBuffer",782,8.2228999435901642,8.2228999435901642,0.056899998337030411,391
"Material.SetPassFast",5751,8.2984999394684564,8.0073999469459523,0.071500003337860107,391
"CopyDepth",1173,8.6654999665915966,7.9691999907445279,0.27020001411437988,391
"Assembly-CSharp.dll!TimelessEchoes.Enemies::EnemyActivator.LateUpdate() [Invoke]",391,8.7979999473318458,7.9604999574366957,0.15639999508857727,391
"SceneCulling",1173,46.880899842828512,7.7606000524247065,0.36100000143051147,391
"Inl_RecordRenderGraph",1173,183.55719954520464,7.7355000174575252,0.43970000743865967,391
"UnityEngine.CoreModule.dll!UnityEngine::RectTransform.SendReapplyDrivenProperties() [Invoke]",4141,7.650299938977696,7.6489999390105368,0.35589998960494995,391
"Unity.Cinemachine.dll!Unity.Cinemachine::CinemachineBrain.AfterPhysics() [Coroutine: MoveNext] [Invoke]",757,7.6022999739507213,7.6022999739507213,0.17700000107288361,391
"Unity.ResourceManager.dll!::MonoBehaviourCallbackHooks.LateUpdate() [Invoke]",2737,7.9757999515204574,7.5644999617070425,0.16089999675750732,391
"AudioSource.Update",782,7.3738999683409929,7.3738999683409929,0.15600000321865082,391
"UnityEngine.UIModule.dll!UnityEngine::Canvas.SendWillRenderCanvases() [Invoke]",391,313.47739837318659,7.2812979740556329,57.948398590087891,391
"UnityEngine.InputModule.dll!UnityEngineInternal.Input::NativeInputSystem.NotifyBeforeUpdate() [Invoke]",1539,8.2537999509149813,7.2727999568596715,0.15539999306201935,391
"Inl_UniversalRenderPipeline.SetupPerCameraShaderConstants",1173,7.1358999665826559,7.1358999665826559,0.25740000605583191,391
"Inl_Renderer2D Pass",1173,7.065899973269552,7.065899973269552,0.25940001010894775,391
"Unity.TextMeshPro.dll!TMPro::TextMeshProUGUI.OnEnable() [Invoke]",648,7.1650999570265412,6.7133999656070955,0.275299996137619,391
"CullScriptable",1173,157.16769962012768,6.7046003948562429,0.66530001163482666,391
"AssetDatabase.GetAssetPathToGUIDV2",3128,6.4554999413667247,6.4554999413667247,0.14820000529289246,391
"Inl_Setup Camera Properties",1173,18.756299913860857,6.4291999898850918,0.16820000112056732,391
"Assembly-CSharp.dll!TimelessEchoes.NpcGeneration::AlterEchoGeneratorUIManager.Update() [Invoke]",391,6.5344999544322491,6.395699957931356,0.26319998502731323,391
"Idle",59,6.3883000305431779,6.3883000305431779,0.28850001096725464,391
"QueuePrepareIntegrateMainThreadObjects",782,8.57999996014405,6.3408999699022388,0.18389999866485596,391
"TMP Parse Text",1703,33.291999824345112,6.2999999839084921,0.21250000596046448,391
"UnityEngine.IMGUIModule.dll!UnityEngine::GUIUtility.BeginGUI() [Invoke]",1173,11.770599937299266,6.2885999968057149,0.067500002682209015,391
"Audio.FMODSystemUpdate",391,8.35029995907098,6.1819999803556129,0.30860000848770142,391
"FindChildren",143,5.9643999859690666,5.9638999859816977,0.06120000034570694,391
"Animators.PrepareFirstPass",391,5.9409999726340175,5.9409999726340175,0.038300000131130219,391
"Main Thread Work",6,11.207199811935425,5.9126999486470595,2.01419997215271,391
"TilemapRenderer.CameraBoundsCheck",1173,30.140399847645313,5.8949999462929554,0.33950001001358032,391
"Inl_UniversalRenderPipeline.CreateRenderingData",1173,11.820599938742816,5.6389999481179984,0.26769998669624329,391
"TransformHandle.SetParent",520,16.767599936167244,5.4317999875856913,0.29109999537467957,391
"Assembly-CSharp.dll!TimelessEchoes.Buffs::BuffManager.Update() [Invoke]",391,10.512299970258027,5.4043000237143133,3.2514998912811279,391
"AudioManager.Update",391,21.111599940806627,5.3874000133946538,0.34409999847412109,391
"Physics2D.OverlapCircleAll",41149,5.3333998625021195,5.3333998625021195,0.0060000000521540642,391
"UnityEngine.CoreModule.dll!::UpdateFunction.Invoke() [Invoke]",782,5.0631999848410487,5.0631999848410487,0.29640001058578491,391
"DeformationManager.LateUpdate",391,5.06319997087121,5.0027999724625261,0.14699999988079071,391
"EditorConnection.CheckForIncomingConnections",391,4.9844999806955457,4.9844999806955457,0.17059999704360962,391
"RenderLoop.ScheduleDraw",1564,10.414799954509363,4.9709999929182231,0.27480000257492065,391
"LateBehaviourUpdate",391,90.464099913835526,4.9306001570803346,1.0640000104904175,391
"Setup Camera Properties",1173,4.8587999691953883,4.8587999691953883,0.25850000977516174,391
"UnityEngine.CoreModule.dll!UnityEngine::UnitySynchronizationContext.ExecuteTasks() [Invoke]",391,4.8987000277265906,4.7889000289869728,1.4328000545501709,391
"Assembly-CSharp.dll!TimelessEchoes.Hero::HeroAudio.PlayFarming() [Invoke]",130,5.5094000006429269,4.6328000035937293,0.34540000557899475,391
"VolumeManager.Update",1173,4.5901999894995242,4.5901999894995242,0.14200000464916229,391
"Inl_Initialize Frame",1173,7.0485999607481062,4.4674999646376818,0.054600000381469727,391
"GUI.Repaint",391,20.217499919235706,4.2382999961773749,0.3052000105381012,391
"TMP.GenerateText",811,35.214299861341715,4.2187000559642911,0.39460000395774841,391
"CullResults.CreateSharedRendererScene",1173,33.506099801044911,4.1943999716677354,0.3246999979019165,391
"EditorConnection.PollAllCustomMessages",391,4.1805999805219471,4.1805999805219471,0.014600000344216824,391
"Assembly-CSharp.dll!::CloudSpawner.Update() [Invoke]",391,4.276599982753396,4.13549998356757,0.26600000262260437,391
"TMP Save Glyph Vertex Data",12742,3.9925999293482164,3.9925999293482164,0.14839999377727509,391
"PostUpdateScreenManagerAndInput",391,3.9104999878909439,3.9104999878909439,0.44530001282691956,391
"Schedule",1173,3.8863999883178622,3.8863999883178622,0.013299999758601189,391
"Physics2D.TilemapColliderTileUpdate",391,3.7945000219842768,3.7945000219842768,0.88950002193450928,391
"Assembly-CSharp.dll!Blindsided.Utilities::SlicedFilledImage.OnDisable() [Invoke]",410,3.7569999764673412,3.7569999764673412,0.18029999732971191,391
"Animators.Update",782,105.816799685359,3.6854000701496261,0.75449997186660767,391
"Director.RegisterProcessFrameJobs",10160,3.6692999278748175,3.6692999278748175,0.16179999709129333,391
"UpdateScreenManagerAndInput",391,3.6432999758981168,3.6432999758981168,0.44269999861717224,391
"Assembly-CSharp.dll!TimelessEchoes.NpcGeneration::AlterEchoCropGrowth.Update() [Invoke]",6647,8.3603999207771267,3.6106999458788778,0.2572999894618988,391
"Assembly-CSharp.dll!Blindsided.Utilities::SlicedFilledImage.OnEnable() [Invoke]",416,3.6432000019121915,3.6058000028933748,0.04309999942779541,391
"Initialize Frame",1173,3.5627999667776749,3.5627999667776749,0.020199999213218689,391
"TMP Lookup Character & Glyph Data",16414,3.4091999356969609,3.4091999356969609,0.03060000017285347,391
"Inl_UpdateVolumeFramework",1173,7.9895999552682042,3.39939996576868,0.15039999783039093,391
"Profiler.FlushCountersWithFlushOnEndOfFrame",391,3.3986999718472362,3.3986999718472362,0.021700000390410423,391
"Animators.ApplyOnAnimatorMove",391,5.63199997972697,3.3888000374063267,0.16660000383853912,391
"UnityEngine.UI.dll!UnityEngine.UI::Image.OnEnable() [Invoke]",509,3.4303999780677259,3.37859997938358,0.12849999964237213,391
"EditorResources.Load",1564,9.8181999083608389,3.3626999669941142,0.15549999475479126,391
"Profiler.CollectAudioStats",782,3.6957999712321907,3.2942999728838913,0.14059999585151672,391
"Assembly-CSharp.dll!TimelessEchoes::FloatingText.Update() [Invoke]",728,9.1724999573780224,3.2366999911537278,0.39399999380111694,391
"Assembly-CSharp.dll!TimelessEchoes.UI::SettingsPanelUI.Update() [Invoke]",391,3.290099998615915,3.2247000003117137,0.7630000114440918,391
"Inl_UberPostProcess",391,3.2179999873042107,3.2179999873042107,0.15350000560283661,391
"Director.PrepareFrame",3469,25.797299937097705,3.2084000279282918,0.42320001125335693,391
"PrepareSceneNodes",1173,3.133799972711131,3.133799972711131,0.019199999049305916,391
"UnityEngine.UI.dll!UnityEngine.UI::Graphic.OnBeforeTransformParentChanged() [Invoke]",1160,3.1327999930363148,3.1324999930438935,0.017200000584125519,391
"UnityEngine.IMGUIModule.dll!UnityEngine::GUIUtility.SetSkin() [Invoke]",391,7.5586999487131834,3.1137999836355448,0.18279999494552612,391
"QFSW.QC.UI.dll!QFSW.QC.UI::BlurShaderController.LateUpdate() [Invoke]",391,3.10499998414889,3.10499998414889,0.14569999277591705,391
"Running Path Modifiers",2390,3.1003999798704172,3.1003999798704172,0.13840000331401825,391
"UI.RenderOverlays",391,3.2394999745301902,3.046799977106275,0.0421999990940094,391
"AnimatorControllerPlayable.PrepareFrame",519,3.0403999858535826,3.0403999858535826,0.034200001507997513,391
"Inl_Light2D Pass",391,2.9503999720327556,2.9503999720327556,0.11159999668598175,391
"BlitFinalToBackBuffer",782,3.14809998171404,2.9158999872452114,0.018699999898672104,391
"AudioManager.FixedUpdate",757,2.86099998519785,2.86099998519785,0.13369999825954437,391
"TMP Layout Text",726,39.305699951015413,2.8562001385726035,0.32600000500679016,391
"afterCullingOutputReady.Invoke",1173,3.1319999838015065,2.7988999880399206,0.073600001633167267,391
"Profiler2D.CaptureFrame",391,3.120199978351593,2.7703999881050549,0.051800001412630081,391
"Inl_UniversalRenderPipeline.CreateShadowData",1173,2.75289998750668,2.75289998750668,0.00559999980032444,391
"Assembly-CSharp.dll!TimelessEchoes.MapGeneration::SegmentedMapGenerator.ShiftSegments() [Coroutine: MoveNext] [Invoke]",12,71.008098929189146,2.693398410701775,14.690999984741211,391
"TilemapRenderer.CheckDirtyChunks",1173,9.4898999477736652,2.6384999930742197,0.25879999995231628,391
"RenderLoop.CleanupNodeQueue",5079,2.6085999666320276,2.6085999666320276,0.009100000374019146,391
"DelayedCallManager.CancelCallDelayed",4424,2.6052999566600192,2.6052999566600192,0.13099999725818634,391
"Unity.TextMeshPro.dll!TMPro::TextMeshProUGUI.OnDisable() [Invoke]",644,3.9718999736942351,2.5849999864585698,0.032899998128414154,391
"Inl_ScriptableRenderer.ClearRenderingState",1173,2.5810999961104244,2.5810999961104244,0.0502999983727932,391
"Inl_ScriptableRenderer.SetupCullingParameters",1173,11.202299951575696,2.5683999974280596,0.26829999685287476,391
"PrepareSceneCullingParameters",1173,3.6279999853577465,2.5531000051560113,0.20450000464916229,391
"EngineJob",11937,31.185299835509795,2.5480000169336563,0.28400000929832458,391
"Animators.ProcessGraphJob",391,19.077299926429987,2.4982999712228775,0.33050000667572021,391
"Assembly-CSharp.dll!TimelessEchoes.Hero::HeroController.HudDistanceCoroutine() [Coroutine: MoveNext] [Invoke]",63,2.9263999944087118,2.4942999969789525,0.26660001277923584,391
"Assembly-CSharp.dll!TimelessEchoes.Upgrades::CauldronManager.CustomYieldInstruction() [Coroutine: MoveNext] [Invoke]",10327,2.433699941568193,2.433699941568193,0.12269999831914902,391
"ColorGradingLUT",391,2.6878999834880233,2.4223999907262623,0.014499999582767487,391
"Inl_UniversalRenderPipeline.CreateLightData",1173,2.9542000136571005,2.4004000308414106,0.2614000141620636,391
"UnityEngine.IMGUIModule.dll!UnityEngine::GUIUtility.EndGUI() [Invoke]",1173,2.3719999885724974,2.3719999885724974,0.019500000402331352,391
"Inl_RenderPipeline.BeginCameraRendering",1173,2.3149999880697578,2.3149999880697578,0.2565000057220459,391
"Animator.ApplyOnAnimatorMove",14337,2.2431999423206435,2.2431999423206435,0.022499999031424522,391
"Assembly-CSharp.dll!TimelessEchoes.MapGeneration::ReapLineSystem.CheckReapDistance() [Invoke]",303,2.2390999925555661,2.2390999925555661,0.27210000157356262,391
"EarlyUpdate.InsightsUpdate",391,2.2306999762076885,2.2306999762076885,0.12129999697208405,391
"JobHandle.Complete",1582,27.20969975652406,2.2239998221048154,3.11299991607666,391
"Layout",391,40.744999804301187,2.2218999364486081,0.8903999924659729,391
"Pausing pathfinding",6,2.2204000148340128,2.2204000148340128,1.9987000226974487,391
"Animator.ProcessGraph",590,2.588699993386399,2.2062999984409544,0.24670000374317169,391
"Animators.PrepareSecondPass",391,2.1954999950248748,2.1954999950248748,0.15049999952316284,391
"Profiler.CollectPhysicsStats",382,2.1735999854281545,2.1735999854281545,0.009100000374019146,391
"PlayableOutput.PrepareFrame",580,5.2037999636231689,2.1633999777695863,0.038300000131130219,391
"Finalize",2979,2.1616999718098668,2.1616999718098668,0.25339999794960022,391
"TMP Compute Text Metrics",16414,2.1386999570750049,2.1386999570750049,0.037500001490116119,391
"ALINE",2346,23.210799889093323,2.1359000070515322,0.2953999936580658,391
"Assembly-CSharp.dll!TimelessEchoes.Hero::HeroAudio.PlayWoodcutting() [Invoke]",90,2.5261000159371179,2.0916000206198078,0.083700001239776611,391
"UnityEngine.UI.dll!UnityEngine.UI::CanvasScaler.OnDisable() [Invoke]",407,2.1348999809124507,2.0863999821594916,0.064300000667572021,391
"EndRenderQueueExtraction",1173,25.72289984474628,2.0369999690665281,0.29789999127388,391
"UnityEngine.UI.dll!UnityEngine.UI::HorizontalOrVerticalLayoutGroup.Update() [Invoke]",13685,2.0341999499432859,2.0341999499432859,0.013199999928474426,391
"UnityEngine.UI.dll!UnityEngine.UI::Image.OnCanvasHierarchyChanged() [Invoke]",1121,2.0332999888050836,2.0326999888202408,0.013000000268220901,391
"Find dependency chain",10076,2.00329996025539,2.00329996025539,0.055100001394748688,391
"InputUpdate",391,1.9971999926492572,1.9971999926492572,0.052200000733137131,391
"Tilemap.CopyTileData",768,3.507399982016068,1.993899996712571,0.035999998450279236,391
"UniversalRenderPipeline.RenderSingleCameraInternal: BGCamera",391,15.807899920269847,1.9703999824705534,0.29829999804496765,391
"Mesh.CreateMesh",1434,1.915799990092637,1.915799990092637,0.17630000412464142,391
"Audibility computation",391,2.1682999787153676,1.8850999817586853,0.11819999665021896,391
"UniversalRenderPipeline.RenderSingleCameraInternal: UI Cam",391,67.841699749231339,1.8841000580578111,0.4828999936580658,391
"TMP Handle Visible Character",12742,6.1455998890160117,1.8739999661993352,0.14859999716281891,391
"UnityEngine.UI.dll!UnityEngine.EventSystems::BaseRaycaster.OnDisable() [Invoke]",407,1.8698999948683195,1.8698999948683195,0.04309999942779541,391
"Animator.ProcessAnimations",813,1.8580999923287891,1.8580999923287891,0.019700000062584877,391
"UnityEngine.UIElementsModule.dll!UnityEngine.UIElements::UIElementsRuntimeUtilityNative.UpdatePanels() [Invoke]",391,3.119499983265996,1.8404999998165295,0.056499999016523361,391
"TMP Parse Markup Text",5655,1.8283999545237748,1.8283999545237748,0.0043999999761581421,391
"UnityEngine.TilemapModule.dll!UnityEngine.Tilemaps::ITilemap.DoAllTileStartUp() [Invoke]",384,1.808300013653934,1.808300013653934,0.13950000703334808,391
"Profiler.FrameMetadata",10224,1.7743999574959162,1.7743999574959162,0.012500000186264515,391
"PhysicsCore2D.DrawWorlds.ExecuteRenderCommands (SRP)",391,1.7550999927334487,1.726199993492628,0.14910000562667847,391
"UnityEngine.CoreModule.dll!UnityEngine.Rendering::SupportedRenderingFeatures.IsLightmapBakeTypeSupportedByRef() [Invoke]",1173,1.707299986446742,1.707299986446742,0.24590000510215759,391
"UnityEngine.UI.dll!UnityEngine.UI::Image.OnDisable() [Invoke]",488,1.7009999991860241,1.7009999991860241,0.14820000529289246,391
"Unity.ResourceManager.dll!::MonoBehaviourCallbackHooks.Update() [Invoke]",2737,1.690499978394655,1.690499978394655,0.27459999918937683,391
"BeginRenderQueueExtraction",1173,1.8814999981841538,1.6901000015277532,0.058600001037120819,391
"Assembly-CSharp.dll!TimelessEchoes.Tasks::TaskController.Update() [Invoke]",391,1.7882999938447028,1.6732999934465624,0.25369998812675476,391
"Physics.SyncTransforms",1545,2.2973999828391243,1.668999997091305,0.011799999512732029,391
"AstarPathfindingProject.dll!::AstarPath.Update() [Invoke]",391,32.326399850659072,1.6581999958725646,0.2572999894618988,391
"Tilemap.Update()",4301,37.98269983992941,1.6503999750348157,0.32440000772476196,391
"UniversalRenderPipeline.RenderSingleCameraInternal: Main Camera",391,16.9098998978734,1.6491999697464053,0.1875,391
"SoundHandle.Instance.CreateChannel",154,1.645199989201501,1.645199989201501,0.02759999968111515,391
"Animators.ProcessAnimationsJob",391,15.580799896270037,1.6024999711662531,0.31119999289512634,391
"CullObjectsWithoutUmbra",2503,1.5369999774557073,1.5369999774557073,0.0034000000450760126,391
"Assembly-CSharp.dll!TimelessEchoes.Tasks::BaseTask.CheckAutoRemovalBehindHero() [Invoke]",1172,1.5159999878742383,1.5159999878742383,0.0073000001721084118,391
"JobRVO`1 (Burst)",199,1.4858999795687851,1.4858999795687851,0.2572999894618988,391
"TMP.UnregisterTextObjectForUpdate",735,1.4664999858359806,1.4664999858359806,0.014600000344216824,391
"ExecuteRenderQueueJob",389,11.358999931369908,1.4437999917427078,0.28339999914169312,391
"TMP Handle GPOS Features",7449,1.4434999702571076,1.4434999702571076,0.00279999990016222,391
"TMP Calculate Vertices Position",16414,1.4089999662101036,1.4089999662101036,0.0041000000201165676,391
"DestroyCullResults",1173,3.4040999774588272,1.4023999947385164,0.18359999358654022,391
"PhysicsCore2D.DrawWorlds",391,5.7444999599829316,1.3974999890197068,0.26989999413490295,391
"Assembly-CSharp.dll!TimelessEchoes.UI::CollectionsWindowUI.SelectionTimeoutRoutine() [Coroutine: MoveNext] [Invoke]",4340,1.5314999674883438,1.3892999710369622,0.23759999871253967,391
"Profiler.CollectUIToolkitStats",391,1.3823999981977977,1.3823999981977977,0.10840000212192535,391
"UnityEngine.UI.dll!UnityEngine.UI::CanvasScaler.OnEnable() [Invoke]",417,1.4097999983932823,1.3615999996400205,0.034299999475479126,391
"Unity.TextMeshPro.dll!TMPro::TextMeshProUGUI.OnCanvasHierarchyChanged() [Invoke]",1470,1.3585999623755924,1.3584999623781187,0.25529998540878296,391
"Inl_SetLightBlendTextures",1173,1.3574999848788138,1.3574999848788138,0.007799999788403511,391
"TimeUpdate.WaitForLastPresentationAndUpdateTime",391,301.58879170008004,1.341093834664207,72.592094421386719,391
"Assembly-CSharp.dll!TimelessEchoes.UI::QuestButtonIndicator.Update() [Invoke]",391,1.3655999897746369,1.3313999906749814,0.14129999279975891,391
"ProcessRemoteInput",391,1.3549999953247607,1.327699996138108,0.00559999980032444,391
"Remove",3,1.317499965429306,1.3171999654368847,0.44589999318122864,391
"Assembly-CSharp.dll!TimelessEchoes.Tasks::TaskController.LateUpdate() [Invoke]",391,1.310499986357172,1.3068999864481157,0.1273999959230423,391
"CullSendEvents",1173,24.357499875826761,1.2985000151747954,0.34079998731613159,391
"PlayerEndOfFrame",391,4.2284999787807465,1.2881999994569924,0.15240000188350677,391
"Unity.TextMeshPro.dll!TMPro::TextMeshPro.OnEnable() [Invoke]",89,2.1111999908462167,1.2874999954437953,0.0608999989926815,391
"Preload Single Step",391,1.2796999917845824,1.2796999917845824,0.120899997651577,391
"CustomRenderTextures.Update",391,1.2702999950852245,1.2702999950852245,0.020999999716877937,391
"Physics2D.Collider2D.DestroyShapes",417,1.270699992091977,1.2477999926850316,0.14429999887943268,391
"Gfx.EndAsyncJobFrame",1176,2.1732999811210902,1.2319999925093725,0.16359999775886536,391
"CullSceneDynamicObjects",2503,2.7675999715866055,1.2305999941308983,0.0046999999321997166,391
"Assembly-CSharp.dll!TimelessEchoes::AspectRatioBox.LateUpdate() [Invoke]",782,1.2304999899351969,1.2304999899351969,0.14059999585151672,391
"Inl_UniversalRenderPipeline.SetupPerFrameShaderConstants",391,1.2176999938674271,1.2176999938674271,0.017899999395012856,391
"ParticleSystem.Update",391,1.6051999947521836,1.2164000044867862,0.0076000001281499863,391
"Animator.PostProcessGraphChanges",441,1.2083999948808923,1.2083999948808923,0.0076000001281499863,391
"PhysicsCore2D.PhysicsWorld.SimulateBatch",1148,2.8398999796700082,1.2016999938496156,0.24860000610351563,391
"EarlyUpdate.AnalyticsCoreStatsUpdate",391,1.2013999938499182,1.2013999938499182,0.0068999999202787876,391
"Navmesh cutting",391,1.1941999909467995,1.1941999909467995,0.14159999787807465,391
"PhysicsCore2D.DrawWorld",391,2.591899978229776,1.1875999848125502,0.26199999451637268,391
"UnityEngine.UI.dll!UnityEngine.EventSystems::BaseRaycaster.OnEnable() [Invoke]",417,1.1717999987304211,1.1717999987304211,0.0066999997943639755,391
"Animators.SortWriteJob",782,1.166999993409263,1.166999993409263,0.0054999999701976776,391
"Pool",1173,1.1626999906729907,1.1626999906729907,0.0026000000070780516,391
"Assembly-CSharp.dll!TimelessEchoes.MapGeneration::SegmentedMapGenerator.Update() [Invoke]",391,32.496399770869175,1.1539000318443868,10.692899703979492,391
"Inl_UberPostSetupBloomPass",391,1.1517999947536737,1.1517999947536737,0.00989999994635582,391
"Assembly-CSharp.dll!TimelessEchoes::GameManager.RunButtonsUICoroutine() [Coroutine: MoveNext] [Invoke]",112,1.148599989246577,1.1415999894306879,0.057300001382827759,391
"Inl_DrawScreenSpaceUI",782,1.1394999977201223,1.1394999977201223,0.051500000059604645,391
"UberPostProcess",391,1.220499993301928,1.1351999956459622,0.0065000001341104507,391
"Physics2D.FindNewContacts",1005,1.117299992183689,1.117299992183689,0.033100001513957977,391
"FixedBehaviourUpdate",757,1.8610999856609851,1.1054999913903885,0.17219999432563782,391
"FrameEvents.NewInputBeforeRenderUpdate",391,2.2975000040605664,1.0926000111503527,0.25740000605583191,391
"TMP Compute Character Advance",16414,1.0914999815286137,1.0914999815286137,0.030099999159574509,391
"Inl_RenderPipeline.EndContextRendering",391,6.8336999379098415,1.08919997792691,0.272599995136261,391
"TMP.RegisterTextElementForGraphicRebuild",1285,1.0887999901096919,1.0887999901096919,0.14049999415874481,391
"Build Meshes",1173,5.3665999853983521,1.0783000113733578,0.015399999916553497,391
"EarlyUpdate.RendererNotifyInvisible",391,1.087199998088181,1.0764999983366579,0.12620000541210175,391
"Director.SampleTime",391,1.0721999955130741,1.0721999955130741,0.019899999722838402,391
"PrepareUpdateRendererBoundingVolumes",3128,1.1844999847307918,1.0674999883558485,0.13709999620914459,391
"TMP Handle Line Termination",1673,1.0648999830154935,1.0648999830154935,0.030099999159574509,391
"Profiler.CollectLegacyStats",391,10.880499934777617,1.0637999918326386,0.16089999675750732,391
"Profiler.ScreenshotUpdate",391,2.0679999884596327,1.0609999903099379,0.064400002360343933,391
"TMP Save Text Extent",16278,1.0422999738002545,1.0422999738002545,0.00570000009611249,391
"Assembly-CSharp.dll!TimelessEchoes.Hero::EchoController.OnEnable() [Invoke]",10,1.9344000071287155,1.0390000145634986,0.412200003862381,391
"Physics2D.Simulate",757,4.8872999768937007,1.0288000161599484,0.14429999887943268,391
"PostLateUpdate.UpdateAllRenderers",391,23.49009989015758,1.0172000105594634,0.35400000214576721,391
"PrepareSceneNodesSetUp",1316,1.0165000015695114,1.0165000015695114,0.16410000622272491,391
"AstarPathfindingProject.dll!Pathfinding::AIBase.OnEnable() [Invoke]",47,0.98149998905137181,0.97639998918748461,0.08489999920129776,391
"Physics2D.SyncColliderTransformChanges",1548,5.5444999523679144,0.96969998141867109,0.19089999794960022,391
"RVODestinationCrowdedBehavior:JobDensityCheck (Burst)",388,0.96160000370582566,0.96160000370582566,0.14990000426769257,391
"Assembly-CSharp.dll!TimelessEchoes.NPC::MildredMovementController.Update() [Invoke]",391,0.957299996400252,0.957299996400252,0.0357000008225441,391
"Assembly-CSharp.dll!Blindsided.Utilities::ScreenSafeArea.Update() [Invoke]",391,0.95129999425262213,0.95129999425262213,0.0071999998763203621,391
"Instantiate.Produce",8,1.1014000214636326,0.950800020727911,0.31670001149177551,391
"Unity.2D.Animation.Runtime.dll!UnityEngine.U2D.Animation::SpriteResolver.OnDidApplyAnimationProperties() [Invoke]",1598,0.932899991494196,0.932899991494196,0.004999999888241291,391
"Collect Meshes",1173,2.0891999900341034,0.92649999936111271,0.00419999985024333,391
"Physics2D.Collider2D.CreateShapes",417,1.1936999961035326,0.91770000080578029,0.0068000000901520252,391
"Render",391,212.76700072735548,0.90300015594402794,57.927101135253906,391
"Assembly-CSharp.dll!TimelessEchoes.Stats::GameplayStatTracker.Update() [Invoke]",391,0.89989999413955957,0.89989999413955957,0.0076999999582767487,391
"JobDebuggerFrameMaintenance",391,0.89579999260604382,0.89579999260604382,0.0139999995008111,391
"Inl_SetGlobalProperties",1173,0.8870999857026618,0.8870999857026618,0.0038000000640749931,391
"AIDestinationSetter",391,0.886099997034762,0.886099997034762,0.00570000009611249,391
"Profiler.SerializeStats",391,0.874099995708093,0.874099995708093,0.014600000344216824,391
"Assembly-CSharp.dll!TimelessEchoes.UI::CollectionsWindowUI.CustomYieldInstruction() [Coroutine: get_Current] [Invoke]",9766,0.870299987247563,0.870299987247563,0.14190000295639038,391
"Animator.FireAnimationEvents",2852,9.5329999587629572,0.86229994088353124,0.34950000047683716,391
"Inl_Blit Color LUT",391,9.3314999360591173,0.86209996975958347,0.22869999706745148,391
"LOD.ComputeLOD",2346,1.2099999855490751,0.85829998554254416,0.20199999213218689,391
"UnityEngine.UI.dll!UnityEngine.UI::MaskableGraphic.OnTransformParentChanged() [Invoke]",736,0.8706999922869727,0.85589999266812811,0.025100000202655792,391
"Inl_Setup Debug Properties",1173,0.8468999748583883,0.8468999748583883,0.0023000000510364771,391
"InputSystem.onBeforeUpdate",391,0.82129999832250178,0.82129999832250178,0.013799999840557575,391
"Camera.Render",1173,0.80710000055114506,0.80710000055114506,0.0037000000011175871,391
"Director.HouseKeeping",310,4.7413999699056149,0.80630004735576222,0.17640000581741333,391
"RenderingCommandBuffer.PrepareKeywords",2737,0.80279997504112544,0.80279997504112544,0.14479999244213104,391
"Find",3,6.7585999965667725,0.79420001059770584,2.3013999462127686,391
"Inl_ScriptableRenderer.AddRenderPasses",1173,0.79329999562469311,0.79329999562469311,0.18569999933242798,391
"AstarPathfindingProject.dll!Pathfinding.Util::BatchedEvents.Update() [Invoke]",391,56.197299934923649,0.79290007887175307,0.44249999523162842,391
"Update.DirectorUpdate",391,1.9516999935731292,0.78759999988687923,0.062300000339746475,391
"WaitForRenderJobs",1173,0.94129998861171771,0.78009998677589465,0.16359999775886536,391
"Animators.WriteJob",1173,4.2798999868464307,0.7759000016740174,0.15790000557899475,391
"AstarPathfindingProject.dll!Pathfinding.Util::BatchedEvents.FixedUpdate() [Invoke]",757,0.75559999427059665,0.75559999427059665,0.17000000178813934,391
"UnityEngine.IMGUIModule.dll!UnityEngine::Event.Internal_MakeMasterEventCurrent() [Invoke]",391,0.74210000212769955,0.74210000212769955,0.003499999875202775,391
"UnityEngine.CoreModule.dll!UnityEngine.Experimental.Rendering::ScriptableRuntimeReflectionSystemWrapper.Internal_ScriptableRuntimeReflectionSystemWrapper_TickRealtimeProbes() [Invoke]",391,1.3906999945174903,0.73319999821251258,0.015799999237060547,391
"Assembly-CSharp.dll!::PixelGridSnap.LateUpdate() [Invoke]",391,0.72030000120867044,0.72030000120867044,0.0037000000011175871,391
"Unity.ResourceManager.dll!UnityEngine.ResourceManagement.Util::DelayedActionManager.LateUpdate() [Invoke]",391,0.70219999842811376,0.70219999842811376,0.0076999999582767487,391
"FindMainCamera",13268,0.69909998447110411,0.69909998447110411,0.0030000000260770321,391
"Unity.2D.Animation.Runtime.dll!UnityEngine.U2D.Animation::DeformationManagerUpdater.LateUpdate() [Invoke]",391,5.7569999592378736,0.69379998836666346,0.148499995470047,391
"SpriteRenderer.AwakeFromLoad",359,0.68359999687527306,0.68359999687527306,0.010400000028312206,391
"Renderer2D Pass",1173,6.8407999774208292,0.68319999321829528,0.27570000290870667,391
"Tilemap.IndexingTileData",384,0.67379999347031116,0.67379999347031116,0.011500000022351742,391
"Inl_ALINE",1173,23.83879984728992,0.66829995717853308,0.29679998755455017,391
"Assembly-CSharp.dll!TimelessEchoes.UI::CollectionsWindowUI.UnlockMonitorLoop() [Coroutine: MoveNext] [Invoke]",20,0.69250000128522515,0.65840000214666361,0.045400001108646393,391
"ReflectionProbes.Update",391,0.65749999630497769,0.65749999630497769,0.013799999840557575,391
"PreUpdate.AIUpdate",391,0.97379999235272408,0.64999999647261575,0.003499999875202775,391
"UnityEngine.CoreModule.dll!UnityEngine.Rendering::RenderPipelineManager.HandleRenderPipelineChange() [Invoke]",782,0.64069998788181692,0.64069998788181692,0.041299998760223389,391
"SceneDataContainer.TransformHierarchyChangedSetParentCallback",1392,0.90049998896574834,0.63799999569891952,0.00419999985024333,391
"Drawing.dll!Pathfinding.Drawing::DrawingManager.Update() [Invoke]",391,0.63339999644085765,0.63339999644085765,0.003599999938160181,391
"TilemapRenderer.CameraBoundsJob",1905,0.62849998944147956,0.62849998944147956,0.012000000104308128,391
"UnityEngine.InputModule.dll!UnityEngineInternal.Input::NativeInputSystem.ProcessInputUpdate() [Invoke]",391,2.6104999859817326,0.61329999333247542,0.054200001060962677,391
"PostLateUpdate.RenderAs2DUpdate",391,0.61269999301293865,0.61269999301293865,0.042599998414516449,391
"SetLightBlendTextures",1173,0.61139998698490672,0.61139998698490672,0.0013000000035390258,391
"EarlyUpdate.PhysicsCore2DEarlyUpdate",391,1.5942999973194674,0.61120000507798977,0.018899999558925629,391
"Assembly-CSharp.dll!TimelessEchoes::SlimeCombatTracker.Update() [Invoke]",391,0.608299994491972,0.608299994491972,0.01510000042617321,391
"JobMemSet`1 (Burst)",700,0.60769999676267616,0.60769999676267616,0.0024999999441206455,391
"PostLateUpdate.UpdateRectTransform",391,7.6967999648768455,0.60689999516034732,0.067800000309944153,391
"UnityEngine.AccessibilityModule.dll!UnityEngine.Accessibility::AccessibilityManager.Internal_Update() [Invoke]",391,0.60039999557193369,0.60039999557193369,0.0030000000260770321,391
"FindObjectsOfType",1173,0.597799989656778,0.597799989656778,0.022800000384449959,391
"AstarPathfindingProject.dll!::AstarPath.OnGUI() [Invoke]",391,0.594099999172613,0.594099999172613,0.25450000166893005,391
"QFSW.QC.UI.dll!QFSW.QC.UI::DynamicCanvasScaler.Update() [Invoke]",391,0.58719999459572136,0.58719999459572136,0.10350000113248825,391
"Unity.TextMeshPro.dll!TMPro::TMP_SubMesh.OnEnable() [Invoke]",89,0.58059999812394381,0.58059999812394381,0.013500000350177288,391
"UnityEngine.CoreModule.dll!UnityEngine::Application.InvokeOnBeforeRender() [Invoke]",391,0.57889999181497842,0.57889999181497842,0.00699999975040555,391
"Unity.TextMeshPro.dll!TMPro::TextMeshProUGUI.OnTransformParentChanged() [Invoke]",244,0.57839999650605023,0.57689999654394342,0.010099999606609344,391
"CanvasRenderer.SyncWorldRect",4386,0.57099998340709135,0.57099998340709135,0.0139999995008111,391
"Animator.Initialize",33,0.80989999137818813,0.56729999219533056,0.064599998295307159,391
"Unity.2D.Animation.Runtime.dll!UnityEngine.U2D.Animation::SpriteLibrary.OnEnable() [Invoke]",18,0.61179999448359013,0.56169999551639194,0.05260000005364418,391
"FixedUpdate.NewInputFixedUpdate",757,1.7746999805385713,0.55539999348548008,0.14049999415874481,391
"Inl_UniversalRenderPipeline.GetMainLightIndex",1173,0.55379998281568987,0.55379998281568987,0.14569999277591705,391
"TimeManager.Update",391,0.55369999387767166,0.55369999387767166,0.0023000000510364771,391
"UIElements.PreUpdatePanelRenderers",391,0.533999991370365,0.533999991370365,0.0023000000510364771,391
"Inl_ScriptableRenderer.InternalFinishRenderingCommon",1173,0.528100000548875,0.528100000548875,0.0010000000474974513,391
"FixedUpdate.DirectorFixedUpdate",757,0.59799999656388536,0.5159999986863113,0.13199999928474426,391
"UpdateRendererBoundingVolumes",1110,0.51499999418592779,0.51499999418592779,0.020600000396370888,391
"FixedUpdate.Physics2DFixedUpdate",757,5.4004999828757718,0.51320000598207116,0.14540000259876251,391
"PhysicsCore2D.DrawWorld.CompileDrawResults",391,0.50569999415893108,0.50569999415893108,0.016200000420212746,391
"CanvasUpdate.LatePreRender",391,0.50429999541665893,0.50429999541665893,0.14069999754428864,391
"TMP.RegisterTextObjectForUpdate",737,0.50369999321264913,0.50369999321264913,0.018899999558925629,391
"SpeedTreeWindManager.Update",391,0.83719999901950359,0.50060000148369,0.18039999902248383,391
"Unity.Cinemachine.dll!Unity.Cinemachine::CinemachineBrain.OnGUI() [Invoke]",782,0.50039999588625506,0.50039999588625506,0.002099999925121665,391
"GfxDeviceD3D12.WaitForLastPresentation",391,0.498199995898176,0.498199995898176,0.00989999994635582,391
"UnityEngine.AccessibilityModule.dll!UnityEngine.Accessibility::AccessibilityManager.Internal_LateUpdate() [Invoke]",391,0.49279999523423612,0.49279999523423612,0.0041000000201165676,391
"FixedUpdate.PhysicsFixedUpdate",757,2.682499986665789,0.49210000177117763,0.017799999564886093,391
"Initialization.AsyncUploadTimeSlicedUpdate",391,0.48539999479544349,0.48539999479544349,0.0071000000461936,391
"TMP Save Page Info",16414,0.48399998808599776,0.48399998808599776,0.0046000001020729542,391
"Animators.WriteProperties",391,38.288599886000156,0.48280005273409188,0.70190000534057617,391
"Inl_RenderPipeline.EndCameraRendering",1173,0.48139998941041995,0.48139998941041995,0.0017999999690800905,391
"Graphics.DrawProcedural",2737,0.47649998569249874,0.47649998569249874,0.0015999999595806003,391
"Inl_UniversalRenderPipeline.GetPerObjectLightFlags",1173,0.47449998946103733,0.47449998946103733,0.0010999999940395355,391
"Physics2D.Step",757,2.5940999829908833,0.47340000124677317,0.13500000536441803,391
"beforeCameraRender.Invoke",1173,0.46099999261059565,0.46099999261059565,0.00139999995008111,391
"PhysicsCore2D.PhysicsWorld.SyncInterpolation",382,0.63639999635051936,0.45989999940502457,0.01640000008046627,391
"EarlyUpdate.UpdateAsyncInstantiate",391,0.4557999955577543,0.4557999955577543,0.25429999828338623,391
"Profiler.RequestScreenshot",27,0.79330000001937151,0.45290000227396376,0.061500001698732376,391
"PhysicsCore2D.PhysicsWorld.PreSimulate",757,0.8571999955092906,0.45159999775205506,0.094899997115135193,391
"CullResultsToNativeArrays",1173,0.449399989003723,0.449399989003723,0.0052999998442828655,391
"PlayerConnection.Poll",391,9.9848999436944723,0.44709998906910187,0.18680000305175781,391
"UIElements.CollectLayoutNodes",391,0.44689999881666154,0.44689999881666154,0.049800001084804535,391
"PhysicsCore2D.DrawWorlds.AddRenderCommands",391,0.4439999976020772,0.4439999976020772,0.16930000483989716,391
"UnityEngine.InputForUIModule.dll!UnityEngine.InputForUI::EventProvider.NotifyUpdate() [Invoke]",391,0.43729999655624852,0.43729999655624852,0.0015999999595806003,391
"Animators.FireAnimationEventsAndBehaviours",391,9.9692999788676389,0.43630002010468161,0.35350000858306885,391
"Assembly-CSharp.dll!TimelessEchoes::QuantumConsoleMobileActivator.Update() [Invoke]",391,0.43419999722391367,0.43419999722391367,0.002199999988079071,391
"PxScene.simulate",757,0.43239999487559544,0.43239999487559544,0.001500000013038516,391
"TMP Handle White Space & Control Character",3672,0.43009999462083215,0.43009999462083215,0.001500000013038516,391
"Assembly-CSharp.dll!TimelessEchoes.Hero::HeroRegen.Update() [Invoke]",391,0.43019999403622933,0.42839999408170115,0.044100001454353333,391
"UnityEngine.UI.dll!UnityEngine.UI::Graphic.OnRectTransformDimensionsChange() [Invoke]",177,0.42589999758638442,0.42589999758638442,0.0092000002041459084,391
"Assembly-CSharp.dll!TimelessEchoes.Hero::HeroController.ResetNextFrame() [Coroutine: MoveNext] [Invoke]",157,0.42469999496825039,0.42469999496825039,0.17499999701976776,391
"Release",1173,0.42059998627519235,0.42059998627519235,0.050799999386072159,391
"Unity.TextMeshPro.dll!TMPro::TextMeshPro.OnDisable() [Invoke]",91,0.631799996830523,0.42029999959049746,0.026399999856948853,391
"Renderers.OncePerFrameUpdate",391,0.48059998454118613,0.418199986415857,0.25369998812675476,391
"Director.ProcessFrame",3469,110.54219965607626,0.4147999991546385,0.754800021648407,391
"JobDestinationReached`1 (Burst)",216,0.90919999801553786,0.41330000556627056,0.00699999975040555,391
"PostLateUpdate.ShaderHandleErrors",391,0.410599992814241,0.410599992814241,0.15320000052452087,391
"PreLateUpdate.PhysicsCore2DLateUpdate",391,0.51539999461965635,0.41049999747338006,0.0023000000510364771,391
"Frame Tick",1173,0.4095999873461551,0.4095999873461551,0.00139999995008111,391
"TerrainManager.CullAllTerrains",1173,0.52299999105161987,0.40819999401719542,0.016100000590085983,391
"UnityEngine.PhysicsCore2DModule.dll!Unity.U2D.Physics::PhysicsEvents.InvokePreSimulate() [Invoke]",757,0.40559999775723554,0.40559999775723554,0.0015999999595806003,391
"Build",1173,0.40189998570713215,0.40189998570713215,0.00079999997979030013,391
"AudioProfiler.CaptureFrame",391,0.40149999834829941,0.40149999834829941,0.012600000016391277,391
"ReflectionProbeAnchorPositionUpdate",2346,0.39549998661095742,0.39549998661095742,0.001500000013038516,391
"UnityEngine.PhysicsCore2DModule.dll!Unity.U2D.Physics::PhysicsWorldRenderer.SendDrawResults() [Invoke]",391,0.8985999992582947,0.391600003305939,0.17069999873638153,391
"PreLateUpdate.UIElementsUpdatePanels",391,3.5104999830946326,0.39099999982863665,0.057700000703334808,391
"Application.Integrate Assets in Background",391,1.8132999832741916,0.3883999946192489,0.17569999396800995,391
"GlobalEventQueue",391,0.38619999098591506,0.38619999098591506,0.13019999861717224,391
"AnimationClipPlayable.EvaluateClip",613,0.38239999494544463,0.38239999494544463,0.022199999541044235,391
"UnityEngine.UI.dll!UnityEngine.UI::MaskableGraphic.OnCanvasHierarchyChanged() [Invoke]",841,0.38029999468562892,0.38029999468562892,0.020099999383091927,391
"PostLateUpdate.UpdateAudio",391,21.606599923223257,0.38019998669915367,0.34560000896453857,391
"JobCalculateGridConnections (Burst)",3,0.37879999727010727,0.37879999727010727,0.1273999959230423,391
"FrameEvents.XRBeginFrame",391,0.3782999970135279,0.3782999970135279,0.0020000000949949026,391
"EarlyUpdate.ExecuteMainThreadJobs",391,1.2711999956518412,0.37480000307550654,0.015200000256299973,391
"PostLateUpdate.AccessibilityLateUpdate",391,0.86659999482799321,0.37379999959375709,0.014299999922513962,391
"PreProcessingGraphs",3,26.700300216674805,0.36409992107655853,9.1731996536254883,391
"ReflectionProbeAnchorManagerUpdate",2346,0.75949999829026638,0.36400001167930895,0.0023000000510364771,391
"PreLateUpdate.AccessibilityUpdate",391,0.96399999142158777,0.36359999584965408,0.0049000000581145287,391
"Animator.PrepareAnimationEvents",590,0.36159999381925445,0.36159999381925445,0.018600000068545341,391
"PostLateUpdate.PlayerUpdateCanvases",391,418.81749737262726,0.35529903811402619,58.285099029541016,391
"EarlyUpdate.ClearLines",391,0.35419999653822742,0.35419999653822742,0.0052000000141561031,391
"gameObjectChangedScene.Invoke",284,0.35179999767569825,0.35179999767569825,0.0051000001840293407,391
"Inl_RenderPipeline.BeginContextRendering",391,0.34989999717799947,0.34989999717799947,0.0068000000901520252,391
"PhysicsCore2D.DrawWorld.UpdateLifetimes",391,0.34669999589095823,0.34669999589095823,0.0017000000225380063,391
"Assembly-CSharp.dll!Blindsided::Oracle.Update() [Invoke]",391,0.33689999731723219,0.33689999731723219,0.0017999999690800905,391
"UnityEngine.CoreModule.dll!UnityEngine.Rendering::OnDemandRendering.GetRenderFrameInterval() [Invoke]",391,0.336899995978456,0.336899995978456,0.0037000000011175871,391
"SpeedTreeWindManager.UpdateGlobalAndLocalWinds",391,0.3365999975358136,0.3365999975358136,0.001500000013038516,391
"RenderTexture.GarbageCollectTemporary",782,0.33529999120219145,0.33529999120219145,0.0023000000510364771,391
"EarlyUpdate.XRUpdate",391,0.33240000280784443,0.33240000280784443,0.16580000519752502,391
"FixedUpdate.PhysicsCore2DFixedUpdate",757,3.1572999837226234,0.33030000367580215,0.24979999661445618,391
"Assembly-CSharp.dll!TimelessEchoes.Hero::HeroCombatController.RollForCombat() [Coroutine: MoveNext] [Invoke]",36,0.48619999819493387,0.32709999811777379,0.17159999907016754,391
"CullSceneDynamicObjectsCombineJob",1654,0.39209998961450765,0.32639999128150521,0.0030000000260770321,391
"PlayerCleanupCachedData",391,0.69839999789837748,0.32460000332503114,0.0030000000260770321,391
"UnityEngine.AIModule.dll!UnityEngine.AI::NavMesh.Internal_CallPreUpdateListeners() [Invoke]",391,0.32379999588010833,0.32379999588010833,0.0011999999405816197,391
"GameObject.Activate",5656,42.9601998514554,0.32350003303145058,0.66369998455047607,391
"Assembly-CSharp.dll!TimelessEchoes.Hero::HeroAudio.PlayFishing() [Invoke]",6,0.39409999921917915,0.323399999178946,0.071500003337860107,391
"Physics2D.SolveDiscrete",757,0.48679999470186885,0.31899999939196277,0.0020000000949949026,391
"AstarPathfindingProject.dll!Pathfinding.Util::BatchedEvents.LateUpdate() [Invoke]",391,0.31849999452242628,0.31849999452242628,0.0015999999595806003,391
"Assembly-CSharp.dll!TimelessEchoes.Hero::HeroCombatController.Roll() [Coroutine: MoveNext] [Invoke]",126,0.74219999538036063,0.31579999813402537,0.0210999995470047,391
"Assembly-CSharp.dll!TimelessEchoes.MapGeneration::SegmentedMapGenerator.CreateSegment() [Coroutine: MoveNext] [Invoke]",9,0.38900000229477882,0.31290000289300224,0.081000000238418579,391
"Profiler.CollectVideoStats",391,0.3126999955275096,0.3126999955275096,0.00860000029206276,391
"Unity.Cinemachine.dll!Unity.Cinemachine::CinemachineVirtualCameraBase.Update() [Invoke]",391,0.30919999477919191,0.30919999477919191,0.00139999995008111,391
"Physics.Interpolation",773,0.30589999581570737,0.30589999581570737,0.001500000013038516,391
"Tilemap.CopyTileAnimationData",384,0.30429999571060762,0.30429999571060762,0.018200000748038292,391
"Calculating Graph Update",15,11.657800114713609,0.30400030038435943,2.0153000354766846,391
"Unity.TextMeshPro.dll!TMPro::TextMeshPro.OnTransformParentChanged() [Invoke]",180,0.35809999948833138,0.30220000063127372,0.0051000001840293407,391
"QFSW.QC.dll!QFSW.QC::QuantumConsole.LateUpdate() [Invoke]",391,0.30179999358369969,0.30179999358369969,0.001500000013038516,391
"UIEvents.AlignCanvasRectTransformWithCamera",391,0.30069999280385673,0.30069999280385673,0.0015999999595806003,391
"CanvasUpdate.Prelayout",391,0.3000999947253149,0.3000999947253149,0.0057999999262392521,391
"ClothManager.LateUpdate",391,0.40909999911673367,0.29970000221510418,0.0017999999690800905,391
"UIR.Free",391,0.29809999326243997,0.29809999326243997,0.00139999995008111,391
"PostLateUpdate.UpdateAllSkinnedMeshes",391,0.29649999359389767,0.29649999359389767,0.002099999925121665,391
"Update.ScriptRunBehaviourUpdate",391,713.95479875802994,0.29279953241348267,12.402099609375,391
"Unity.RenderPipelines.Universal.2D.Runtime.dll!UnityEngine.Rendering.Universal::Light2D.LateUpdate() [Invoke]",391,0.29219999411725439,0.29219999411725439,0.0011999999405816197,391
"ApplyPass.PrepareKeywords",5751,0.29109999252250418,0.29109999252250418,0.00050000002374872565,391
"FrameEvents.OnBeforeRenderCallback",391,0.86809999914839864,0.28920000733342022,0.05429999902844429,391
"AstarPathfindingProject.dll!::ExecuteJobFunction.Invoke() [Invoke]",3,0.28459999710321426,0.28459999710321426,0.099100001156330109,391
"Tilemap.RefreshAllTiles()",384,62.73649986833334,0.28410005338810151,0.505299985408783,391
"Assembly-CSharp.dll!TimelessEchoes.UI::CollectionsWindowUI.SelectionTimeoutRoutine() [Coroutine: System.Collections.IEnumerator.get_Current] [Invoke]",4340,0.2836999937571818,0.2836999937571818,0.011900000274181366,391
"Flush DSP connections",391,0.2831999969566823,0.2831999969566823,0.0027000000700354576,391
"PhysicsCore2D.PhysicsWorld.WriteTransforms",757,0.28129999335214961,0.28129999335214961,0.0010999999940395355,391
"Physics.PrepareSimulationStage",757,1.4556999922788236,0.28010000157519244,0.0060000000521540642,391
"Initialization.UpdateCameraMotionVectors",391,0.27949999319389462,0.27949999319389462,0.13009999692440033,391
"UnityEngine.CoreModule.dll!UnityEngine.Rendering::SupportedRenderingFeatures.IsUIOverlayRenderedBySRP() [Invoke]",391,0.27919999090954661,0.27919999090954661,0.0024999999441206455,391
"PreUpdate.IMGUISendQueuedEvents",391,0.27849999419413507,0.27849999419413507,0.001500000013038516,391
"PhysicsCore2D.PhysicsWorld.ProcessTransformWriteTweens",773,0.38980000012088567,0.27590000444615725,0.0010999999940395355,391
"Unity.Cinemachine.dll!Unity.Cinemachine::CinemachineBrain.AfterPhysics() [Coroutine: System.Collections.IEnumerator.get_Current] [Invoke]",757,0.2750999902273179,0.2750999902273179,0.0010999999940395355,391
"PostLateUpdate.ProfilerEndFrame",391,0.2740999941888731,0.2740999941888731,0.0027000000700354576,391
"Tilemap.FillGetTileData",384,0.27399999334011227,0.27399999334011227,0.0015999999595806003,391
"Inl_Sort Render Passes",1173,0.2729999923176365,0.2729999923176365,0.00059999997029080987,391
"SetGlobalProperties",1173,0.27079999074339867,0.27079999074339867,0.14319999516010284,391
"Director.RegisterPrepareFrameJobs",1206,0.26579999467503512,0.26579999467503512,0.004999999888241291,391
"PreUpdate.InputForUIUpdate",391,0.70050000073388219,0.26320000417763367,0.0024999999441206455,391
"Physics2D.CircleColliderPrepareShapes",413,0.26259999547619373,0.26259999547619373,0.0013000000035390258,391
"SceneVisibilityState.IsFlagSetInParents",2220,0.26249999345600372,0.26249999345600372,0.0031000000890344381,391
"PostLateUpdate.VFXUpdate",391,0.25779999617952853,0.25779999617952853,0.0026000000070780516,391
"Profiler.CollectEditorStats",391,40.291999902576208,0.25540011003613472,0.36550000309944153,391
"Alloc",216,0.25469999667257071,0.25469999667257071,0.0019000000320374966,391
"Physics2D.SyncTransformChanges",1548,6.2712999705327093,0.2515000531784608,0.19120000302791595,391
"UnityEngine.CoreModule.dll!UnityEngine.Serialization::SerializationBackendManagedCommands.SerializationBufferToObject() [Invoke]",90,0.33919999876525253,0.25009999889880419,0.036299999803304672,391
"Unity.TextMeshPro.dll!TMPro::TMP_SubMesh.OnDisable() [Invoke]",91,0.24919999914709479,0.24919999914709479,0.0049000000581145287,391
"PreUpdate.PhysicsUpdate",391,0.32599999505328014,0.24809999679564498,0.0027000000700354576,391
"Initialization.SynchronizeInputs",391,0.2460999961476773,0.2460999961476773,0.0023000000510364771,391
"AsyncReadManager.SyncRequest",4,0.24239999032579362,0.24239999032579362,0.15359999239444733,391
"Unity.TextMeshPro.dll!TMPro::TextMeshPro.OnBecameVisible() [Invoke]",89,0.24049999832641333,0.24049999832641333,0.0054999999701976776,391
"MeshRendererFinalizeUpdate",337,9.13359994388884,0.24049999326234683,0.2953999936580658,391
"TilemapRenderer.PrepareChunkMode",1089,0.2400999932870036,0.2400999932870036,0.0010999999940395355,391
"Assembly-CSharp.dll!TimelessEchoes.UI::RunCalebUIManager.Update() [Invoke]",391,0.23859999657724984,0.23859999657724984,0.0013000000035390258,391
"Assembly-CSharp.dll!TimelessEchoes.UI::CauldronWindowUI.LateUpdate() [Invoke]",391,0.23749999757274054,0.23749999757274054,0.0011999999405816197,391
"Instantiate.Copy",8,0.71189999347552657,0.23299999645678326,0.15739999711513519,391
"GeneralConnection.Poll",391,0.30759999515430536,0.23289999707776587,0.00139999995008111,391
"Physics.Simulate",757,0.66049999248207314,0.2280999976064777,0.002199999988079071,391
"Physics2D.ContactsCollide",757,0.22749999914958607,0.22749999914958607,0.13210000097751617,391
"PreUpdate.UpdateVideo",391,0.22649999981513247,0.22649999981513247,0.0010999999940395355,391
"ClipperRegistry.Cull",391,0.2260999982827343,0.2260999982827343,0.00089999998454004526,391
"PostLateUpdate.UpdateResolution",391,0.22539999723085202,0.22539999723085202,0.0011999999405816197,391
"PreLateUpdate.ConstraintManagerUpdate",391,0.38479999959236011,0.22340000334952492,0.0034000000450760126,391
"PreLateUpdate.Physics2DLateUpdate",391,0.43419999867910519,0.22159999940777197,0.0027000000700354576,391
"PreUpdate.NewInputUpdate",391,8.6613999400287867,0.22129998309537768,0.16339999437332153,391
"PhysicsCore2D.PhysicsWorld.PostSimulate",757,0.42789999881642871,0.21980000148323597,0.001500000013038516,391
"Profiler.FlushCounters",391,277.5115994811058,0.21940077125327662,0.99980002641677856,391
"Graphics.Blit",54,0.43929999554529786,0.219399997688015,0.013100000098347664,391
"Physics2D.SyncRigidbodyTransformChanges",1548,0.4752999864940648,0.2182999827855383,0.18899999558925629,391
"Assembly-CSharp.dll!TimelessEchoes.UI::TownWindowManager.PollCloseAllWindowsCoroutine() [Coroutine: MoveNext] [Invoke]",196,0.21679999894695356,0.21679999894695356,0.0015999999595806003,391
"GameObject.AddComponent",8,0.23350000008940697,0.21640000017941929,0.090300001204013824,391
"Director.PrepareFrameJob",519,5.2933999721426517,0.21330000832676888,0.038699999451637268,391
"Tilemap.PrepareGetAllTileData()",384,0.52519999939249828,0.21270000698859803,0.0054000001400709152,391
"Physics2D.CollectProfileInfo",391,0.21259999927133322,0.21259999927133322,0.0017000000225380063,391
"PlayerLoop",1173,3337.7982949118596,0.21130365268618334,81.588493347167969,391
"EarlyUpdate.UnityWebRequestUpdate",391,0.21109999986947514,0.21109999986947514,0.0010000000474974513,391
"UnityEngine.PhysicsCore2DModule.dll!Unity.U2D.Physics::PhysicsEvents.InvokePostSimulate() [Invoke]",757,0.20809999733319273,0.20809999733319273,0.00079999997979030013,391
"PostLateUpdate.UpdateVideoTextures",391,0.20759999798610806,0.20759999798610806,0.0038000000640749931,391
"FinishingScans",3,10.342400074005127,0.20580023548973259,3.6500000953674316,391
"Profiler.Collect2DStats",391,3.3247999879531562,0.20460000960156322,0.052400000393390656,391
"Loading.UpdatePreloading",391,2.1955999846104532,0.20349999365862459,0.17659999430179596,391
"Physics2D.WriteTransforms",757,0.20329999568639323,0.20329999568639323,0.000699999975040555,391
"CleanUp.TextRenderingGarbageCollect",391,0.20229999911680352,0.20229999911680352,0.00089999998454004526,391
"FixedUpdate.AudioFixedUpdate",757,3.0619999926857417,0.20100000748789171,0.13410000503063202,391
"PostLateUpdate.UpdateCustomRenderTextures",391,1.4700999951455742,0.1998000000603497,0.021700000390410423,391
"EarlyUpdate.UpdateInputManager",391,0.19979999707720708,0.19979999707720708,0.0011999999405816197,391
"JobHardCollisions`1 (Burst)",84,0.19849999889265746,0.19849999889265746,0.003599999938160181,391
"UnityEngine.UI.dll!UnityEngine.UI::Slider.Update() [Invoke]",391,0.19819999739411287,0.19819999739411287,0.00089999998454004526,391
"PostLateUpdate.UpdateVideo",391,0.19709999740007333,0.19709999740007333,0.0010999999940395355,391
"Assembly-CSharp.dll!TimelessEchoes.Hero::HeroAudio.PlayFishCatch() [Invoke]",4,0.2411000020802021,0.19670000206679106,0.071199998259544373,391
"Assembly-CSharp.dll!TimelessEchoes.UI::IntroScreenController.Update() [Invoke]",391,0.19599999830825254,0.19599999830825254,0.00089999998454004526,391
"EarlyUpdate.PhysicsResetInterpolatedTransformPosition",391,2.59459998991224,0.19300000692601316,0.010300000198185444,391
"Canvas.RenderOverlays",391,0.19269999742391519,0.19269999742391519,0.0073000001721084118,391
"TransformHandle.SetHierarchyCapacity",1,0.19200000166893005,0.19200000166893005,0.19200000166893005,391
"AstarPathfindingProject.dll!Pathfinding::AIPath.OnDisable() [Invoke]",41,0.18979999906150624,0.18979999906150624,0.009100000374019146,391
"Semaphore.WaitForSignal",404,0.188699996440846,0.188699996440846,0.0843999981880188,391
"Tilemap.IndexingTileDataCombine",384,0.18609999699401669,0.18609999699401669,0.0017999999690800905,391
"Update.ScriptRunDelayedTasks",391,5.0833999533206224,0.18469992559403181,1.4337999820709229,391
"Assembly-CSharp.dll!TimelessEchoes::DadJokeManager.Update() [Invoke]",391,0.18459999685001094,0.18459999685001094,0.0010000000474974513,391
"GameObject.Deactivate",1448,29.006399885729479,0.18340003866615007,0.38539999723434448,391
"FirstPass",216,0.18249999731779099,0.18249999731779099,0.0017999999690800905,391
"UnsafeUtility.Malloc",418,0.18099999718833715,0.18099999718833715,0.009100000374019146,391
"EarlyUpdate.ScriptRunDelayedStartupFrame",391,0.8923999959952198,0.18079999997280538,0.0054000001400709152,391
"updateScene.Invoke",391,0.32009999483125284,0.1804999985251925,0.001500000013038516,391
"UpdatePreloading",391,1.9920999909518287,0.17880000767763704,0.17599999904632568,391
"UnityEngine.TilemapModule.dll!UnityEngine.Tilemaps::Tilemap.GetITilemapProxy() [Invoke]",1670,0.17829999673995189,0.17829999673995189,0.00139999995008111,391
"Assembly-CSharp.dll!TimelessEchoes.Tasks::FarmingTask.OnEnable() [Invoke]",61,0.43099999579135329,0.17769999647134682,0.0139999995008111,391
"PostLateUpdate.TriggerEndOfFrameCallbacks",391,0.17659999687748495,0.17659999687748495,0.00079999997979030013,391
"PreUpdate.Physics2DUpdate",391,0.17659999613533728,0.17659999613533728,0.0017000000225380063,391
"AstarPathfindingProject.dll!Pathfinding.RVO::RVOController.OnEnable() [Invoke]",18,0.1783999977633357,0.17609999782143859,0.021299999207258224,391
"FixedUpdate.LegacyFixedAnimationUpdate",757,0.17469999586319318,0.17469999586319318,0.00079999997979030013,391
"PreLateUpdate.ScriptRunBehaviourLateUpdate",391,90.638699874281883,0.17459996044635773,1.0643999576568604,391
"EndGraphicsJobs",1173,1.5104999906543526,0.17339999466639711,0.13259999454021454,391
"FixedUpdate.ScriptRunBehaviourFixedUpdate",757,2.0301999850344146,0.16909999937342945,0.17249999940395355,391
"Assembly-CSharp.dll!TimelessEchoes.Enemies::Enemy.OnEnable() [Invoke]",18,0.265299997292459,0.16839999800140504,0.028100000694394112,391
"CanvasRenderer.SyncTransform",1025,0.16779999552090885,0.16779999552090885,0.000699999975040555,391
"UIEvents.WillRenderCanvases",391,391.21469837427139,0.164598748087883,58.224300384521484,391
"PostLateUpdate.InputEndFrame",391,0.16159999679075554,0.16159999679075554,0.00079999997979030013,391
"TMP Handle Vertical Line Breaking",2239,0.16079999914654763,0.16079999914654763,0.0037000000011175871,391
"EarlyUpdate.ClearIntermediateRenderers",391,0.16069999743922381,0.16069999743922381,0.00089999998454004526,391
"FinalizeUpdateRendererBoundingVolumes",782,9.29399993646075,0.16039999257191084,0.29559999704360962,391
"Physics.CalculateChangedColliderTransforms",1545,0.399899991316488,0.16009999858215451,0.0038000000640749931,391
"PostLateUpdate.GUIClearEvents",391,0.15909999604627956,0.15909999604627956,0.0068000000901520252,391
"Assembly-CSharp.dll!TimelessEchoes.Upgrades::RunResourceTrackerUI.Update() [Invoke]",391,0.15809999601333402,0.15809999601333402,0.00079999997979030013,391
"UnityEngine.UI.dll!UnityEngine.EventSystems::UIBehaviour.OnCanvasHierarchyChanged() [Invoke]",858,0.15499999711028067,0.15499999711028067,0.0038000000640749931,391
"PreLateUpdate.DirectorDeferredEvaluate",391,0.15469999649212696,0.15469999649212696,0.0052999998442828655,391
"Initialization.XREarlyUpdate",391,0.15419999687583186,0.15419999687583186,0.00089999998454004526,391
"Profiler.CollectGIStats",391,0.15349999617319554,0.15349999617319554,0.0020000000949949026,391
"PostLateUpdate.DirectorRenderImage",391,0.23549999640090391,0.15239999866025755,0.001500000013038516,391
"ActionScheduler",391,2.6212999895215034,0.15190000552684069,0.1023000031709671,391
"ParticleSystem.EndUpdateAll",1173,0.14919999636185821,0.14919999636185821,0.000699999975040555,391
"EarlyUpdate.UpdateTextureStreamingManager",391,0.19939999701455235,0.14909999834344489,0.00089999998454004526,391
"AstarPathfindingProject.dll!Pathfinding::AIDestinationSetter.OnEnable() [Invoke]",47,0.15239999815821648,0.1489999982441077,0.02239999920129776,391
"InputSystemPlayerLoopRunnerInitializationSystem",391,2.7425999757833779,0.14879997493699193,0.29679998755455017,391
"Animator.SetupControllerDataSet",33,0.14759999921079725,0.14759999921079725,0.012500000186264515,391
"UnityEngine.UI.dll!UnityEngine.EventSystems::BaseRaycaster.OnCanvasHierarchyChanged() [Invoke]",824,0.14689999803522369,0.14689999803522369,0.00079999997979030013,391
"ConstraintManager::Update",391,0.16139999624283519,0.14669999661418842,0.00279999990016222,391
"suspendPointHook.Invoke",391,0.14519999687036034,0.14519999687036034,0.0011999999405816197,391
"Assembly-CSharp.dll!TimelessEchoes.Tasks::BaseTask.OnDisable() [Invoke]",79,0.38919999933568761,0.14180000018677674,0.023800000548362732,391
"NavMeshManager",391,0.13969999524124432,0.13969999524124432,0.015899999067187309,391
"TextRendering.CollectGarbage",391,0.13959999630606035,0.13959999630606035,0.00079999997979030013,391
"Assembly-CSharp.dll!TimelessEchoes.UI::CollectionsWindowUI.SectionUpdateCoalesce() [Coroutine: MoveNext] [Invoke]",114,0.14140000019688159,0.13910000025498448,0.0026000000070780516,391
"Assembly-CSharp.dll!TimelessEchoes.Enemies::Enemy.OnDisable() [Invoke]",15,0.18799999915063381,0.13829999978770502,0.016499999910593033,391
"PreLateUpdate.LegacyAnimationUpdate",391,0.13549999686074443,0.13549999686074443,0.00079999997979030013,391
"FixedUpdate.PhysicsClothFixedUpdate",757,0.13539999612112297,0.13539999612112297,0.000699999975040555,391
"Unity.2D.Animation.Runtime.dll!UnityEngine.U2D.Animation::SpriteResolver.OnTransformParentChanged() [Invoke]",33,0.13409999897703528,0.13409999897703528,0.0076999999582767487,391
"TMP.UnregisterTextElementForGraphicRebuild",91,0.13189999863971025,0.13189999863971025,0.015399999916553497,391
"ScheduleCullingGroups",1173,0.13099999651603866,0.13099999651603866,0.00050000002374872565,391
"PreUpdate.WindUpdate",391,0.967100000125356,0.12990000110585243,0.18060000240802765,391
"Unity.TextMeshPro.dll!TMPro::TextMeshPro.OnBecameInvisible() [Invoke]",91,0.12949999864213169,0.12949999864213169,0.0038999998942017555,391
"RayTracingAccelerationStructureManager.Update",391,7.2374999845924322,0.12770004886260722,0.31189998984336853,391
"UnityEngine.CoreModule.dll!UnityEngine.Serialization::SerializationBackendManagedCommands.ObjectToSerializationBuffer() [Invoke]",90,0.12799999825801933,0.12739999827317661,0.0095999995246529579,391
"Initialization.DirectorSampleTime",391,1.199599992018193,0.12739999650511891,0.020199999213218689,391
"EarlyUpdate.UpdateMainGameViewRect",391,0.11869999676855514,0.11869999676855514,0.0013000000035390258,391
"TMP Handle Horizontal Line Breaking",484,0.11819999632280087,0.11819999632280087,0.0010000000474974513,391
"PostLateUpdate.SortingGroupsUpdate",391,0.15849999606871279,0.11799999709182885,0.0031999999191612005,391
"MeshRendererPrepareDispatchUpdate",337,0.11699999637494329,0.11699999637494329,0.000699999975040555,391
"ScheduleUpdateRendererBoundingVolumes",391,2.5734999806154519,0.11580000235699117,0.29649999737739563,391
"EarlyUpdate.PerformanceAnalyticsUpdate",391,0.11499999652733095,0.11499999652733095,0.00059999997029080987,391
"Terrain.UpdateSplatProperties",1173,0.11479999703442445,0.11479999703442445,0.00050000002374872565,391
"SoundManager.Update",391,0.11479999571747612,0.11479999571747612,0.0020000000949949026,391
"Profiler.FlushFileIOCounters",391,0.1142999964649789,0.1142999964649789,0.00059999997029080987,391
"Collect",6,0.11399999912828207,0.11399999912828207,0.035399999469518661,391
"PhysicsCore2D.PhysicsWorld.WriteTransformTweens",391,0.11389999567472842,0.11389999567472842,0.00059999997029080987,391
"Physics2D.CompileContactCallbacks",796,0.11249999669234967,0.11249999669234967,0.00059999997029080987,391
"SortingGroup.UpdateRenderer",1058,0.11089999754767632,0.11089999754767632,0.0038999998942017555,391
"EarlyUpdate.UpdateStreamingManager",391,0.11059999689314282,0.11059999689314282,0.000699999975040555,391
"FixedUpdate.DirectorFixedSampleTime",757,0.11029999667516677,0.11029999667516677,0.00059999997029080987,391
"WaitForLastPresentation",391,0.14519999608455691,0.10969999701774213,0.000699999975040555,391
"ClothScene.Update",391,0.10939999690162949,0.10939999690162949,0.00059999997029080987,391
"EarlyUpdate.PollPlayerConnection",391,10.093499944545329,0.1086000008508563,0.18719999492168427,391
"PreLateUpdate.ParticleSystemBeginUpdateAll",391,1.7137999930419028,0.10859999828971922,0.0078999996185302734,391
"Instantiate.Awake",8,0.36590000707656145,0.10730000830517383,0.069200001657009125,391
"Physics2D.SolveContinuous",757,0.25949999660224421,0.10700000043289037,0.00079999997979030013,391
"PostLateUpdate.PhysicsSkinnedClothFinishUpdate",391,0.16319999670668039,0.10649999823363032,0.0030000000260770321,391
"PostLateUpdate.XRPostLateUpdate",391,0.10519999726238893,0.10519999726238893,0.01269999984651804,391
"Texture.AwakeFromLoad",9,0.10379999942961149,0.10379999942961149,0.017500000074505806,391
"UnsafeUtility.Free",418,0.10249999703228241,0.10249999703228241,0.0011999999405816197,391
"Application.FlushRenderStats",391,0.10229999692819547,0.10229999692819547,0.000699999975040555,391
"PreLateUpdate.DirectorUpdateAnimationBegin",391,71.659499891102314,0.099200159311294556,0.56629997491836548,391
"EarlyUpdate.TilemapRendererEarlyUpdate",391,0.097399997088359669,0.097399997088359669,0.00079999997979030013,391
"CombineJobResults",2043,0.096799997525522485,0.096799997525522485,0.00039999998989515007,391
"Animator.WriteTransforms",779,0.096299997334426735,0.096299997334426735,0.0020000000949949026,391
"Allocating buffers",3,0.12030000239610672,0.0961000020179199,0.05090000107884407,391
"Animator.SetupAvatarDataSet",33,0.094999999972060323,0.094999999972060323,0.011300000362098217,391
"JobNodeGridLayout (Burst)",2,0.094599999487400055,0.094599999487400055,0.053500000387430191,391
"FrameEvents.XREndFrame",391,0.094099997324519791,0.094099997324519791,0.00059999997029080987,391
"Applying Graph Update",3,1.0849000215530396,0.093700029625324532,0.46160000562667847,391
"Unity.2D.Animation.Runtime.dll!UnityEngine.U2D.Animation::SpriteResolver.OnEnable() [Invoke]",18,0.092799999983981252,0.092799999983981252,0.012799999676644802,391
"Terrain.Trees.OnWillRender",1173,0.092599997435172554,0.092599997435172554,0.000699999975040555,391
"AstarPathfindingProject.dll!Pathfinding::AIDestinationSetter.OnDisable() [Invoke]",41,0.092599999334197491,0.091599999359459616,0.0057999999262392521,391
"EarlyUpdate.UpdateAsyncReadbackManager",391,0.091199997084913775,0.091199997084913775,0.00059999997029080987,391
"Light2D Pass",391,0.12639999549719505,0.090699996406328864,0.00059999997029080987,391
"AstarPathfindingProject.dll!Pathfinding.RVO::RVOController.OnDisable() [Invoke]",15,0.089799999725073576,0.089799999725073576,0.0068000000901520252,391
"PreUpdate.PhysicsCore2DUpdate",391,0.30299999180715531,0.089699988631764427,0.0023999998811632395,391
"Update.ScriptRunDelayedDynamicFrameRate",391,532.45039558503777,0.088297138921916485,60.369998931884766,391
"Physics2D.OverlapPoint",109,0.087499999252031557,0.087499999252031557,0.003499999875202775,391
"Physics2D.SolveContinuousTraversal",757,0.13509999701636843,0.087099998258054256,0.000699999975040555,391
"Update Lights",391,0.13049999692884739,0.087099998025223613,0.01549999974668026,391
"PostLateUpdate.DirectorLateUpdate",391,0.14929999675950967,0.086999998449755367,0.0010000000474974513,391
"PreLateUpdate.DirectorUpdateAnimationEnd",391,63.570199847221375,0.086300050839781761,0.75510001182556152,391
"EarlyUpdate.SpriteAtlasManagerUpdate",391,0.083299997742869891,0.083299997742869891,0.00059999997029080987,391
"PostLateUpdate.ParticleSystemEndUpdateAll",391,0.21029999788152054,0.081800000989460386,0.0026000000070780516,391
"Physics2D.OverlapCircle",30,0.080100000544916838,0.080100000544916838,0.0071999998763203621,391
"HierarchicalBBox",6,0.079599999822676182,0.079599999822676182,0.022099999710917473,391
"Setup Debug Properties",1173,0.0786999980409746,0.0786999980409746,0.001500000013038516,391
"Physics.CalculateChangedBodyTransforms",1545,0.14169999642035691,0.077999998087761924,0.003599999938160181,391
"TilemapRenderer.CalculateChunkCullingBounds",49,0.077599999902304262,0.077599999902304262,0.0040000001899898052,391
"PostLateUpdate.ScriptRunDelayedDynamicFrameRate",391,0.38179999281419441,0.077399992733262479,0.011400000192224979,391
"Unity.TextMeshPro.dll!TMPro::TextMeshProUGUI..ctor() [Invoke]",5,0.081400001421570778,0.076800001537776552,0.017400000244379044,391
"Physics.RunSimulationStage",757,0.73469999529334018,0.074200002811267041,0.0026000000070780516,391
"UnityEngine.TilemapModule.dll!UnityEngine.Tilemaps::Tilemap.GetSyncTileCallbackSettings() [Invoke]",474,0.073699998363736086,0.073699998363736086,0.0023999998811632395,391
"Loading.ReadObject",11,0.4510999945923686,0.073599992756498978,0.40459999442100525,391
"Profiler.CollectUICanvasStats",391,0.073399998153036,0.073399998153036,0.00050000002374872565,391
"PostLateUpdate.XRPreEndFrame",391,0.072599998180521652,0.072599998180521652,0.00059999997029080987,391
"FixedUpdate.ScriptRunDelayedFixedFrameRate",757,14.681699936045334,0.072100038640201092,0.27639999985694885,391
"EarlyUpdate.ResetFrameStatsAfterPresent",391,0.072099998142221011,0.072099998142221011,0.00050000002374872565,391
"Assembly-CSharp.dll!TimelessEchoes.Hero::HeroController.ResetNextFrameSecondary() [Coroutine: MoveNext] [Invoke]",157,0.07189999807451386,0.07189999807451386,0.0024999999441206455,391
"PreLateUpdate.EndGraphicsJobsAfterScriptUpdate",391,1.5470999944955111,0.071800003061071038,0.13279999792575836,391
"PhysicsCore2D.PhysicsWorld.Simulate.StepWorlds",757,0.071799998142523691,0.071799998142523691,0.00050000002374872565,391
"FixedUpdate.ClearLines",757,0.071399998203560244,0.071399998203560244,0.00059999997029080987,391
"ParticleSystem.WaitForPreviousRenderingToFinish",391,0.070999998351908289,0.070999998351908289,0.002199999988079071,391
"Initialization.SynchronizeState",391,0.0704999982190202,0.0704999982190202,0.00059999997029080987,391
"UIEvents.CanvasManagerEmitOffScreenGeometry",391,0.43389999883947894,0.0703000032226555,0.0031999999191612005,391
"PreUpdate.SendMouseEvents",391,0.1038999968659482,0.069999997547711246,0.004999999888241291,391
"FixedUpdate.XRFixedUpdate",757,0.069299998169299215,0.069299998169299215,0.00039999998989515007,391
"Image.AllocateImageData",10,0.068900000012945384,0.068900000012945384,0.021600000560283661,391
"JobHorizonAvoidancePhase2`1 (Burst)",71,0.066499999375082552,0.066499999375082552,0.0023000000510364771,391
"Unity.Collections.dll!::ExecuteJobFunction.Invoke() [Invoke]",3,0.30739999562501907,0.065899999812245369,0.13269999623298645,391
"FixedUpdate.DirectorFixedUpdatePostPhysics",757,0.09309999764082022,0.065599998335528653,0.00039999998989515007,391
"EditorConnection.RefreshObservablePlayerList",391,0.065099998253572267,0.065099998253572267,0.00050000002374872565,391
"PhysicsCore2D.TransformChanged",757,0.0919999975230894,0.063299998255388346,0.00059999997029080987,391
"PhysicsCore2D.DrawWorlds.WorldDrawEvent",391,0.062999998350278474,0.062999998350278474,0.00029999998514540493,391
"SkinnedMeshOncePerFrameUpdate",391,0.062399998125329148,0.062399998125329148,0.00059999997029080987,391
"PostLateUpdate.PhysicsSkinnedClothBeginUpdate",391,0.471499994804617,0.062399995687883347,0.0020000000949949026,391
"PostLateUpdate.BatchModeUpdate",391,0.060799998449510895,0.060799998449510895,0.001500000013038516,391
"Assembly-CSharp.dll!TimelessEchoes.Hero::EchoController.OnDisable() [Invoke]",7,0.063699999358505011,0.06049999943934381,0.011599999852478504,391
"Connections.Process",391,0.05939999846305,0.05939999846305,0.00050000002374872565,391
"EarlyUpdate.ProcessRemoteInput",391,1.4141999906860292,0.05919999536126852,0.0058999997563660145,391
"Loading.LoadFileHeaders",1,0.21240000426769257,0.058800011873245239,0.21240000426769257,391
"InvertArrows",216,0.058699998458905611,0.058699998458905611,0.000699999975040555,391
"Assembly-CSharp.dll!TimelessEchoes.Enemies::EnemyHealth.OnEnable() [Invoke]",18,0.061299999244511127,0.058499999315245077,0.00699999975040555,391
"UnityEngine.UI.dll!UnityEngine.EventSystems::UIBehaviour.OnBeforeTransformParentChanged() [Invoke]",456,0.057799998881819192,0.057799998881819192,0.0017000000225380063,391
"ClothManager.UploadSimulatedSkinData",391,0.056699998473050073,0.056699998473050073,0.000699999975040555,391
"Physics2D.JointBreakLimits",757,0.054199998492549639,0.054199998492549639,0.00039999998989515007,391
"UnityEngine.UI.dll!UnityEngine.UI::LayoutGroup.OnDisable() [Invoke]",7,0.053499999456107616,0.053499999456107616,0.0088999997824430466,391
"PreLateUpdate.AIUpdatePostScript",391,0.19179999880725518,0.052100003566010855,0.016200000420212746,391
"EarlyUpdate.DispatchEventQueueEvents",391,0.43739999469835311,0.051200003712438047,0.13030000030994415,391
"PostLateUpdate.EndGraphicsJobsAfterScriptLateUpdate",391,0.0755999978937325,0.0510999984035152,0.0023999998811632395,391
"RenderTarget.GrabPixels",27,0.050700000079814345,0.050700000079814345,0.002899999963119626,391
"TextureStreamingManager.Update",391,0.05029999867110746,0.05029999867110746,0.00039999998989515007,391
"EarlyUpdate.UpdatePreloading",391,2.2457999931648374,0.050200008554384112,0.17669999599456787,391
"Scan",3,37.308700561523438,0.0486002723700949,12.675700187683105,391
"Physics2D.FindMinimumContinuousContact",757,0.047999998758314177,0.047999998758314177,0.00039999998989515007,391
"ReadObjectFromSerializedFile",1,0.1363999992609024,0.04750000133208232,0.1363999992609024,391
"TMP Save Processing States",209,0.047399998795299325,0.047399998795299325,0.0017000000225380063,391
"UnityEngine.UI.dll!UnityEngine.UI::ContentSizeFitter.OnEnable() [Invoke]",10,0.04639999964274466,0.04639999964274466,0.00559999980032444,391
"Unity.2D.Tilemap.Extras.dll!UnityEngine.Tilemaps::AnimatedTile.GetTileData() [Invoke]",29,0.046300000023620669,0.046300000023620669,0.0030000000260770321,391
"Blit Color LUT",391,2.7339999857358634,0.046100002247840166,0.014600000344216824,391
"UnityEngine.TilemapModule.dll!UnityEngine.Tilemaps::TileBase.RefreshTile() [Invoke]",72,0.045799999636074062,0.045799999636074062,0.0019000000320374966,391
"Physics2D.ClearIslandFlags",757,0.045299998753762338,0.045299998753762338,0.00039999998989515007,391
"JobHorizonAvoidancePhase1`1 (Burst)",15,0.044899999687913805,0.044899999687913805,0.0043999999761581421,391
"Physics.WriteRigidbodyPoses",1545,0.044499998934043106,0.044499998934043106,0.0037000000011175871,391
"Physics.WriteColliderPoses",1545,0.042299999076931272,0.042299999076931272,0.0037000000011175871,391
"EarlyUpdate.GpuTimestamp",391,0.041799998914939351,0.041799998914939351,0.00059999997029080987,391
"CanvasUpdate.PostLayout",391,0.040699999197386205,0.040699999197386205,0.0010000000474974513,391
"SortingGroupManager.Update",391,0.040499998976883944,0.040499998976883944,0.00050000002374872565,391
"Destroy",3,0.046199998818337917,0.0397999987762887,0.022199999541044235,391
"Physics2D.ClearBodyForces",757,0.039599998941412196,0.039599998941412196,0.00039999998989515007,391
"UnityEngine.UI.dll!UnityEngine.EventSystems::UIBehaviour.OnTransformParentChanged() [Invoke]",245,0.038899999046407174,0.038899999046407174,0.001500000013038516,391
"Tilemap.FillGetTileDataCombine",384,0.038499999063787982,0.038499999063787982,0.000699999975040555,391
"UnityEngine.TilemapModule.dll!UnityEngine.Tilemaps::TileBase.GetTileAnimationDataRef() [Invoke]",29,0.038300000407616608,0.038300000407616608,0.0024999999441206455,391
"PreLateUpdate.PhysicsLateUpdate",391,0.037799999132403173,0.037799999132403173,0.0024999999441206455,391
"Assembly-CSharp.dll!TimelessEchoes.Hero::HeroController.ResetNextFrame() [Coroutine: System.Collections.IEnumerator.get_Current] [Invoke]",82,0.03759999995236285,0.03759999995236285,0.000699999975040555,391
"EarlyUpdate.Physics2DEarlyUpdate",391,0.036499999092484359,0.036499999092484359,0.00059999997029080987,391
"Assembly-CSharp.dll!TimelessEchoes.Tasks::WoodcuttingTask.OnEnable() [Invoke]",15,0.087099999189376831,0.035699999920325354,0.010300000198185444,391
"Multiply",391,0.035699999090866186,0.035699999090866186,0.00039999998989515007,391
"CullingGroupSendEvents",1173,0.034999999115825631,0.034999999115825631,0.00019999999494757503,391
"Physics2D.SolveDiscreteTraversal",757,0.034999999101273715,0.034999999101273715,0.00029999998514540493,391
"Assembly-CSharp.dll!TimelessEchoes.MapGeneration::SegmentedMapGenerator.GenerateSegmentAsync() [Coroutine: System.Collections.IEnumerator.get_Current] [Invoke]",57,0.034399999494780786,0.034399999494780786,0.0010999999940395355,391
"Monobehaviour.OnMouse_",391,0.033899999318236951,0.033899999318236951,0.0049000000581145287,391
"UnityEngine.UI.dll!UnityEngine.UI::LayoutGroup.OnEnable() [Invoke]",10,0.033799999393522739,0.033799999393522739,0.0049000000581145287,391
"UnityEngine.UI.dll!UnityEngine.UI::Image..ctor() [Invoke]",10,0.03599999938160181,0.0328999994599144,0.0065000001341104507,391
"EarlyUpdate.PlayerCleanupCachedData",391,0.754600000102073,0.032400000491179526,0.0032999999821186066,391
"UnityEngine.UI.dll!UnityEngine.UI::LayoutGroup.OnRectTransformDimensionsChange() [Invoke]",3,0.041600000113248825,0.032300000297254883,0.01510000042617321,391
"Assembly-CSharp.dll!TimelessEchoes::Projectile.OnDisable() [Invoke]",23,0.032299999569659121,0.032299999569659121,0.0023999998811632395,391
"PostLateUpdate.ResetInputAxis",391,0.0318999991795863,0.0318999991795863,0.000699999975040555,391
"Assembly-CSharp.dll!TimelessEchoes.UI::TownWindowManager.PollCloseAllWindowsCoroutine() [Coroutine: System.Collections.IEnumerator.get_Current] [Invoke]",196,0.030399999282963108,0.030399999282963108,0.00050000002374872565,391
"UnityEngine.UI.dll!UnityEngine.EventSystems::BaseRaycaster.OnTransformParentChanged() [Invoke]",211,0.029399999177257996,0.029399999177257996,0.0013000000035390258,391
"Assembly-CSharp.dll!TimelessEchoes.Enemies::EnemyHealth.OnDisable() [Invoke]",15,0.029500000295229256,0.028800000312912744,0.0023999998811632395,391
"Trace",6,0.031799999793292955,0.028399999922839925,0.013399999588727951,391
"TilemapRenderer.ClearChunks",7,0.027900000102818012,0.027900000102818012,0.0074000000022351742,391
"TextureStreamingManager.RemoveRenderer",524,0.027699999292963184,0.027699999292963184,0.00050000002374872565,391
"Send messages",391,0.027299999186652713,0.027299999186652713,0.00029999998514540493,391
"RenderLoop.Prepare",12,0.049999999813735485,0.027100000064820051,0.0060000000521540642,391
"CanvasRenderer.SyncClipRect",1025,0.026899999291345011,0.026899999291345011,0.00029999998514540493,391
"Assembly-CSharp.dll!TimelessEchoes::FloatingText.OnDisable() [Invoke]",91,0.026799999228387605,0.026799999228387605,0.00059999997029080987,391
"Assembly-CSharp.dll!TimelessEchoes::GameManager.MonitorRunStallRoutine() [Coroutine: MoveNext] [Invoke]",12,0.027200000477023423,0.026600000492180698,0.0040000001899898052,391
"Disposing",6,0.031799999997019768,0.025300000139395706,0.0076000001281499863,391
"Init",3,0.21689999848604202,0.025100000559177715,0.10589999705553055,391
"Assembly-CSharp.dll!TimelessEchoes::Projectile.OnEnable() [Invoke]",23,0.024699999717995524,0.024699999717995524,0.0017000000225380063,391
"Cleanup Unused Cached Data",391,0.72219999961089343,0.02380000171251595,0.0030000000260770321,391
"UnityEngine.UI.dll!UnityEngine.UI::VerticalLayoutGroup.DelayedSetDirty() [Coroutine: MoveNext] [Invoke]",6,0.023599999694852158,0.023599999694852158,0.010599999688565731,391
"CopyChannels",74,0.023299999491428025,0.023299999491428025,0.0010000000474974513,391
"PreUpdate.CheckTexFieldInput",391,0.023099999416444916,0.023099999416444916,0.00019999999494757503,391
"Physics2D.Collider2D.TransformParentChanged",78,0.022899999283254147,0.022899999283254147,0.000699999975040555,391
"Assembly-CSharp.dll!TimelessEchoes.Upgrades::CauldronManager.TasteTickCoroutine() [Coroutine: System.Collections.IEnumerator.get_Current] [Invoke]",112,0.022299999371170998,0.022299999371170998,0.00050000002374872565,391
"Physics2D.SynchronizeFixtures",757,0.020499999460298568,0.020499999460298568,0.00029999998514540493,391
"Physics2D.RestoreBodyMoveStates",757,0.020399999484652653,0.020399999484652653,0.00019999999494757503,391
"Physics2D.FlagContactsForRecreation",378,0.020299999479902908,0.020299999479902908,0.00039999998989515007,391
"RenderLoop.Sort",12,0.034199999645352364,0.019899999955669045,0.0038999998942017555,391
"Instantiate",8,2.1987000070512295,0.019499985035508871,0.51660001277923584,391
"Physics2D.EffectorFixedUpdate",757,0.019399999509914778,0.019399999509914778,0.00019999999494757503,391
"Physics2D.StoreBodyMoveStates",757,0.019299999512440991,0.019299999512440991,9.9999997473787516E-05,391
"Assembly-CSharp.dll!TimelessEchoes.Hero::HeroCombatController.Roll() [Coroutine: System.Collections.IEnumerator.get_Current] [Invoke]",108,0.017499999768915586,0.017499999768915586,0.00050000002374872565,391
"UnityEngine.UI.dll!UnityEngine.UI::ContentSizeFitter.OnRectTransformDimensionsChange() [Invoke]",3,0.017499999608844519,0.017499999608844519,0.0058999997563660145,391
"Physics2D.ClearContinuousIslandFlags",757,0.017399999560439028,0.017399999560439028,0.00019999999494757503,391
"Physics2D.TriggerContactsFinalUpdate",757,0.01729999956296524,0.01729999956296524,9.9999997473787516E-05,391
"UnityEngine.CoreModule.dll!::ExecuteJobFunction.Invoke() [Invoke]",3,8.0957000255584717,0.016900062561035156,2.7400999069213867,391
"UnityEngine.UI.dll!UnityEngine.UI::ContentSizeFitter.OnDisable() [Invoke]",7,0.016399999614804983,0.016399999614804983,0.0024999999441206455,391
"Assembly-CSharp.dll!TimelessEchoes.Tasks::ContinuousTask.OnEnable() [Invoke]",5,0.016599999973550439,0.016199999983655289,0.0041000000201165676,391
"CalculateObstacles",6,0.16189999599009752,0.016099997068522498,0.049399998039007187,391
"Refresh Off-mesh links",3,0.015799999702721834,0.015799999702721834,0.0054999999701976776,391
"Assembly-CSharp.dll!TimelessEchoes::GameManager.RunButtonsUICoroutine() [Coroutine: System.Collections.IEnumerator.get_Current] [Invoke]",112,0.01579999959358247,0.01579999959358247,0.00039999998989515007,391
"Connections.Poll",391,0.01529999961348949,0.01529999961348949,0.00019999999494757503,391
"ConstraintManager::Update::JobSetup",391,0.014699999628646765,0.014699999628646765,0.00019999999494757503,391
"PostLateUpdate.UpdateCaptureScreenshot",391,0.014699999592266977,0.014699999592266977,0.00279999990016222,391
"Physics2D.BoxColliderPrepareShapes",4,0.013399999821558595,0.013399999821558595,0.003599999938160181,391
"Assembly-CSharp.dll!TimelessEchoes.Tasks::FarmingTask..ctor() [Invoke]",5,0.012799999909475446,0.012699999912001658,0.0030000000260770321,391
"Assembly-CSharp.dll!TimelessEchoes::AnimatorStartOffset.OnEnable() [Invoke]",5,0.012199999997392297,0.012199999997392297,0.0031999999191612005,391
"Animator.Rebind",33,0.81979999877512455,0.0099000073969364166,0.064800001680850983,391
"Assembly-CSharp.dll!TimelessEchoes.Hero::HeroController.HudDistanceCoroutine() [Coroutine: System.Collections.IEnumerator.get_Current] [Invoke]",63,0.009599999750207644,0.009599999750207644,0.00029999998514540493,391
"HierarchicalGraph:JobRecalculateComponents",3,8.1052999496459961,0.0095999240875244141,2.7423000335693359,391
"Assembly-CSharp.dll!Blindsided.Utilities.Pooling::PooledObject..ctor() [Invoke]",8,0.00850000005448237,0.00850000005448237,0.0017000000225380063,391
"IntegrateAllThreadedObjects",1,0.022299999371170998,0.0080999993369914591,0.022299999371170998,391
"Assembly-CSharp.dll!TimelessEchoes.Hero::HeroController.ResetNextFrameSecondary() [Coroutine: System.Collections.IEnumerator.get_Current] [Invoke]",82,0.0079999997979030013,0.0079999997979030013,0.00039999998989515007,391
"Assembly-CSharp.dll!Blindsided.Utilities::SlicedFilledImage..ctor() [Invoke]",5,0.0094000002136453986,0.0077000002565910108,0.002199999988079071,391
"UnityEngine.UI.dll!UnityEngine.UI::LayoutGroup.OnTransformChildrenChanged() [Invoke]",9,0.0076999998273095116,0.0076999998273095116,0.00139999995008111,391
"UnityEngine.UI.dll!UnityEngine.EventSystems::UIBehaviour.Start() [Invoke]",24,0.0070999998497427441,0.0070999998497427441,0.00079999997979030013,391
"PlayableGraph.HasCycle",33,0.0070999998060869984,0.0070999998060869984,0.00059999997029080987,391
"Assembly-CSharp.dll!TimelessEchoes.Tasks::OpenChestTask.OnEnable() [Invoke]",2,0.018100000452250242,0.0070000006817281246,0.011900000274181366,391
"Profiler.SessionMetadata",28,0.0065999998769257218,0.0065999998769257218,0.00059999997029080987,391
"JobWriteNodeData",3,0.3749999925494194,0.00599999725818634,0.17739999294281006,391
"UnityEngine.TilemapModule.dll!UnityEngine.Tilemaps::Tile.GetTileData() [Invoke]",4,0.0058999999891966581,0.0058999999891966581,0.0019000000320374966,391
"UnityEngine.UI.dll!UnityEngine.UI::GraphicRaycaster..ctor() [Invoke]",5,0.0061999999452382326,0.00589999995281687,0.001500000013038516,391
"Assembly-CSharp.dll!TimelessEchoes.MapGeneration::SegmentedMapGenerator.ShiftSegments() [Coroutine: System.Collections.IEnumerator.get_Current] [Invoke]",9,0.0057999998243758455,0.0057999998243758455,0.0010999999940395355,391
"Loading.ReadObjectThreaded",1,0.14249999821186066,0.005399998975917697,0.14249999821186066,391
"UnityEngine.UI.dll!UnityEngine.EventSystems::UIBehaviour.Awake() [Invoke]",22,0.0049999999246210791,0.0049999999246210791,0.00050000002374872565,391
"Scripting.GetRequiredComponents",8,0.00499999983003363,0.00499999983003363,0.00079999997979030013,391
"Assembly-CSharp.dll!TimelessEchoes.UI::CollectionsWindowUI.SectionUpdateCoalesce() [Coroutine: System.Collections.IEnumerator.get_Current] [Invoke]",57,0.0043999998888466507,0.0043999998888466507,9.9999997473787516E-05,391
"Assembly-CSharp.dll!TimelessEchoes.MapGeneration::SegmentedMapGenerator.CreateSegment() [Coroutine: System.Collections.IEnumerator.get_Current] [Invoke]",6,0.0037999999185558408,0.0037999999185558408,0.00079999997979030013,391
"UnityEngine.UI.dll!UnityEngine.UI::CanvasScaler..ctor() [Invoke]",5,0.0037999998894520104,0.0037999998894520104,0.00089999998454004526,391
"JobCopy`1 (Burst)",2,0.0037000000011175871,0.0037000000011175871,0.002199999988079071,391
"NavmeshEdges:JobResizeObstacles (Burst)",3,0.003599999938160181,0.003599999938160181,0.00139999995008111,391
"NavmeshEdges:JobCalculateObstacles",3,0.375900000333786,0.0034000054001808167,0.19979999959468842,391
"Allocate",5,0.00339999987045303,0.00339999987045303,0.0011999999405816197,391
"UnityEditor.CoreModule.dll!UnityEditor::Selection.Internal_NonSelectedObjectWasDestroyed() [Invoke]",3,0.00330000003305031,0.00330000003305031,0.0019000000320374966,391
"Scripting.GetParentTypeDisallowingMultipleInclusion",8,0.0032000000355765224,0.0032000000355765224,0.00050000002374872565,391
"UnityEngine.UI.dll!UnityEngine.EventSystems::UIBehaviour.OnRectTransformDimensionsChange() [Invoke]",10,0.003199999948265031,0.003199999948265031,0.00059999997029080987,391
"JobRVOCalculateNeighbours`1 (Burst)",1,0.0031999999191612005,0.0031999999191612005,0.0031999999191612005,391
"UnityEngine.UI.dll!UnityEngine.UI::Image.OnBeforeSerialize() [Invoke]",10,0.0030999999653431587,0.0030999999653431587,0.00059999997029080987,391
"UnityEngine.UI.dll!UnityEngine.UI::Image.OnAfterDeserialize() [Invoke]",10,0.0030999999435152858,0.0030999999435152858,0.000699999975040555,391
"Assembly-CSharp.dll!Blindsided.Utilities::SlicedFilledImage.UnityEngine.ISerializationCallbackReceiver.OnAfterDeserialize() [Invoke]",5,0.0029999999678693712,0.0029999999678693712,0.000699999975040555,391
"PrepareSceneNodesCombineJob",2,0.0029999998514540493,0.0029999998514540493,0.0023999998811632395,391
"Recalculate Connected Components",3,8.0787999629974365,0.0027000010013580322,2.7346999645233154,391
"Assembly-CSharp.dll!Blindsided.Utilities::SlicedFilledImage.UnityEngine.ISerializationCallbackReceiver.OnBeforeSerialize() [Invoke]",5,0.0025000001187436283,0.0025000001187436283,0.00050000002374872565,391
"Assembly-CSharp.dll!TimelessEchoes.UI::CollectionsWindowUI.UnlockMonitorLoop() [Coroutine: System.Collections.IEnumerator.get_Current] [Invoke]",20,0.0024999999368446879,0.0024999999368446879,0.00019999999494757503,391
"Assembly-CSharp.dll!TimelessEchoes::GameManager.MonitorRunStallRoutine() [Coroutine: System.Collections.IEnumerator.get_Current] [Invoke]",12,0.0022999999710009433,0.0022999999710009433,0.00050000002374872565,391
"Assembly-CSharp.dll!Blindsided::Oracle.AutosaveRoutine() [Coroutine: MoveNext] [Invoke]",1,0.0017999999690800905,0.0017999999690800905,0.0017999999690800905,391
"DirtyBounds",3,0.0015999999886844307,0.0015999999886844307,0.000699999975040555,391
"Assembly-CSharp.dll!TimelessEchoes.Hero::HeroCombatController.RollForCombat() [Coroutine: System.Collections.IEnumerator.get_Current] [Invoke]",18,0.0014999999548308551,0.0014999999548308551,0.00029999998514540493,391
"RenderTarget.SetActive",38,0.0013999999646330252,0.0013999999646330252,9.9999997473787516E-05,391
"TextureStreamingManager.RemoveTexture",18,0.00069999998231651261,0.00069999998231651261,9.9999997473787516E-05,391
"Loading.IsObjectAvailable",5,0.00069999998231651261,0.00069999998231651261,0.00039999998989515007,391
"UnityEngine.UI.dll!UnityEngine.UI::VerticalLayoutGroup.DelayedSetDirty() [Coroutine: System.Collections.IEnumerator.get_Current] [Invoke]",3,0.000699999975040555,0.000699999975040555,0.00029999998514540493,391
"Loading.AwakeFromLoad",1,0.013700000010430813,0.00069999974220991135,0.013700000010430813,391
"webRequestStop.Invoke",1,0.00059999997029080987,0.00059999997029080987,0.00059999997029080987,391
"Loading.CheckConsistency [Editor Only]",1,0.00050000002374872565,0.00050000002374872565,0.00050000002374872565,391
"SceneNodesInitJob",3,0.00049999998736893758,0.00049999998736893758,0.00019999999494757503,391
"Assembly-CSharp.dll!Blindsided::Oracle.AutosaveRoutine() [Coroutine: System.Collections.IEnumerator.get_Current] [Invoke]",1,0.00029999998514540493,0.00029999998514540493,0.00029999998514540493,391
"AwakeFromLoad Threaded",1,0.000699999975040555,0.00029999998514540493,0.000699999975040555,391
"Loading.LoadRemainingPreallocatedObjects",1,0.00029999998514540493,0.00029999998514540493,0.00029999998514540493,391
"WaitForCompleted",18843,0,0,0,391
"Physics Used Memory",773,0,0,0,391
"Active Dynamic Bodies",773,0,0,0,391
"Active Kinematic Bodies",773,0,0,0,391
"Static Colliders",773,0,0,0,391
"Dynamic Bodies",1164,0,0,0,391
"Articulation Bodies",773,0,0,0,391
"Active Constraints",773,0,0,0,391
"Overlaps",773,0,0,0,391
"Trigger Overlaps",1155,0,0,0,391
"Discreet Overlaps",773,0,0,0,391
"Continuous Overlaps",773,0,0,0,391
"Modified Overlaps",773,0,0,0,391
"Colliders Synced",773,0,0,0,391
"Rigidbodies Synced",773,0,0,0,391
"Physics Queries",773,0,0,0,391
"Broadphase Adds/Removes",773,0,0,0,391
"Broadphase Adds",773,0,0,0,391
"Broadphase Removes",773,0,0,0,391
"Narrowphase Touches",773,0,0,0,391
"Narrowphase New Touches",773,0,0,0,391
"Narrowphase Lost Touches",773,0,0,0,391
"ScheduleJob",36329,0,0,0,391
"BeginJob",16572,0,0,0,391
"EndJob",16572,0,0,0,391
"Object.Unregister",3,0,0,0,391
"GfxResource.Unregister",3,0,0,0,391
"ScheduleAllocJob",4348,0,0,0,391
"KickJobs",9850,0,0,0,391
"GfxResource.Register",5284,0,0,0,391
"Object.Register",216,0,0,0,391
"Object.SetName",4966,0,0,0,391
"Tilemaps rendered",391,0,0,0,391
"Tilemap Chunks rendered",391,0,0,0,391
"Tilemap Meshes rendered",391,0,0,0,391
"Sprites rendered",391,0,0,0,391
"SpriteAtlases rendered",391,0,0,0,391
"Global Illumination Support",391,0,0,0,391
"File Seeks",391,0,0,0,391
"Files Opened",391,0,0,0,391
"Files Closed",391,0,0,0,391
"File Bytes Written",391,0,0,0,391
"File Bytes Read",391,0,0,0,391
"File Reads Started",391,0,0,0,391
"File Reads Finished",391,0,0,0,391
"Other Reads",391,0,0,0,391
"Texture Reads",391,0,0,0,391
"Virtual Texture Reads",391,0,0,0,391
"Mesh Reads",391,0,0,0,391
"Audio Reads",391,0,0,0,391
"Scripting Reads",391,0,0,0,391
"Entities Reads",391,0,0,0,391
"Batches Count",391,0,0,0,391
"Draw Calls Count",391,0,0,0,391
"Vertices Count",391,0,0,0,391
"Indices Count",391,0,0,0,391
"Hierarchy Version Changes",391,0,0,0,391
"Repaint Version Changes",391,0,0,0,391
"VisualElement Count",391,0,0,0,391
"Event Count",391,0,0,0,391
"Pick All",391,0,0,0,391
"Runtime Bindings",391,0,0,0,391
"Update Style",391,0,0,0,391
"Update Layout",391,0,0,0,391
"Update Animation",391,0,0,0,391
"Prepare Render",391,0,0,0,391
"Render Panels",391,0,0,0,391
"Required Tiles",391,0,0,0,391
"Atlases",391,0,0,0,391
"Total CPU Cache Size",391,0,0,0,391
"Total GPU Cache Size",391,0,0,0,391
"Missing Disk Data",391,0,0,0,391
"Read From Disk",391,0,0,0,391
"Max Cache Mip Bias",391,0,0,0,391
"Max Cache Demand",391,0,0,0,391
"Missing Streaming Tiles",391,0,0,0,391
"Total Bodies",391,0,0,0,391
"Awake Bodies",391,0,0,0,391
"Asleep Bodies",391,0,0,0,391
"Kinematic Bodies",391,0,0,0,391
"Static Bodies",391,0,0,0,391
"Discrete Bodies",391,0,0,0,391
"Continuous Bodies",391,0,0,0,391
"Total Shapes",391,0,0,0,391
"Awake Shapes",391,0,0,0,391
"Asleep Shapes",391,0,0,0,391
"Dynamic Shapes",391,0,0,0,391
"Kinematic Shapes",391,0,0,0,391
"Static Shapes",391,0,0,0,391
"Total Contacts",391,0,0,0,391
"Added Contacts",391,0,0,0,391
"Removed Contacts",391,0,0,0,391
"Broadphase Updates",391,0,0,0,391
"Broadphase Pairs",391,0,0,0,391
"Total Callbacks",391,0,0,0,391
"Collision Enter",391,0,0,0,391
"Collision Stay",391,0,0,0,391
"Collision Exit",391,0,0,0,391
"Trigger Enter",391,0,0,0,391
"Trigger Stay",391,0,0,0,391
"Trigger Exit",391,0,0,0,391
"Total Queries",391,0,0,0,391
"Raycast Queries",391,0,0,0,391
"Shapecast Queries",391,0,0,0,391
"Overlap Queries",391,0,0,0,391
"IsTouching Queries",391,0,0,0,391
"GetContacts Queries",391,0,0,0,391
"Particle Queries",391,0,0,0,391
"Total Transform Sync Calls",391,0,0,0,391
"Transform Sync Bodies",391,0,0,0,391
"Transform Sync Colliders",391,0,0,0,391
"Transform Parent Sync Bodies",391,0,0,0,391
"Transform Parent Sync Colliders",391,0,0,0,391
"Solver World Count",391,0,0,0,391
"Solver Simulation Count",391,0,0,0,391
"Solver Discrete Islands",391,0,0,0,391
"Solver Continuous Islands",391,0,0,0,391
"Total Joints",391,0,0,0,391
"Physics Used Memory (2D)",391,0,0,0,391
"CPU Total Frame Time",391,0,0,0,391
"CPU Main Thread Frame Time",391,0,0,0,391
"CPU Render Thread Frame Time",391,0,0,0,391
"GPU Frame Time",391,0,0,0,391
"Catalogs",391,0,0,0,391
"Asset Bundles",391,0,0,0,391
"Assets",391,0,0,0,391
"Scenes",391,0,0,0,391
"Normal Textures",391,0,0,0,391
"Light Textures",391,0,0,0,391
"Shadow Textures",391,0,0,0,391
"Shadow Casters Draw Calls",391,0,0,0,391
"Shadow Triangles",391,0,0,0,391
"Light Batches",391,0,0,0,391
"Light Triangles",391,0,0,0,391
"SpriteSkin Processed (CPU)",391,0,0,0,391
"Vertices Processed (CPU)",391,0,0,0,391
"SpriteSkin Processed (GPU)",391,0,0,0,391
"Vertices Processed (GPU)",391,0,0,0,391
"Bones Transformed",391,0,0,0,391
"Reads in Flight",391,0,0,0,391
"File Handles Open",391,0,0,0,391
"System Used Memory",391,0,0,0,391
"System Total Used Memory",391,0,0,0,391
"App Resident Memory",391,0,0,0,391
"App Committed Memory",391,0,0,0,391
"Total Used Memory",391,0,0,0,391
"Total Reserved Memory",391,0,0,0,391
"GC Used Memory",391,0,0,0,391
"GC Reserved Memory",391,0,0,0,391
"Profiler Used Memory",391,0,0,0,391
"Profiler Reserved Memory",391,0,0,0,391
"Audio Used Memory",391,0,0,0,391
"Audio Reserved Memory",391,0,0,0,391
"Video Used Memory",391,0,0,0,391
"Video Reserved Memory",391,0,0,0,391
"Render Textures Count",391,0,0,0,391
"Render Textures Bytes",391,0,0,0,391
"Asset Count",391,0,0,0,391
"Scene Object Count",391,0,0,0,391
"Game Object Count",391,0,0,0,391
"GC Allocation In Frame Count",391,0,0,0,391
"GC Allocated In Frame",391,0,0,0,391
"Gfx Used Memory",391,0,0,0,391
"Gfx Reserved Memory",391,0,0,0,391
"Texture Memory",391,0,0,0,391
"Texture Count",391,0,0,0,391
"Mesh Memory",391,0,0,0,391
"Mesh Count",391,0,0,0,391
"Material Memory",391,0,0,0,391
"Material Count",391,0,0,0,391
"AnimationClip Memory",391,0,0,0,391
"AnimationClip Count",391,0,0,0,391
"AudioClip Memory",391,0,0,0,391
"AudioClip Count",391,0,0,0,391
"Object Count",391,0,0,0,391
"Sprite Count",391,0,0,0,391
"SpriteAtlas Count",391,0,0,0,391
"Component.SetGameObject",8840,0,0,0,391
